{
  "type": "FeatureCollection",
  "features": [
    {
      "type": "Feature",
      "geometry": {
        "type": "Polygon",
        "coordinates": [
          [
            [
              768.4765930175781,
              112.51162719726483
            ],
            [
              770.9766476648998,
              112.2808153302708
            ],
            [
              773.4420270567819,
              111.80842129910184
            ],
            [
              775.8489882419677,
              111.09899451651029
            ],
            [
              778.1743508684642,
              110.15936715022997
            ],
            [
              780.395720423007,
              108.99858832544692
            ],
            [
              782.4917039024605,
              107.62783697679106
            ],
            [
              784.4421158401371,
              106.06031418908572
            ],
            [
              786.2281727028735,
              104.31111606366062
            ],
            [
              787.8326737867226,
              102.39708833467614
            ],
            [
              789.2401668691382,
              100.33666413547792
            ],
            [
              790.4370970223227,
              98.1496864774499
            ],
            [
              791.4119371545921,
              95.85721715095474
            ],
            [
              792.155299022571,
              93.48133388880535
            ],
            [
              792.6600236451073,
              91.04491774560154
            ],
            [
              792.9212502481762,
              88.57143274068494
            ],
            [
              792.936463076789,
              86.08469988679417
            ],
            [
              792.705515623089,
              83.60866778070113
            ],
            [
              792.2306320373057,
              81.16718196513023
            ],
            [
              791.5163857079667,
              78.78375528312347
            ],
            [
              790.569655217671,
              76.48134143655477
            ],
            [
              789.3995580985749,
              74.28211392938613
            ],
            [
              788.0173630255763,
              72.20725252473903
            ],
            [
              786.4363812928125,
              70.27673927217063
            ],
            [
              784.6718386186225,
              68.50916606962517
            ],
            [
              782.7407285135555,
              66.92155561330208
            ],
            [
              780.6616486235762,
              65.52919745977181
            ],
            [
              778.4546216245654,
              64.34550077918959
            ],
            [
              776.1409023930071,
              63.38186521767091
            ],
            [
              773.7427733099098,
              62.64757111244319
            ],
            [
              771.2833296692928,
              62.149690117145724
            ],
            [
              768.7862572578853,
              61.893017097934944
            ],
            [
              766.275604248047,
              61.880023956299624
            ],
            [
              763.7755496007253,
              62.110835823293655
            ],
            [
              761.3101702088429,
              62.583229854466026
            ],
            [
              758.9032090236576,
              63.2926566370578
            ],
            [
              756.5778463971607,
              64.23228400333812
            ],
            [
              754.3564768426181,
              65.39306282811742
            ],
            [
              752.2604933631642,
              66.76381417677328
            ],
            [
              750.3100814254876,
              68.33133696448226
            ],
            [
              748.5240245627517,
              70.08053508990736
            ],
            [
              746.9195234789026,
              71.99456281889184
            ],
            [
              745.5120303964868,
              74.05498701808642
            ],
            [
              744.3151002433024,
              76.24196467611443
            ],
            [
              743.3402601110325,
              78.5344340026096
            ],
            [
              742.5968982430537,
              80.9103172647591
            ],
            [
              742.0921736205175,
              83.34673340796655
            ],
            [
              741.8309470174485,
              85.82021841287951
            ],
            [
              741.8157341888361,
              88.30695126677017
            ],
            [
              742.0466816425355,
              90.78298337286333
            ],
            [
              742.5215652283191,
              93.22446918843787
            ],
            [
              743.2358115576578,
              95.60789587044098
            ],
            [
              744.1825420479537,
              97.91030971700957
            ],
            [
              745.3526391670503,
              100.10953722417821
            ],
            [
              746.7348342400488,
              102.1843986288253
            ],
            [
              748.3158159728127,
              104.11491188139735
            ],
            [
              750.0803586470028,
              105.88248508394281
            ],
            [
              752.0114687520693,
              107.4700955402659
            ],
            [
              754.0905486420484,
              108.86245369379253
            ],
            [
              756.2975756410597,
              110.04615037437475
            ],
            [
              758.6112948726177,
              111.00978593589718
            ],
            [
              761.0094239557155,
              111.7440800411249
            ],
            [
              763.468867596332,
              112.24196103642214
            ],
            [
              765.9659400077398,
              112.49863405562951
            ],
            [
              768.4765930175781,
              112.51162719726483
            ]
          ]
        ]
      },
      "properties": {
        "name": "region",
        "roi_type": "PolygonOfInterest"
      }
    },
    {
      "type": "Feature",
      "geometry": {
        "type": "Polygon",
        "coordinates": [
          [
            [
              959.8576354980469,
              92.48336791992097
            ],
            [
              962.3576901453686,
              92.25255605292705
            ],
            [
              964.8230695372507,
              91.78016202175445
            ],
            [
              967.2300307224363,
              91.0707352391629
            ],
            [
              969.555393348933,
              90.13110787288247
            ],
            [
              971.7767629034757,
              88.97032904810317
            ],
            [
              973.8727463829294,
              87.59957769944731
            ],
            [
              975.823158320606,
              86.03205491173833
            ],
            [
              977.609215183342,
              84.28285678631323
            ],
            [
              979.2137162671914,
              82.36882905732875
            ],
            [
              980.6212093496069,
              80.30840485813405
            ],
            [
              981.8181395027914,
              78.12142720010615
            ],
            [
              982.7929796350611,
              75.82895787361099
            ],
            [
              983.5363415030399,
              73.4530746114616
            ],
            [
              984.0410661255761,
              71.01665846825415
            ],
            [
              984.302292728645,
              68.54317346334119
            ],
            [
              984.3175055572576,
              66.05644060945042
            ],
            [
              984.086558103558,
              63.580408503357376
            ],
            [
              983.6116745177744,
              61.13892268778284
            ],
            [
              982.8974281884357,
              58.75549600577972
            ],
            [
              981.9506976981398,
              56.45308215921102
            ],
            [
              980.7806005790436,
              54.25385465204238
            ],
            [
              979.398405506045,
              52.17899324739517
            ],
            [
              977.8174237732812,
              50.24847999482324
            ],
            [
              976.0528810990911,
              48.48090679227778
            ],
            [
              974.1217709940242,
              46.89329633595469
            ],
            [
              972.0426911040452,
              45.50093818242806
            ],
            [
              969.8356641050342,
              44.31724150184584
            ],
            [
              967.521944873476,
              43.35360594032352
            ],
            [
              965.1238157903783,
              42.6193118350958
            ],
            [
              962.6643721497616,
              42.121430839798336
            ],
            [
              960.167299738354,
              41.864757820591194
            ],
            [
              957.6566467285156,
              41.851764678955874
            ],
            [
              955.156592081194,
              42.082576545949905
            ],
            [
              952.6912126893117,
              42.55497057711864
            ],
            [
              950.2842515041261,
              43.264397359710415
            ],
            [
              947.9588888776292,
              44.204024725990735
            ],
            [
              945.7375193230868,
              45.36480355077356
            ],
            [
              943.6415358436332,
              46.73555489942942
            ],
            [
              941.6911239059564,
              48.30307768713487
            ],
            [
              939.9050670432202,
              50.05227581255997
            ],
            [
              938.3005659593712,
              51.96630354154445
            ],
            [
              936.8930728769556,
              54.02672774074267
            ],
            [
              935.6961427237711,
              56.213705398770685
            ],
            [
              934.7213025915014,
              58.50617472526585
            ],
            [
              933.9779407235227,
              60.88205798741535
            ],
            [
              933.4732161009863,
              63.31847413061905
            ],
            [
              933.2119894979174,
              65.79195913553565
            ],
            [
              933.1967766693049,
              68.27869198942642
            ],
            [
              933.4277241230045,
              70.75472409551946
            ],
            [
              933.902607708788,
              73.19620991109036
            ],
            [
              934.6168540381268,
              75.57963659309723
            ],
            [
              935.5635845284227,
              77.88205043966582
            ],
            [
              936.733681647519,
              80.08127794683446
            ],
            [
              938.1158767205175,
              82.15613935148156
            ],
            [
              939.6968584532814,
              84.08665260404996
            ],
            [
              941.4614011274713,
              85.85422580659542
            ],
            [
              943.3925112325381,
              87.44183626291851
            ],
            [
              945.4715911225173,
              88.83419441644867
            ],
            [
              947.6786181215283,
              90.01789109703088
            ],
            [
              949.9923373530862,
              90.98152665854968
            ],
            [
              952.390466436184,
              91.71582076377751
            ],
            [
              954.8499100768007,
              92.21370175907475
            ],
            [
              957.3469824882085,
              92.47037477828576
            ],
            [
              959.8576354980469,
              92.48336791992097
            ]
          ]
        ]
      },
      "properties": {
        "name": "region_1",
        "roi_type": "PolygonOfInterest"
      }
    },
    {
      "type": "Feature",
      "geometry": {
        "type": "Polygon",
        "coordinates": [
          [
            [
              1140.1110839843736,
              141.44132995605582
            ],
            [
              1142.6111209942803,
              141.21052188717954
            ],
            [
              1145.0764832125067,
              140.73813170939002
            ],
            [
              1147.483427853187,
              140.02870879833563
            ],
            [
              1149.8087747236616,
              139.08908528446136
            ],
            [
              1152.0301294624041,
              137.9283102558602
            ],
            [
              1154.1260992089647,
              136.55756261058946
            ],
            [
              1156.0764986289103,
              134.9900433978189
            ],
            [
              1157.8625443096294,
              133.24084868444174
            ],
            [
              1159.4670356548654,
              131.3268241717708
            ],
            [
              1160.8745205358587,
              129.26640296215896
            ],
            [
              1162.0714441037971,
              127.07942803820856
            ],
            [
              1163.0462793304162,
              124.78696116395963
            ],
            [
              1163.7896380195828,
              122.41108004859007
            ],
            [
              1164.294361220761,
              119.97466572603844
            ],
            [
              1164.5555881736125,
              117.50118219810838
            ],
            [
              1164.5708031197812,
              115.01445046331833
            ],
            [
              1164.339859531017,
              112.5384191076555
            ],
            [
              1163.8649815203275,
              110.09693366661782
            ],
            [
              1163.1507424225495,
              107.71350697965067
            ],
            [
              1162.2040207506377,
              105.4110927486613
            ],
            [
              1161.0339339518232,
              103.21186448133085
            ],
            [
              1159.6517506016128,
              101.1370019480828
            ],
            [
              1158.0707818812482,
              99.20648720935174
            ],
            [
              1156.3062533837515,
              97.43891217740429
            ],
            [
              1154.3751584831423,
              95.85129956603987
            ],
            [
              1152.2960946789583,
              94.45893895259587
            ],
            [
              1150.0890844921648,
              93.27523953091259
            ],
            [
              1147.7753826373362,
              92.31160097350198
            ],
            [
              1145.3772713281317,
              91.57730364644908
            ],
            [
              1142.9178456874001,
              91.07941923442036
            ],
            [
              1140.4207913285209,
              90.82274263648128
            ],
            [
              1137.9101562499984,
              90.80974578857376
            ],
            [
              1135.4101192400917,
              91.04055385745346
            ],
            [
              1132.9447570218654,
              91.51294403523934
            ],
            [
              1130.537812381185,
              92.22236694629396
            ],
            [
              1128.2124655107102,
              93.161990460168
            ],
            [
              1125.9911107719674,
              94.3227654887728
            ],
            [
              1123.8951410254067,
              95.69351313404013
            ],
            [
              1121.9447416054616,
              97.26103234681432
            ],
            [
              1120.1586959247427,
              99.01022706019126
            ],
            [
              1118.5542045795069,
              100.9242515728622
            ],
            [
              1117.1467196985132,
              102.98467278247062
            ],
            [
              1115.949796130575,
              105.17164770642103
            ],
            [
              1114.974960903956,
              107.46411458066996
            ],
            [
              1114.2316022147886,
              109.83999569603952
            ],
            [
              1113.7268790136109,
              112.27641001859115
            ],
            [
              1113.465652060759,
              114.74989354652075
            ],
            [
              1113.4504371145906,
              117.23662528131445
            ],
            [
              1113.6813807033545,
              119.71265663697363
            ],
            [
              1114.1562587140445,
              122.15414207801177
            ],
            [
              1114.8704978118221,
              124.53756876497891
            ],
            [
              1115.817219483734,
              126.83998299596828
            ],
            [
              1116.9873062825488,
              129.03921126329874
            ],
            [
              1118.3694896327593,
              131.1140737965468
            ],
            [
              1119.9504583531238,
              133.04458853528126
            ],
            [
              1121.7149868506206,
              134.8121635672287
            ],
            [
              1123.6460817512293,
              136.39977617859336
            ],
            [
              1125.7251455554133,
              137.79213679203372
            ],
            [
              1127.932155742207,
              138.9758362137204
            ],
            [
              1130.2458575970359,
              139.93947477112738
            ],
            [
              1132.6439689062402,
              140.6737720981805
            ],
            [
              1135.103394546972,
              141.171656510209
            ],
            [
              1137.6004489058512,
              141.42833310815172
            ],
            [
              1140.1110839843736,
              141.44132995605582
            ]
          ]
        ]
      },
      "properties": {
        "name": "region_2",
        "roi_type": "PolygonOfInterest"
      }
    },
    {
      "type": "Feature",
      "geometry": {
        "type": "Polygon",
        "coordinates": [
          [
            [
              1298.1105957031214,
              250.48407745361487
            ],
            [
              1300.6106326960926,
              250.2532693874282
            ],
            [
              1303.0759948975465,
              249.78087924904617
            ],
            [
              1305.4829395217791,
              249.07145641373108
            ],
            [
              1307.8082863762888,
              248.13183301120557
            ],
            [
              1310.029641099703,
              246.97105812846894
            ],
            [
              1312.1256108317202,
              245.60031066220085
            ],
            [
              1314.0760102380461,
              244.03279165982235
            ],
            [
              1315.8620559062022,
              242.2835971862205
            ],
            [
              1317.466547240051,
              240.36957294039553
            ],
            [
              1318.8740321109444,
              238.30915202211781
            ],
            [
              1320.0709556701652,
              236.1221774111957
            ],
            [
              1321.0457908895332,
              233.829710868652
            ],
            [
              1321.7891495729887,
              231.45383010047362
            ],
            [
              1322.2938727700473,
              229.01741613724494
            ],
            [
              1322.5550997204105,
              226.54393297731895
            ],
            [
              1322.5703146657477,
              224.05720161566296
            ],
            [
              1322.3393710778146,
              221.5811706346708
            ],
            [
              1321.8644930696141,
              219.139685566249
            ],
            [
              1321.1502539759551,
              216.75625924623137
            ],
            [
              1320.203532309755,
              214.4538453729997
            ],
            [
              1319.0334455181912,
              212.2546174507936
            ],
            [
              1317.6512621766988,
              210.17975524670965
            ],
            [
              1316.070293466434,
              208.2492408180135
            ],
            [
              1314.3057649803245,
              206.48166607398207
            ],
            [
              1312.3746700922784,
              204.89405372564875
            ],
            [
              1310.2956063017134,
              203.5016933478098
            ],
            [
              1308.0885961294634,
              202.3179941320468
            ],
            [
              1305.774894289963,
              201.35435574888447
            ],
            [
              1303.3767829967242,
              200.6200585627239
            ],
            [
              1300.9173573724402,
              200.12217425688073
            ],
            [
              1298.4203030303336,
              199.8654977293918
            ],
            [
              1295.9096679687461,
              199.85250091552575
            ],
            [
              1293.4096309757747,
              200.08330898171243
            ],
            [
              1290.944268774321,
              200.5556991200947
            ],
            [
              1288.5373241500884,
              201.26512195540954
            ],
            [
              1286.2119772955791,
              202.20474535794256
            ],
            [
              1283.9906225721645,
              203.3655202406719
            ],
            [
              1281.8946528401473,
              204.73626770693977
            ],
            [
              1279.9442534338214,
              206.30378670931827
            ],
            [
              1278.1582077656653,
              208.05298118292012
            ],
            [
              1276.5537164318168,
              209.9670054287526
            ],
            [
              1275.146231560923,
              212.0274263470228
            ],
            [
              1273.9493080017023,
              214.21440095794492
            ],
            [
              1272.9744727823343,
              216.50686750048862
            ],
            [
              1272.231114098879,
              218.88274826867428
            ],
            [
              1271.7263909018204,
              221.31916223190296
            ],
            [
              1271.465163951457,
              223.79264539182168
            ],
            [
              1271.4499490061203,
              226.27937675348494
            ],
            [
              1271.680892594053,
              228.75540773446983
            ],
            [
              1272.1557706022538,
              231.1968928028989
            ],
            [
              1272.8700096959126,
              233.58031912291653
            ],
            [
              1273.8167313621125,
              235.88273299614093
            ],
            [
              1274.9868181536763,
              238.08196091834702
            ],
            [
              1276.369001495169,
              240.15682312243098
            ],
            [
              1277.949970205434,
              242.08733755113462
            ],
            [
              1279.714498691543,
              243.85491229515856
            ],
            [
              1281.645593579589,
              245.44252464349188
            ],
            [
              1283.724657370154,
              246.83488502133082
            ],
            [
              1285.931667542404,
              248.01858423709405
            ],
            [
              1288.2453693819048,
              248.98222262026366
            ],
            [
              1290.6434806751436,
              249.71651980641673
            ],
            [
              1293.1029062994273,
              250.21440411226013
            ],
            [
              1295.599960641534,
              250.47108063974883
            ],
            [
              1298.1105957031214,
              250.48407745361487
            ]
          ]
        ]
      },
      "properties": {
        "name": "region_3",
        "roi_type": "PolygonOfInterest"
      }
    },
    {
      "type": "Feature",
      "geometry": {
        "type": "Polygon",
        "coordinates": [
          [
            [
              1398.2509765625036,
              415.1609497070308
            ],
            [
              1400.751013521604,
              414.9301416462374
            ],
            [
              1403.2163756895131,
              414.4577515866631
            ],
            [
              1405.6233202808498,
              413.7483289028278
            ],
            [
              1407.9486671034292,
              412.8087057229766
            ],
            [
              1410.1700217961904,
              411.6479311319913
            ],
            [
              1412.2659914991186,
              410.2771840237142
            ],
            [
              1414.2163908782059,
              408.7096654421339
            ],
            [
              1416.002436521235,
              406.9604714480829
            ],
            [
              1417.6069278323107,
              405.0464477359351
            ],
            [
              1419.0144126830012,
              402.98602740034016
            ],
            [
              1420.211336224788,
              400.7990534154749
            ],
            [
              1421.1861714296583,
              398.5065875363414
            ],
            [
              1421.9295301016884,
              396.13070746253084
            ],
            [
              1422.4342532905055,
              393.69429421794894
            ],
            [
              1422.6954802358955,
              391.22081179403017
            ],
            [
              1422.7106951795681,
              388.7340811786421
            ],
            [
              1422.4797515933,
              386.25805094701263
            ],
            [
              1422.0048735900723,
              383.8165666237944
            ],
            [
              1421.2906345046551,
              381.4331410376831
            ],
            [
              1420.3439128498799,
              379.1307278799736
            ],
            [
              1419.1738260728139,
              376.93150064800966
            ],
            [
              1417.791642748755,
              374.8566391022541
            ],
            [
              1416.2106740586935,
              372.92612529362646
            ],
            [
              1414.4461455953572,
              371.158551125435
            ],
            [
              1412.515050732438,
              369.5709393031641
            ],
            [
              1410.435986969112,
              368.1785793965496
            ],
            [
              1408.228976825951,
              366.99488059261944
            ],
            [
              1405.9152750171033,
              366.03124255793955
            ],
            [
              1403.5171637557946,
              365.29694565357136
            ],
            [
              1401.0577381644068,
              364.7990615600918
            ],
            [
              1398.5606838558444,
              364.54238517351087
            ],
            [
              1396.0500488281289,
              364.52938842773506
            ],
            [
              1393.5500118690286,
              364.76019648852844
            ],
            [
              1391.084649701119,
              365.23258654809547
            ],
            [
              1388.677705109783,
              365.9420092319381
            ],
            [
              1386.352358287203,
              366.881632411782
            ],
            [
              1384.131003594442,
              368.04240700277455
            ],
            [
              1382.035033891514,
              369.4131541110514
            ],
            [
              1380.0846345124264,
              370.9806726926247
            ],
            [
              1378.2985888693972,
              372.72986668667545
            ],
            [
              1376.6940975583216,
              374.6438903988235
            ],
            [
              1375.2866127076293,
              376.70431073441864
            ],
            [
              1374.0896891658422,
              378.89128471928393
            ],
            [
              1373.1148539609726,
              381.18375059842447
            ],
            [
              1372.371495288944,
              383.559630672235
            ],
            [
              1371.8667721001248,
              385.99604391680964
            ],
            [
              1371.6055451547368,
              388.4695263407357
            ],
            [
              1371.5903302110642,
              390.95625695611625
            ],
            [
              1371.8212737973322,
              393.4322871877532
            ],
            [
              1372.2961518005582,
              395.87377151096416
            ],
            [
              1373.0103908859774,
              398.2571970970828
            ],
            [
              1373.9571125407508,
              400.55961025479223
            ],
            [
              1375.1271993178166,
              402.75883748674914
            ],
            [
              1376.5093826418752,
              404.8336990325047
            ],
            [
              1378.0903513319386,
              406.7642128411321
            ],
            [
              1379.854879795275,
              408.5317870093236
            ],
            [
              1381.785974658194,
              410.1193988315945
            ],
            [
              1383.8650384215205,
              411.51175873821603
            ],
            [
              1386.0720485646816,
              412.6954575421464
            ],
            [
              1388.3857503735287,
              413.659095576819
            ],
            [
              1390.7838616348379,
              414.3933924811945
            ],
            [
              1393.2432872262252,
              414.8912765746668
            ],
            [
              1395.740341534788,
              415.147952961255
            ],
            [
              1398.2509765625036,
              415.1609497070308
            ]
          ]
        ]
      },
      "properties": {
        "name": "region_4",
        "roi_type": "PolygonOfInterest"
      }
    },
    {
      "type": "Feature",
      "geometry": {
        "type": "Polygon",
        "coordinates": [
          [
            [
              1447.208496093751,
              613.2181396484384
            ],
            [
              1449.7085331205938,
              612.9873315768652
            ],
            [
              1452.17389535559,
              612.514941359676
            ],
            [
              1454.580840012721,
              611.8055183728814
            ],
            [
              1456.90618689916,
              610.8658947476663
            ],
            [
              1459.1275416532314,
              609.7051195731931
            ],
            [
              1461.2235114143339,
              608.3343717489267
            ],
            [
              1463.173910847898,
              606.76685232575
            ],
            [
              1464.9599565411813,
              605.0176573725976
            ],
            [
              1466.5644478978047,
              603.1036325930879
            ],
            [
              1467.9719327888981,
              601.043211092142
            ],
            [
              1469.1688563655543,
              598.8562358551628
            ],
            [
              1470.1436915994223,
              596.5637686492091
            ],
            [
              1470.8870502943007,
              594.1878871866556
            ],
            [
              1471.391773499599,
              591.7514725047733
            ],
            [
              1471.653000454939,
              589.277988608847
            ],
            [
              1471.6682154019406,
              586.7912565009158
            ],
            [
              1471.4372718123434,
              584.3152247705823
            ],
            [
              1470.9623937991655,
              581.8737389569355
            ],
            [
              1470.2481546972672,
              579.4903119030189
            ],
            [
              1469.3014330196438,
              577.1878973142648
            ],
            [
              1468.1313462135802,
              574.9886687018097
            ],
            [
              1466.749162854652,
              572.9138058393976
            ],
            [
              1465.1681941241877,
              570.983290790632
            ],
            [
              1463.4036656153037,
              569.2157154707681
            ],
            [
              1461.4725707021303,
              567.6281025963726
            ],
            [
              1459.393506884327,
              566.2357417473165
            ],
            [
              1457.186496682992,
              565.0520421197202
            ],
            [
              1454.8727948128344,
              564.0884033880611
            ],
            [
              1452.4746834876655,
              563.3541059201157
            ],
            [
              1450.0152578304837,
              562.8562214019094
            ],
            [
              1447.5182034548343,
              562.5995447335122
            ],
            [
              1445.007568359376,
              562.5865478515634
            ],
            [
              1442.507531332531,
              562.8173559231363
            ],
            [
              1440.042169097535,
              563.2897461403334
            ],
            [
              1437.6352244404056,
              563.9991691271202
            ],
            [
              1435.3098775539665,
              564.9387927523353
            ],
            [
              1433.0885227998956,
              566.0995679268158
            ],
            [
              1430.992553038791,
              567.4703157510751
            ],
            [
              1429.0421536052286,
              569.0378351742515
            ],
            [
              1427.2561079119434,
              570.7870301274043
            ],
            [
              1425.65161655532,
              572.7010549069139
            ],
            [
              1424.2441316642266,
              574.7614764078598
            ],
            [
              1423.0472080875722,
              576.9484516448388
            ],
            [
              1422.0723728537043,
              579.2409188507927
            ],
            [
              1421.3290141588245,
              581.6168003133535
            ],
            [
              1420.824290953526,
              584.0532149952282
            ],
            [
              1420.5630639981862,
              586.5266988911619
            ],
            [
              1420.5478490511841,
              589.013430999086
            ],
            [
              1420.7787926407816,
              591.4894627294266
            ],
            [
              1421.2536706539593,
              593.930948543066
            ],
            [
              1421.967909755858,
              596.3143755969902
            ],
            [
              1422.914631433483,
              598.616790185737
            ],
            [
              1424.0847182395464,
              600.8160187981919
            ],
            [
              1425.4669015984728,
              602.8908816606042
            ],
            [
              1427.0478703289373,
              604.8213967093698
            ],
            [
              1428.812398837821,
              606.5889720292337
            ],
            [
              1430.7434937509963,
              608.176584903629
            ],
            [
              1432.8225575687977,
              609.5689457526853
            ],
            [
              1435.0295677701351,
              610.7526453802886
            ],
            [
              1437.3432696402924,
              611.7162841119405
            ],
            [
              1439.7413809654613,
              612.4505815798859
            ],
            [
              1442.2008066226415,
              612.9484660981
            ],
            [
              1444.6978609982903,
              613.2051427664894
            ],
            [
              1447.208496093751,
              613.2181396484384
            ]
          ]
        ]
      },
      "properties": {
        "name": "region_5",
        "roi_type": "PolygonOfInterest"
      }
    },
    {
      "type": "Feature",
      "geometry": {
        "type": "Polygon",
        "coordinates": [
          [
            [
              1429.40576171875,
              804.5992431640625
            ],
            [
              1431.9057987455947,
              804.3684350924896
            ],
            [
              1434.371160980589,
              803.8960448752928
            ],
            [
              1436.778105637718,
              803.1866218884986
            ],
            [
              1439.1034525241573,
              802.2469982632908
            ],
            [
              1441.3248072782303,
              801.0862230888101
            ],
            [
              1443.4207770393327,
              799.7154752645436
            ],
            [
              1445.3711764728973,
              798.1479558413744
            ],
            [
              1447.1572221661804,
              796.3987608882219
            ],
            [
              1448.7617135228038,
              794.4847361087122
            ],
            [
              1450.1691984138988,
              792.4243146077661
            ],
            [
              1451.3661219905512,
              790.2373393707801
            ],
            [
              1452.3409572244195,
              787.9448721648332
            ],
            [
              1453.0843159193014,
              785.5689907022725
            ],
            [
              1453.589039124598,
              783.1325760203977
            ],
            [
              1453.8502660799395,
              780.659092124464
            ],
            [
              1453.8654810269416,
              778.1723600165399
            ],
            [
              1453.634537437344,
              775.6963282861993
            ],
            [
              1453.1596594241646,
              773.2548424725599
            ],
            [
              1452.4454203222676,
              770.8714154186357
            ],
            [
              1451.498698644641,
              768.5690008298889
            ],
            [
              1450.3286118385772,
              766.369772217434
            ],
            [
              1448.946428479653,
              764.2949093550217
            ],
            [
              1447.3654597491868,
              762.3643943062564
            ],
            [
              1445.6009312403025,
              760.5968189863852
            ],
            [
              1443.6698363271294,
              759.009206111997
            ],
            [
              1441.5907725093261,
              757.6168452629406
            ],
            [
              1439.3837623079908,
              756.4331456353373
            ],
            [
              1437.0700604378317,
              755.4695069036857
            ],
            [
              1434.6719491126628,
              754.7352094357402
            ],
            [
              1432.2125234554824,
              754.2373249175262
            ],
            [
              1429.7154690798352,
              753.9806482491365
            ],
            [
              1427.204833984375,
              753.9676513671875
            ],
            [
              1424.70479695753,
              754.1984594387607
            ],
            [
              1422.2394347225354,
              754.67084965595
            ],
            [
              1419.832490065403,
              755.3802726427446
            ],
            [
              1417.5071431789638,
              756.3198962679596
            ],
            [
              1415.2857884248942,
              757.4806714424328
            ],
            [
              1413.189818663792,
              758.8514192666992
            ],
            [
              1411.2394192302277,
              760.4189386898759
            ],
            [
              1409.4533735369441,
              762.1681336430211
            ],
            [
              1407.848882180321,
              764.082158422538
            ],
            [
              1406.4413972892257,
              766.1425799234842
            ],
            [
              1405.2444737125695,
              768.3295551604629
            ],
            [
              1404.2696384787016,
              770.622022366417
            ],
            [
              1403.5262797838232,
              772.9979038289705
            ],
            [
              1403.021556578527,
              775.4343185108526
            ],
            [
              1402.760329623185,
              777.907802406779
            ],
            [
              1402.7451146761832,
              780.3945345147104
            ],
            [
              1402.9760582657805,
              782.8705662450436
            ],
            [
              1403.4509362789602,
              785.3120520586904
            ],
            [
              1404.165175380857,
              787.6954791126072
            ],
            [
              1405.1118970584803,
              789.9978937013614
            ],
            [
              1406.2819838645435,
              792.1971223138089
            ],
            [
              1407.6641672234718,
              794.2719851762286
            ],
            [
              1409.2451359539382,
              796.2025002249939
            ],
            [
              1411.009664462822,
              797.9700755448578
            ],
            [
              1412.9407593759954,
              799.5576884192533
            ],
            [
              1415.0198231937984,
              800.9500492683021
            ],
            [
              1417.2268333951338,
              802.1337488959057
            ],
            [
              1419.5405352652897,
              803.0973876275648
            ],
            [
              1421.9386465904581,
              803.831685095503
            ],
            [
              1424.3980722476422,
              804.3295696137166
            ],
            [
              1426.8951266232893,
              804.5862462821137
            ],
            [
              1429.40576171875,
              804.5992431640625
            ]
          ]
        ]
      },
      "properties": {
        "name": "region_6",
        "roi_type": "PolygonOfInterest"
      }
    },
    {
      "type": "Feature",
      "geometry": {
        "type": "Polygon",
        "coordinates": [
          [
            [
              1342.6170654296857,
              969.276306152342
            ],
            [
              1345.1171024565306,
              969.0454980807691
            ],
            [
              1347.5824646915285,
              968.5731078635721
            ],
            [
              1349.9894093486578,
              967.8636848767852
            ],
            [
              1352.3147562350969,
              966.9240612515702
            ],
            [
              1354.536110989166,
              965.7632860770897
            ],
            [
              1356.6320807502686,
              964.3925382528306
            ],
            [
              1358.582480183833,
              962.8250188296539
            ],
            [
              1360.3685258771197,
              961.0758238765012
            ],
            [
              1361.9730172337431,
              959.1617990969916
            ],
            [
              1363.3805021248347,
              957.1013775960456
            ],
            [
              1364.577425701491,
              954.9144023590665
            ],
            [
              1365.5522609353588,
              952.6219351531125
            ],
            [
              1366.295619630237,
              950.246053690552
            ],
            [
              1366.8003428355373,
              947.809639008677
            ],
            [
              1367.0615697908754,
              945.3361551127435
            ],
            [
              1367.0767847378772,
              942.8494230048192
            ],
            [
              1366.8458411482798,
              940.3733912744789
            ],
            [
              1366.370963135104,
              937.9319054608392
            ],
            [
              1365.6567240332033,
              935.5484784069153
            ],
            [
              1364.7100023555804,
              933.2460638181682
            ],
            [
              1363.5399155495168,
              931.0468352057134
            ],
            [
              1362.1577321905888,
              928.9719723433012
            ],
            [
              1360.5767634601261,
              927.0414572945357
            ],
            [
              1358.812234951242,
              925.2738819746718
            ],
            [
              1356.8811400380653,
              923.6862691002765
            ],
            [
              1354.8020762202618,
              922.2939082512202
            ],
            [
              1352.5950660189264,
              921.1102086236168
            ],
            [
              1350.281364148771,
              920.146569891965
            ],
            [
              1347.883252823602,
              919.4122724240193
            ],
            [
              1345.4238271664221,
              918.914387905813
            ],
            [
              1342.926772790771,
              918.657711237416
            ],
            [
              1340.4161376953107,
              918.6447143554673
            ],
            [
              1337.9161006684694,
              918.87552242704
            ],
            [
              1335.4507384334715,
              919.347912644237
            ],
            [
              1333.0437937763422,
              920.0573356310239
            ],
            [
              1330.7184468899031,
              920.9969592562389
            ],
            [
              1328.49709213583,
              922.1577344307124
            ],
            [
              1326.4011223747277,
              923.5284822549787
            ],
            [
              1324.4507229411633,
              925.0960016781554
            ],
            [
              1322.6646772478803,
              926.8451966313079
            ],
            [
              1321.0601858912569,
              928.7592214108175
            ],
            [
              1319.6527010001653,
              930.8196429117635
            ],
            [
              1318.455777423509,
              933.0066181487424
            ],
            [
              1317.480942189641,
              935.2990853546963
            ],
            [
              1316.737583494759,
              937.6749668172498
            ],
            [
              1316.2328602894627,
              940.1113814991321
            ],
            [
              1315.9716333341207,
              942.5848653950585
            ],
            [
              1315.9564183871228,
              945.0715975029897
            ],
            [
              1316.1873619767161,
              947.5476292333232
            ],
            [
              1316.6622399898959,
              949.9891150469699
            ],
            [
              1317.3764790917926,
              952.3725421008866
            ],
            [
              1318.3232007694196,
              954.6749566896407
            ],
            [
              1319.4932875754832,
              956.8741853020955
            ],
            [
              1320.8754709344112,
              958.9490481645079
            ],
            [
              1322.4564396648739,
              960.8795632132734
            ],
            [
              1324.220968173758,
              962.6471385331373
            ],
            [
              1326.152063086931,
              964.2347514075328
            ],
            [
              1328.2311269047345,
              965.6271122565892
            ],
            [
              1330.4381371060695,
              966.8108118841852
            ],
            [
              1332.751838976229,
              967.7744506158441
            ],
            [
              1335.149950301398,
              968.5087480837896
            ],
            [
              1337.6093759585779,
              969.0066326019961
            ],
            [
              1340.106430334229,
              969.263309270393
            ],
            [
              1342.6170654296857,
              969.276306152342
            ]
          ]
        ]
      },
      "properties": {
        "name": "region_7",
        "roi_type": "PolygonOfInterest"
      }
    },
    {
      "type": "Feature",
      "geometry": {
        "type": "Polygon",
        "coordinates": [
          [
            [
              1195.7435302734393,
              1102.797546386718
            ],
            [
              1198.2435672888919,
              1102.5667383469756
            ],
            [
              1200.7089295126038,
              1102.0943487491047
            ],
            [
              1203.1158741586726,
              1101.3849269631685
            ],
            [
              1205.4412210343726,
              1100.4453051087755
            ],
            [
              1207.6625757781276,
              1099.2845322580336
            ],
            [
              1209.7585455294507,
              1097.9137872880387
            ],
            [
              1211.7089449538576,
              1096.3462712221758
            ],
            [
              1213.4949906386819,
              1094.597080097048
            ],
            [
              1215.0994819876494,
              1092.683059579409
            ],
            [
              1216.5069668719502,
              1090.6226427331335
            ],
            [
              1217.7038904427422,
              1088.4356724988006
            ],
            [
              1218.678725671734,
              1086.1432105952954
            ],
            [
              1219.4220843627731,
              1083.7673346839138
            ],
            [
              1219.9268075652985,
              1081.3309257484846
            ],
            [
              1220.1880345189666,
              1078.8574477389304
            ],
            [
              1220.203249465405,
              1076.3707216006187
            ],
            [
              1219.972305876371,
              1073.894695865647
            ],
            [
              1219.4974278648651,
              1071.4532160153838
            ],
            [
              1218.7831887657396,
              1069.0697948354189
            ],
            [
              1217.8364670919555,
              1066.7673859746392
            ],
            [
              1216.6663802907683,
              1064.5681628889995
            ],
            [
              1215.284196937704,
              1062.4933052990257
            ],
            [
              1213.7032282140322,
              1060.5627952175391
            ],
            [
              1211.938699712804,
              1058.7952245119598
            ],
            [
              1210.0076048080896,
              1057.207615854425
            ],
            [
              1207.928540999444,
              1055.815258784186
            ],
            [
              1205.721530807888,
              1054.6315624609656
            ],
            [
              1203.407828948047,
              1053.6679265274358
            ],
            [
              1201.0097176336174,
              1052.933631324415
            ],
            [
              1198.5502919874975,
              1052.4357485161077
            ],
            [
              1196.0532376231326,
              1052.1790729861318
            ],
            [
              1193.5426025390643,
              1052.166076660157
            ],
            [
              1191.0425655236118,
              1052.396884699899
            ],
            [
              1188.5772032998998,
              1052.8692742977698
            ],
            [
              1186.1702586538347,
              1053.5786960837063
            ],
            [
              1183.8449117781308,
              1054.5183179380956
            ],
            [
              1181.6235570343758,
              1055.6790907888376
            ],
            [
              1179.527587283053,
              1057.049835758836
            ],
            [
              1177.577187858646,
              1058.6173518246992
            ],
            [
              1175.7911421738213,
              1060.366542949823
            ],
            [
              1174.186650824854,
              1062.280563467466
            ],
            [
              1172.7791659405534,
              1064.3409803137413
            ],
            [
              1171.582242369761,
              1066.5279505480703
            ],
            [
              1170.6074071407697,
              1068.8204124515794
            ],
            [
              1169.8640484497303,
              1071.1962883629571
            ],
            [
              1169.359325247205,
              1073.6326972983902
            ],
            [
              1169.0980982935369,
              1076.1061753079407
            ],
            [
              1169.0828833470982,
              1078.5929014462524
            ],
            [
              1169.3138269361325,
              1081.0689271812241
            ],
            [
              1169.7887049476385,
              1083.510407031491
            ],
            [
              1170.5029440467638,
              1085.893828211452
            ],
            [
              1171.4496657205482,
              1088.1962370722356
            ],
            [
              1172.619752521735,
              1090.3954601578714
            ],
            [
              1174.0019358747993,
              1092.470317747849
            ],
            [
              1175.5829045984713,
              1094.4008278293359
            ],
            [
              1177.3474330996992,
              1096.1683985349114
            ],
            [
              1179.2785280044138,
              1097.75600719245
            ],
            [
              1181.3575918130596,
              1099.1483642626888
            ],
            [
              1183.5646020046152,
              1100.3320605859055
            ],
            [
              1185.8783038644565,
              1101.2956965194353
            ],
            [
              1188.27641517889,
              1102.0299917224597
            ],
            [
              1190.735840825006,
              1102.527874530767
            ],
            [
              1193.232895189371,
              1102.7845500607427
            ],
            [
              1195.7435302734393,
              1102.797546386718
            ]
          ]
        ]
      },
      "properties": {
        "name": "region_8",
        "roi_type": "PolygonOfInterest"
      }
    },
    {
      "type": "Feature",
      "geometry": {
        "type": "Polygon",
        "coordinates": [
          [
            [
              1015.4893188476583,
              1176.233947753909
            ],
            [
              1017.9893618343144,
              1176.0031394545977
            ],
            [
              1020.4547299717315,
              1175.5307495996603
            ],
            [
              1022.861680417039,
              1174.821327561634
            ],
            [
              1025.1870329216777,
              1173.8817054625533
            ],
            [
              1027.4083930698505,
              1172.7209323768839
            ],
            [
              1029.5043679490282,
              1171.3501871839835
            ],
            [
              1031.454772175336,
              1169.7826709093874
            ],
            [
              1033.2408222898698,
              1168.033479591706
            ],
            [
              1034.8453176536914,
              1166.1194588995354
            ],
            [
              1036.2528060993243,
              1164.0590418984543
            ],
            [
              1037.4497327436347,
              1161.8720715305203
            ],
            [
              1038.4245705287262,
              1159.5796095158917
            ],
            [
              1039.1679312338276,
              1157.203733516967
            ],
            [
              1039.6726558889904,
              1154.7673245183923
            ],
            [
              1039.933883719871,
              1152.2938464707063
            ],
            [
              1039.9490989596572,
              1149.8071203196428
            ],
            [
              1039.7181550772752,
              1147.3310945974226
            ],
            [
              1039.243276188557,
              1144.889614785288
            ],
            [
              1038.529035636794,
              1142.5061936684724
            ],
            [
              1037.582311948948,
              1140.2037848952427
            ],
            [
              1036.4122225916606,
              1138.0045619207121
            ],
            [
              1035.0300361650784,
              1135.9297044643426
            ],
            [
              1033.4490638800744,
              1133.9991945376692
            ],
            [
              1031.6845313639917,
              1132.2316240066102
            ],
            [
              1029.753432029568,
              1130.644015541633
            ],
            [
              1027.6743634190216,
              1129.2516586801344
            ],
            [
              1025.4673480996112,
              1128.067962579823
            ],
            [
              1023.1536408353522,
              1127.104326881221
            ],
            [
              1020.755523891984,
              1126.3700319228842
            ],
            [
              1018.2960924466254,
              1125.8721493666671
            ],
            [
              1015.7990321685552,
              1125.6154740937573
            ],
            [
              1013.2883911132831,
              1125.6024780273442
            ],
            [
              1010.7883481266233,
              1125.833286326656
            ],
            [
              1008.322979989206,
              1126.3056761815928
            ],
            [
              1005.9160295438987,
              1127.0150982196196
            ],
            [
              1003.5906770392603,
              1127.9547203187003
            ],
            [
              1001.369316891087,
              1129.1154934043698
            ],
            [
              999.2733420119096,
              1130.4862385972701
            ],
            [
              997.3229377856017,
              1132.0537548718662
            ],
            [
              995.5368876710679,
              1133.8029461895476
            ],
            [
              993.9323923072463,
              1135.7169668817182
            ],
            [
              992.5249038616132,
              1137.7773838827993
            ],
            [
              991.327977217303,
              1139.9643542507329
            ],
            [
              990.3531394322115,
              1142.2568162653579
            ],
            [
              989.6097787271099,
              1144.6326922642866
            ],
            [
              989.1050540719473,
              1147.0691012628613
            ],
            [
              988.8438262410666,
              1149.5425793105474
            ],
            [
              988.8286110012805,
              1152.0293054616109
            ],
            [
              989.0595548836623,
              1154.505331183831
            ],
            [
              989.5344337723807,
              1156.9468109959657
            ],
            [
              990.2486743241434,
              1159.3302321127812
            ],
            [
              991.1953980119897,
              1161.6326408860068
            ],
            [
              992.3654873692772,
              1163.831863860541
            ],
            [
              993.7476737958591,
              1165.9067213169105
            ],
            [
              995.3286460808633,
              1167.8372312435845
            ],
            [
              997.093178596946,
              1169.604801774643
            ],
            [
              999.0242779313696,
              1171.1924102396206
            ],
            [
              1001.1033465419162,
              1172.5847671011193
            ],
            [
              1003.3103618613263,
              1173.7684632014302
            ],
            [
              1005.6240691255857,
              1174.7320989000327
            ],
            [
              1008.0221860689537,
              1175.4663938583694
            ],
            [
              1010.4816175143121,
              1175.9642764145865
            ],
            [
              1012.9786777923825,
              1176.220951687496
            ],
            [
              1015.4893188476583,
              1176.233947753909
            ]
          ]
        ]
      },
      "properties": {
        "name": "region_9",
        "roi_type": "PolygonOfInterest"
      }
    },
    {
      "type": "Feature",
      "geometry": {
        "type": "Polygon",
        "coordinates": [
          [
            [
              815.2068176269531,
              1191.8113403320322
            ],
            [
              817.7068635992148,
              1191.5805319029378
            ],
            [
              820.172234693481,
              1191.1081419194716
            ],
            [
              822.5791880384115,
              1190.3987197553995
            ],
            [
              824.9045433575191,
              1189.4590975339752
            ],
            [
              827.1259062079014,
              1188.2983243308418
            ],
            [
              829.2218836510003,
              1186.9275790264887
            ],
            [
              831.1722902782608,
              1185.3600626475209
            ],
            [
              832.9583426076542,
              1183.6108712335604
            ],
            [
              834.5628399789016,
              1181.6968504541283
            ],
            [
              835.9703302052003,
              1179.6364333756421
            ],
            [
              837.1672583862701,
              1177.4494629409064
            ],
            [
              838.1420974494094,
              1175.157000870725
            ],
            [
              838.8854591615461,
              1172.781124828025
            ],
            [
              839.3901845430255,
              1170.344715797874
            ],
            [
              839.651412812512,
              1167.8712377311217
            ],
            [
              839.6666281989706,
              1165.3845115736858
            ],
            [
              839.4356841699166,
              1162.9084858578417
            ],
            [
              838.9608048425921,
              1160.4670060647732
            ],
            [
              838.2465635645126,
              1158.0835849795299
            ],
            [
              837.2998388696315,
              1155.781176250076
            ],
            [
              836.1297482342959,
              1153.5819533311014
            ],
            [
              834.7475602709546,
              1151.5070959415343
            ],
            [
              833.1665862052846,
              1149.5765860922656
            ],
            [
              831.4020516817764,
              1147.8090156484686
            ],
            [
              829.4709501324928,
              1146.2214072797701
            ],
            [
              827.3918791209937,
              1144.829050522636
            ],
            [
              825.1848612376621,
              1143.6453545337777
            ],
            [
              822.8711512711936,
              1142.6817189526391
            ],
            [
              820.4730315133565,
              1141.9474241166497
            ],
            [
              818.0135971683749,
              1141.4495416864781
            ],
            [
              815.5165339334555,
              1141.1928665421015
            ],
            [
              813.0058898925781,
              1141.179870605471
            ],
            [
              810.5058439203126,
              1141.4106790345659
            ],
            [
              808.0404728260467,
              1141.8830690180357
            ],
            [
              805.6335194811163,
              1142.592491182108
            ],
            [
              803.308164162012,
              1143.5321134035282
            ],
            [
              801.0868013116299,
              1144.6928866066617
            ],
            [
              798.9908238685271,
              1146.0636319110147
            ],
            [
              797.0404172412666,
              1147.6311482899828
            ],
            [
              795.2543649118768,
              1149.3803397039428
            ],
            [
              793.6498675406297,
              1151.2943604833754
            ],
            [
              792.2423773143307,
              1153.3547775618613
            ],
            [
              791.0454491332614,
              1155.5417479965972
            ],
            [
              790.0706100701216,
              1157.8342100667787
            ],
            [
              789.3272483579854,
              1160.2100861094823
            ],
            [
              788.8225229765058,
              1162.6464951396297
            ],
            [
              788.5612947070153,
              1165.119973206382
            ],
            [
              788.5460793205568,
              1167.6066993638215
            ],
            [
              788.7770233496108,
              1170.082725079662
            ],
            [
              789.2519026769392,
              1172.5242048727305
            ],
            [
              789.9661439550189,
              1174.9076259579772
            ],
            [
              790.9128686498996,
              1177.2100346874277
            ],
            [
              792.0829592852356,
              1179.409257606402
            ],
            [
              793.4651472485766,
              1181.4841149959693
            ],
            [
              795.0461213142466,
              1183.414624845238
            ],
            [
              796.8106558377547,
              1185.182195289035
            ],
            [
              798.7417573870346,
              1186.7698036577333
            ],
            [
              800.8208283985336,
              1188.1621604148677
            ],
            [
              803.0278462818692,
              1189.345856403726
            ],
            [
              805.3415562483374,
              1190.3094919848643
            ],
            [
              807.7396760061713,
              1191.0437868208578
            ],
            [
              810.1991103511527,
              1191.5416692510294
            ],
            [
              812.6961735860718,
              1191.7983443954022
            ],
            [
              815.2068176269531,
              1191.8113403320322
            ]
          ]
        ]
      },
      "properties": {
        "name": "region_10",
        "roi_type": "PolygonOfInterest"
      }
    },
    {
      "type": "Feature",
      "geometry": {
        "type": "Polygon",
        "coordinates": [
          [
            [
              628.2762756347668,
              1131.7271118164083
            ],
            [
              630.7763216070286,
              1131.4963033873155
            ],
            [
              633.2416927012948,
              1131.0239134038457
            ],
            [
              635.6486460462252,
              1130.3144912397736
            ],
            [
              637.9740013653329,
              1129.3748690183493
            ],
            [
              640.1953642157148,
              1128.2140958152177
            ],
            [
              642.2913416588142,
              1126.843350510863
            ],
            [
              644.2417482860744,
              1125.2758341318968
            ],
            [
              646.0278006154645,
              1123.5266427179365
            ],
            [
              647.6322979867152,
              1121.6126219385042
            ],
            [
              649.0397882130142,
              1119.552204860018
            ],
            [
              650.2367163940837,
              1117.365234425284
            ],
            [
              651.2115554572233,
              1115.0727723551008
            ],
            [
              651.9549171693559,
              1112.696896312399
            ],
            [
              652.4596425508391,
              1110.2604872822496
            ],
            [
              652.7208708203257,
              1107.7870092154992
            ],
            [
              652.7360862067844,
              1105.3002830580601
            ],
            [
              652.5051421777302,
              1102.8242573422158
            ],
            [
              652.0302628504057,
              1100.382777549147
            ],
            [
              651.3160215723224,
              1097.9993564639042
            ],
            [
              650.3692968774453,
              1095.696947734452
            ],
            [
              649.1992062421093,
              1093.4977248154755
            ],
            [
              647.8170182787683,
              1091.4228674259084
            ],
            [
              646.2360442130982,
              1089.4923575766416
            ],
            [
              644.4715096895864,
              1087.7247871328427
            ],
            [
              642.5404081403065,
              1086.1371787641444
            ],
            [
              640.4613371288076,
              1084.7448220070119
            ],
            [
              638.2543192454755,
              1083.5611260181533
            ],
            [
              635.9406092790075,
              1082.597490437015
            ],
            [
              633.54248952117,
              1081.8631956010238
            ],
            [
              631.0830551761885,
              1081.3653131708522
            ],
            [
              628.5859919412694,
              1081.1086380264753
            ],
            [
              626.0753479003918,
              1081.0956420898453
            ],
            [
              623.5753019281265,
              1081.32645051894
            ],
            [
              621.1099308338603,
              1081.7988405024098
            ],
            [
              618.7029774889297,
              1082.5082626664819
            ],
            [
              616.3776221698258,
              1083.4478848879041
            ],
            [
              614.1562593194435,
              1084.6086580910376
            ],
            [
              612.0602818763407,
              1085.9794033953906
            ],
            [
              610.1098752490805,
              1087.5469197743566
            ],
            [
              608.3238229196902,
              1089.2961111883171
            ],
            [
              606.7193255484433,
              1091.210131967751
            ],
            [
              605.3118353221441,
              1093.2705490462354
            ],
            [
              604.1149071410748,
              1095.4575194809713
            ],
            [
              603.1400680779316,
              1097.7499815511546
            ],
            [
              602.3967063657988,
              1100.1258575938564
            ],
            [
              601.8919809843194,
              1102.5622666240038
            ],
            [
              601.6307527148292,
              1105.035744690756
            ],
            [
              601.6155373283707,
              1107.5224708481953
            ],
            [
              601.8464813574246,
              1109.9984965640397
            ],
            [
              602.3213606847528,
              1112.4399763571064
            ],
            [
              603.0356019628323,
              1114.8233974423513
            ],
            [
              603.9823266577096,
              1117.1258061718036
            ],
            [
              605.1524172930492,
              1119.3250290907797
            ],
            [
              606.53460525639,
              1121.399886480345
            ],
            [
              608.1155793220603,
              1123.3303963296137
            ],
            [
              609.8801138455683,
              1125.097966773411
            ],
            [
              611.8112153948484,
              1126.6855751421092
            ],
            [
              613.8902864063473,
              1128.0779318992415
            ],
            [
              616.0973042896828,
              1129.2616278881017
            ],
            [
              618.4110142561512,
              1130.2252634692384
            ],
            [
              620.8091340139849,
              1130.9595583052317
            ],
            [
              623.2685683589666,
              1131.4574407354032
            ],
            [
              625.7656315938857,
              1131.71411587978
            ],
            [
              628.2762756347668,
              1131.7271118164083
            ]
          ]
        ]
      },
      "properties": {
        "name": "region_11",
        "roi_type": "PolygonOfInterest"
      }
    },
    {
      "type": "Feature",
      "geometry": {
        "type": "Polygon",
        "coordinates": [
          [
            [
              470.2756042480496,
              1007.1072998046893
            ],
            [
              472.7756473815874,
              1006.8764914519938
            ],
            [
              475.24101566446745,
              1006.4041006624809
            ],
            [
              477.64796625242434,
              1005.6946768176936
            ],
            [
              479.9733188955213,
              1004.7550520570637
            ],
            [
              482.1946791766363,
              1003.5942754806858
            ],
            [
              484.2906541819418,
              1002.2235260015404
            ],
            [
              486.241058526365,
              1000.6560046864374
            ],
            [
              488.0271087498693,
              998.9068076225335
            ],
            [
              489.6316042124422,
              996.9927805337643
            ],
            [
              491.03909274567536,
              994.9323565473071
            ],
            [
              492.2360194655845,
              992.7453786724986
            ],
            [
              493.2108573135521,
              990.452908701789
            ],
            [
              493.9542180681957,
              988.0770243741945
            ],
            [
              494.4589427590887,
              985.6406067545772
            ],
            [
              494.72017061154634,
              983.1671198764948
            ],
            [
              494.7353858585509,
              980.6803847707304
            ],
            [
              494.5044419689509,
              978.2043500557415
            ],
            [
              494.0295630586553,
              975.7628612993673
            ],
            [
              493.3153224711622,
              973.3794313729868
            ],
            [
              492.368598733774,
              971.07701400971
            ],
            [
              491.1985093136103,
              968.8777827473712
            ],
            [
              489.81632281142936,
              966.8029173852499
            ],
            [
              488.2353504388251,
              964.8724000110174
            ],
            [
              486.4708178239912,
              963.104822562321
            ],
            [
              484.53971838059704,
              961.5172077762431
            ],
            [
              482.4606496519351,
              960.1248452510536
            ],
            [
              480.253634206397,
              958.9411441990144
            ],
            [
              477.93992680919564,
              957.9775043083314
            ],
            [
              475.5418097273691,
              957.2432059579328
            ],
            [
              473.08237813936125,
              956.745320842339
            ],
            [
              470.5853177158282,
              956.4886438673864
            ],
            [
              468.0746765136746,
              956.4756469726578
            ],
            [
              465.57463338013315,
              956.7064553253535
            ],
            [
              463.109265097253,
              957.1788461148647
            ],
            [
              460.7023145092961,
              957.8882699596538
            ],
            [
              458.3769618662028,
              958.8278947202834
            ],
            [
              456.15560158508424,
              959.9886712966596
            ],
            [
              454.0596265797785,
              961.3594207758049
            ],
            [
              452.10922223535556,
              962.92694209091
            ],
            [
              450.3231720118549,
              964.6761391548137
            ],
            [
              448.71867654927814,
              966.5901662435813
            ],
            [
              447.311188016045,
              968.6505902300385
            ],
            [
              446.1142612961361,
              970.8375681048487
            ],
            [
              445.13942344816826,
              973.1300380755565
            ],
            [
              444.39606269352487,
              975.5059224031509
            ],
            [
              443.89133800263176,
              977.9423400227703
            ],
            [
              443.63011015017423,
              980.4158269008526
            ],
            [
              443.61489490316967,
              982.9025620066152
            ],
            [
              443.84583879276965,
              985.3785967216058
            ],
            [
              444.32071770306516,
              987.82008547798
            ],
            [
              445.0349582905584,
              990.2035154043588
            ],
            [
              445.98168202794636,
              992.5059327676356
            ],
            [
              447.15177144811025,
              994.7051640299762
            ],
            [
              448.533957950291,
              996.7800293920957
            ],
            [
              450.11493032289525,
              998.7105467663282
            ],
            [
              451.879462937733,
              1000.4781242150261
            ],
            [
              453.81056238112353,
              1002.065739001104
            ],
            [
              455.8896311097852,
              1003.458101526292
            ],
            [
              458.09664655532356,
              1004.6418025783312
            ],
            [
              460.41035395252845,
              1005.6054424690158
            ],
            [
              462.8084710343513,
              1006.3397408194146
            ],
            [
              465.2679026223592,
              1006.8376259350066
            ],
            [
              467.7649630458924,
              1007.094302909961
            ],
            [
              470.2756042480496,
              1007.1072998046893
            ]
          ]
        ]
      },
      "properties": {
        "name": "region_12",
        "roi_type": "PolygonOfInterest"
      }
    },
    {
      "type": "Feature",
      "geometry": {
        "type": "Polygon",
        "coordinates": [
          [
            [
              374.58496093749727,
              855.7826538085922
            ],
            [
              377.0850040710351,
              855.5518454558967
            ],
            [
              379.5503723539151,
              855.0794546663856
            ],
            [
              381.95732294187565,
              854.3700308215962
            ],
            [
              384.28267558496896,
              853.4304060609666
            ],
            [
              386.50403586608763,
              852.2696294845904
            ],
            [
              388.60001087139324,
              850.8988800054451
            ],
            [
              390.5504152158162,
              849.3313586903402
            ],
            [
              392.33646543931695,
              847.5821616264363
            ],
            [
              393.9409609018936,
              845.6681345376688
            ],
            [
              395.3484494351268,
              843.6077105512115
            ],
            [
              396.5453761550358,
              841.4207326764013
            ],
            [
              397.52021400299986,
              839.1282627056937
            ],
            [
              398.263574757647,
              836.752378378099
            ],
            [
              398.7682994485401,
              834.3159607584817
            ],
            [
              399.02952730099764,
              831.8424738803992
            ],
            [
              399.0447425480022,
              829.3557387746348
            ],
            [
              398.8137986584022,
              826.8797040596442
            ],
            [
              398.3389197481065,
              824.43821530327
            ],
            [
              397.6246791606135,
              822.0547853768913
            ],
            [
              396.67795542322165,
              819.7523680136145
            ],
            [
              395.5078660030615,
              817.5531367512739
            ],
            [
              394.1256795008809,
              815.4782713891543
            ],
            [
              392.5447071282766,
              813.5477540149219
            ],
            [
              390.78017451343885,
              811.7801765662239
            ],
            [
              388.84907507004834,
              810.1925617801459
            ],
            [
              386.7700063413864,
              808.800199254958
            ],
            [
              384.5629908958483,
              807.6164982029188
            ],
            [
              382.24928349864354,
              806.652858312236
            ],
            [
              379.85116641682055,
              805.9185599618354
            ],
            [
              377.3917348288089,
              805.4206748462435
            ],
            [
              374.89467440527574,
              805.1639978712892
            ],
            [
              372.38403320312227,
              805.1510009765607
            ],
            [
              369.88399006958434,
              805.3818093292562
            ],
            [
              367.4186217867043,
              805.8542001187691
            ],
            [
              365.0116711987474,
              806.5636239635566
            ],
            [
              362.6863185556506,
              807.5032487241881
            ],
            [
              360.46495827453555,
              808.6640253005642
            ],
            [
              358.36898326922983,
              810.0347747797094
            ],
            [
              356.41857892480687,
              811.6022960948126
            ],
            [
              354.6325287013026,
              813.3514931587165
            ],
            [
              353.02803323872956,
              815.2655202474857
            ],
            [
              351.6205447054964,
              817.325944233943
            ],
            [
              350.42361798558363,
              819.5129221087516
            ],
            [
              349.4487801376197,
              821.805392079461
            ],
            [
              348.7054193829762,
              824.1812764070555
            ],
            [
              348.20069469208306,
              826.6176940266729
            ],
            [
              347.9394668396219,
              829.0911809047554
            ],
            [
              347.924251592621,
              831.5779160105196
            ],
            [
              348.1551954822173,
              834.0539507255105
            ],
            [
              348.6300743925167,
              836.4954394818845
            ],
            [
              349.3443149800097,
              838.8788694082632
            ],
            [
              350.2910387173979,
              841.18128677154
            ],
            [
              351.4611281375579,
              843.380518033879
            ],
            [
              352.8433146397423,
              845.4553833960001
            ],
            [
              354.42428701234655,
              847.3859007702326
            ],
            [
              356.1888196271807,
              849.153478218929
            ],
            [
              358.1199190705747,
              850.7410930050069
            ],
            [
              360.19898779923665,
              852.1334555301964
            ],
            [
              362.40600324477487,
              853.3171565822356
            ],
            [
              364.719710641976,
              854.2807964729185
            ],
            [
              367.1178277238025,
              855.0150948233172
            ],
            [
              369.5772593118105,
              855.512979938911
            ],
            [
              372.0743197353437,
              855.7696569138636
            ],
            [
              374.58496093749727,
              855.7826538085922
            ]
          ]
        ]
      },
      "properties": {
        "name": "region_13",
        "roi_type": "PolygonOfInterest"
      }
    },
    {
      "type": "Feature",
      "geometry": {
        "type": "Polygon",
        "coordinates": [
          [
            [
              323.4015808105469,
              653.2747192382815
            ],
            [
              325.9016239440846,
              653.0439108855859
            ],
            [
              328.3669922269647,
              652.571520096074
            ],
            [
              330.77394281492343,
              651.8620962512855
            ],
            [
              333.09929545801856,
              650.9224714906559
            ],
            [
              335.32065573913553,
              649.7616949142797
            ],
            [
              337.416630744441,
              648.3909454351335
            ],
            [
              339.3670350888641,
              646.8234241200295
            ],
            [
              341.15308531236644,
              645.0742270561257
            ],
            [
              342.7575807749413,
              643.1601999673572
            ],
            [
              344.16506930817457,
              641.0997759809009
            ],
            [
              345.3619960280854,
              638.9127981060905
            ],
            [
              346.3368338760513,
              636.6203281353819
            ],
            [
              347.0801946306948,
              634.2444438077875
            ],
            [
              347.5849193215878,
              631.8080261881692
            ],
            [
              347.84614717404725,
              629.3345393100876
            ],
            [
              347.86136242105,
              626.8478042043232
            ],
            [
              347.6304185314518,
              624.3717694893332
            ],
            [
              347.1555396211544,
              621.9302807329593
            ],
            [
              346.4412990336614,
              619.5468508065807
            ],
            [
              345.4945752962732,
              617.2444334433037
            ],
            [
              344.3244858761112,
              615.0452021809631
            ],
            [
              342.94229937392856,
              612.9703368188427
            ],
            [
              341.3613270013243,
              611.0398194446111
            ],
            [
              339.59679438648834,
              609.2722419959132
            ],
            [
              337.66569494309624,
              607.6846272098353
            ],
            [
              335.5866262144342,
              606.2922646846465
            ],
            [
              333.3796107688961,
              605.1085636326072
            ],
            [
              331.065903371693,
              604.1449237419235
            ],
            [
              328.6677862898682,
              603.4106253915248
            ],
            [
              326.2083547018585,
              602.9127402759318
            ],
            [
              323.71129427832534,
              602.6560633009784
            ],
            [
              321.2006530761719,
              602.6430664062498
            ],
            [
              318.70060994263406,
              602.8738747589454
            ],
            [
              316.235241659754,
              603.3462655484575
            ],
            [
              313.8282910717952,
              604.055689393246
            ],
            [
              311.5029384287002,
              604.9953141538755
            ],
            [
              309.2815781475832,
              606.1560907302526
            ],
            [
              307.1856031422777,
              607.5268402093978
            ],
            [
              305.23519879785465,
              609.0943615245019
            ],
            [
              303.4491485743522,
              610.8435585884057
            ],
            [
              301.84465311177735,
              612.757585677175
            ],
            [
              300.4371645785442,
              614.8180096636314
            ],
            [
              299.24023785863324,
              617.0049875384409
            ],
            [
              298.26540001066746,
              619.2974575091503
            ],
            [
              297.52203925602396,
              621.6733418367448
            ],
            [
              297.01731456513085,
              624.1097594563622
            ],
            [
              296.7560867126714,
              626.5832463344445
            ],
            [
              296.74087146566865,
              629.069981440208
            ],
            [
              296.9718153552668,
              631.5460161551989
            ],
            [
              297.44669426556425,
              633.987504911572
            ],
            [
              298.16093485305737,
              636.3709348379516
            ],
            [
              299.10765859044557,
              638.6733522012285
            ],
            [
              300.2777480106075,
              640.8725834635682
            ],
            [
              301.6599345127902,
              642.9474488256894
            ],
            [
              303.24090688539434,
              644.877966199921
            ],
            [
              305.0054395002303,
              646.6455436486183
            ],
            [
              306.9365389436225,
              648.2331584346962
            ],
            [
              309.01560767228443,
              649.6255209598849
            ],
            [
              311.22262311782265,
              650.8092220119249
            ],
            [
              313.5363305150257,
              651.7728619026077
            ],
            [
              315.9344475968504,
              652.5071602530065
            ],
            [
              318.3938791848602,
              653.0050453685994
            ],
            [
              320.8909396083933,
              653.2617223435528
            ],
            [
              323.4015808105469,
              653.2747192382815
            ]
          ]
        ]
      },
      "properties": {
        "name": "region_14",
        "roi_type": "PolygonOfInterest"
      }
    },
    {
      "type": "Feature",
      "geometry": {
        "type": "Polygon",
        "coordinates": [
          [
            [
              347.88061523437585,
              470.79504394531216
            ],
            [
              350.3806583650638,
              470.5642356005735
            ],
            [
              352.8460266451269,
              470.0918449658929
            ],
            [
              355.25297723031787,
              469.3824214213192
            ],
            [
              357.57832987072817,
              468.4427971033943
            ],
            [
              359.79969014926553,
              467.28202110795115
            ],
            [
              361.89566515212715,
              465.9112723423729
            ],
            [
              363.84606949425995,
              464.34375186659736
            ],
            [
              365.6321197156496,
              462.59455575969884
            ],
            [
              367.2366151763095,
              460.6805297363982
            ],
            [
              368.644103707846,
              458.62010691361127
            ],
            [
              369.841030426289,
              456.4331302894626
            ],
            [
              370.8158682730357,
              454.1406616443645
            ],
            [
              371.5592290267186,
              451.76477870456483
            ],
            [
              372.06395371691883,
              449.3283625215597
            ],
            [
              372.3251815689598,
              446.8548771150704
            ],
            [
              372.34039681582266,
              444.36814350171085
            ],
            [
              372.1094529263644,
              441.8921102855623
            ],
            [
              371.6345740164854,
              439.4506230200332
            ],
            [
              370.92033342968506,
              437.06719456214256
            ],
            [
              369.9736096932576,
              434.7647786308582
            ],
            [
              368.80352027431474,
              432.5655487502214
            ],
            [
              367.4213337736,
              430.49068470621046
            ],
            [
              365.8403614026925,
              428.5601685737986
            ],
            [
              364.0758287897715,
              426.79259227867334
            ],
            [
              362.1447293484921,
              425.2049785468106
            ],
            [
              360.0656606221204,
              423.8126169663243
            ],
            [
              357.8586451790262,
              422.6289167403807
            ],
            [
              355.54493778440263,
              421.6652775492283
            ],
            [
              353.1468207052627,
              420.9309797650606
            ],
            [
              350.6873891200207,
              420.43309507694227
            ],
            [
              348.1903286993046,
              420.17641838659415
            ],
            [
              345.6796875000009,
              420.1634216308598
            ],
            [
              343.17964436931106,
              420.3942299755966
            ],
            [
              340.7142760892498,
              420.8666206102771
            ],
            [
              338.3073255040589,
              421.5760441548527
            ],
            [
              335.98197286364854,
              422.51566847277576
            ],
            [
              333.76061258510936,
              423.67644446821896
            ],
            [
              331.6646375822495,
              425.0471932337972
            ],
            [
              329.71423324011505,
              426.6147137095746
            ],
            [
              327.9281830187271,
              428.36390981647116
            ],
            [
              326.3236875580672,
              430.2779358397718
            ],
            [
              324.9161990265308,
              432.3383586625606
            ],
            [
              323.71927230808586,
              434.5253352867075
            ],
            [
              322.7444344613392,
              436.81780393180566
            ],
            [
              322.0010737076563,
              439.19368687160534
            ],
            [
              321.49634901745793,
              441.6301030546122
            ],
            [
              321.2351211654151,
              444.1035884610998
            ],
            [
              321.21990591855405,
              446.59032207445915
            ],
            [
              321.4508498080105,
              449.0663552906079
            ],
            [
              321.9257287178914,
              451.50784255613866
            ],
            [
              322.6399693046898,
              453.8912710140276
            ],
            [
              323.5866930411173,
              456.193686945312
            ],
            [
              324.75678246006015,
              458.3929168259487
            ],
            [
              326.1389689607768,
              460.4677808699614
            ],
            [
              327.7199413316842,
              462.39829700237146
            ],
            [
              329.4844739446052,
              464.16587329749666
            ],
            [
              331.4155733858829,
              465.75348702936134
            ],
            [
              333.49464211225626,
              467.1458486098458
            ],
            [
              335.7016575553487,
              468.3295488357894
            ],
            [
              338.01536494997407,
              469.2931880269418
            ],
            [
              340.41348202911405,
              470.02748581111126
            ],
            [
              342.872913614356,
              470.52537049922773
            ],
            [
              345.3699740350703,
              470.78204718957596
            ],
            [
              347.88061523437585,
              470.79504394531216
            ]
          ]
        ]
      },
      "properties": {
        "name": "region_15",
        "roi_type": "PolygonOfInterest"
      }
    },
    {
      "type": "Feature",
      "geometry": {
        "type": "Polygon",
        "coordinates": [
          [
            [
              452.4726562499995,
              290.54067993164097
            ],
            [
              454.9726993821115,
              290.30987158292487
            ],
            [
              457.4380676635849,
              289.837480870828
            ],
            [
              459.8450182501588,
              289.1280571761465
            ],
            [
              462.1703708919115,
              288.18843263686927
            ],
            [
              464.3917311717387,
              287.02765635096057
            ],
            [
              466.48770617582227,
              285.6569072285987
            ],
            [
              468.43811051910103,
              284.08938633315756
            ],
            [
              470.22416074154626,
              282.34018974775825
            ],
            [
              471.82865620316363,
              280.4261631917233
            ],
            [
              473.2361447355493,
              278.3657397871002
            ],
            [
              474.43307145472625,
              276.17876253762074
            ],
            [
              475.40790930208254,
              273.8862932297179
            ],
            [
              476.1512700562457,
              271.51040959602085
            ],
            [
              476.65599474679146,
              269.07399269470864
            ],
            [
              476.9172225990426,
              266.6005065524246
            ],
            [
              476.9324378459745,
              264.1137721928627
            ],
            [
              476.70149395644717,
              261.63773822729286
            ],
            [
              476.226615046358,
              259.19625021634045
            ],
            [
              475.5123744592122,
              256.81282102420585
            ],
            [
              474.56565072230444,
              254.5104043769251
            ],
            [
              473.395561302752,
              252.3111738054374
            ],
            [
              472.01337480130326,
              250.23630910237037
            ],
            [
              470.4324024295466,
              248.30579234905005
            ],
            [
              468.6678698156681,
              246.53821547713832
            ],
            [
              466.7367703733331,
              244.95060121816707
            ],
            [
              464.65770164581556,
              243.55823916533095
            ],
            [
              462.4506862014993,
              242.37453852633953
            ],
            [
              460.13697880558595,
              241.41089898542103
            ],
            [
              457.7388617251037,
              240.67660091813687
            ],
            [
              455.2794301384787,
              240.17871601628164
            ],
            [
              452.78236971635215,
              239.92203918363046
            ],
            [
              450.2717285156245,
              239.90904235839892
            ],
            [
              447.77168538351157,
              240.13985070711507
            ],
            [
              445.3063171020382,
              240.61224141921193
            ],
            [
              442.8993665154652,
              241.32166511389337
            ],
            [
              440.57401387371243,
              242.26128965317062
            ],
            [
              438.3526535938854,
              243.42206593908114
            ],
            [
              436.2566785898017,
              244.79281506144295
            ],
            [
              434.30627424652295,
              246.36033595688227
            ],
            [
              432.52022402407783,
              248.1095325422834
            ],
            [
              430.9157285624604,
              250.02355909831837
            ],
            [
              429.50824003007466,
              252.08398250293968
            ],
            [
              428.31131331089773,
              254.2709597524191
            ],
            [
              427.33647546354143,
              256.56342906032194
            ],
            [
              426.5931147093782,
              258.9393126940191
            ],
            [
              426.0883900188316,
              261.37572959533134
            ],
            [
              425.82716216658145,
              263.8492157376171
            ],
            [
              425.8119469196487,
              266.3359500971791
            ],
            [
              426.04289080917687,
              268.8119840627488
            ],
            [
              426.51776971926506,
              271.2534720736994
            ],
            [
              427.2320103064117,
              273.6369012658341
            ],
            [
              428.17873404331954,
              275.9393179131148
            ],
            [
              429.34882346287196,
              278.13854848460244
            ],
            [
              430.73100996432066,
              280.2134131876695
            ],
            [
              432.31198233607745,
              282.1439299409916
            ],
            [
              434.07651494995594,
              283.9115068129033
            ],
            [
              436.0076143922908,
              285.49912107187276
            ],
            [
              438.08668311980847,
              286.8914831247107
            ],
            [
              440.2936985641247,
              288.07518376370217
            ],
            [
              442.60740596003797,
              289.03882330461886
            ],
            [
              445.0055230405203,
              289.773121371903
            ],
            [
              447.4649546271444,
              290.2710062737582
            ],
            [
              449.96201504927086,
              290.5276831064094
            ],
            [
              452.4726562499995,
              290.54067993164097
            ]
          ]
        ]
      },
      "properties": {
        "name": "region_16",
        "roi_type": "PolygonOfInterest"
      }
    },
    {
      "type": "Feature",
      "geometry": {
        "type": "Polygon",
        "coordinates": [
          [
            [
              594.8957824707043,
              170.37115478515636
            ],
            [
              597.3958226221979,
              170.14034655229466
            ],
            [
              599.8611879517556,
              169.66795569777605
            ],
            [
              602.2681356435482,
              168.95853160376464
            ],
            [
              604.5934854755324,
              168.01890641209536
            ],
            [
              606.81484305766,
              166.8581292270161
            ],
            [
              608.9108155020992,
              165.48737896736384
            ],
            [
              610.8612174484338,
              163.91985670746897
            ],
            [
              612.6472654597222,
              162.17065854358407
            ],
            [
              614.2517589172625,
              160.25663021024138
            ],
            [
              615.6592456719546,
              158.19620484660436
            ],
            [
              616.856170856939,
              156.00922547526886
            ],
            [
              617.8310074283783,
              153.7167539031028
            ],
            [
              618.574367177191,
              151.34086788454067
            ],
            [
              619.0790911426327,
              148.904448500728
            ],
            [
              619.3403185570068,
              146.4309598022221
            ],
            [
              619.3555336575113,
              143.94422283732752
            ],
            [
              619.1245899144112,
              141.46818624240802
            ],
            [
              618.6497114421993,
              139.02669560341587
            ],
            [
              617.9354715801575,
              136.643263809852
            ],
            [
              616.9887488486002,
              134.3408446128102
            ],
            [
              615.8186607049647,
              132.14161156778346
            ],
            [
              614.4364757377087,
              130.06674449122454
            ],
            [
              612.8555051436456,
              128.13622548731576
            ],
            [
              611.0909745338441,
              126.36864650938912
            ],
            [
              609.1598773026659,
              124.78103030926536
            ],
            [
              607.0808109720926,
              123.38866649883073
            ],
            [
              604.8737980874208,
              122.20496430271987
            ],
            [
              602.5600933892069,
              121.24132342015855
            ],
            [
              600.1619791184933,
              120.50702423963014
            ],
            [
              597.7025504266494,
              120.00913846364585
            ],
            [
              595.2054929564387,
              119.75246100440438
            ],
            [
              592.6948547363293,
              119.73946380615257
            ],
            [
              590.1948145848356,
              119.97027203901246
            ],
            [
              587.7294492552778,
              120.44266289353106
            ],
            [
              585.3225015634853,
              121.1520869875443
            ],
            [
              582.9971517315012,
              122.09171217921175
            ],
            [
              580.7757941493735,
              123.25248936429284
            ],
            [
              578.6798217049343,
              124.6232396239451
            ],
            [
              576.7294197585998,
              126.19076188383997
            ],
            [
              574.9433717473113,
              127.93996004772305
            ],
            [
              573.3388782897711,
              129.85398838106755
            ],
            [
              571.9313915350788,
              131.91441374470276
            ],
            [
              570.7344663500944,
              134.10139311603825
            ],
            [
              569.7596297786554,
              136.39386468820624
            ],
            [
              569.0162700298426,
              138.76975070676826
            ],
            [
              568.5115460644008,
              141.20617009057923
            ],
            [
              568.2503186500267,
              143.679658789085
            ],
            [
              568.2351035495217,
              146.16639575397983
            ],
            [
              568.4660472926223,
              148.6424323488991
            ],
            [
              568.9409257648341,
              151.08392298789136
            ],
            [
              569.655165626876,
              153.46735478145695
            ],
            [
              570.6018883584334,
              155.76977397849885
            ],
            [
              571.7719765020687,
              157.96900702352366
            ],
            [
              573.1541614693248,
              160.04387410008258
            ],
            [
              574.7351320633879,
              161.97439310399318
            ],
            [
              576.4996626731893,
              163.741972081918
            ],
            [
              578.4307599043677,
              165.32958828204357
            ],
            [
              580.5098262349409,
              166.7219520924782
            ],
            [
              582.7168391196128,
              167.90565428858906
            ],
            [
              585.0305438178266,
              168.86929517114856
            ],
            [
              587.4286580885403,
              169.6035943516788
            ],
            [
              589.888086780384,
              170.10148012766126
            ],
            [
              592.3851442505947,
              170.35815758690273
            ],
            [
              594.8957824707043,
              170.37115478515636
            ]
          ]
        ]
      },
      "properties": {
        "name": "region_17",
        "roi_type": "PolygonOfInterest"
      }
    }
  ]
}