trial_index,start_time,end_time,TTP,ChosenPort,CorrectPort,outcome,LED,angle_offset,target_zone_size,mouseID,training/testing,day,session,dataset,session_dict,filter_profile
26,22655.444,22696.874496,2.357503999999608,5,7,Failure,OFF,-40.0,150.0,FbR_M01569522,training,Day_1,2026-04-21T155201Z,training,training_sessions,all_trials
27,22697.874496,22714.9776,4.107615999997506,1,7,Failure,OFF,-120.0,150.0,FbR_M01569522,training,Day_1,2026-04-21T155201Z,training,training_sessions,all_trials
28,22715.9776,22896.677984,5.01299199999994,-1,7,Miss,OFF,,150.0,FbR_M01569522,training,Day_1,2026-04-21T155201Z,training,training_sessions,all_trials
29,22897.677984,22918.628416,1.8634239999992133,2,7,Failure,OFF,-100.0,150.0,FbR_M01569522,training,Day_1,2026-04-21T155201Z,training,training_sessions,all_trials
30,22919.628416,22958.617984,2.3529920000000857,7,7,Success,OFF,0.0,150.0,FbR_M01569522,training,Day_1,2026-04-21T155201Z,training,training_sessions,all_trials
31,22959.617984,22986.968992,2.903999999998632,7,7,Success,OFF,0.0,150.0,FbR_M01569522,training,Day_1,2026-04-21T155201Z,training,training_sessions,all_trials
32,22987.968992,23004.761984,2.4470079999991867,7,7,Success,OFF,0.0,150.0,FbR_M01569522,training,Day_1,2026-04-21T155201Z,training,training_sessions,all_trials
33,23005.761984,23015.370976,2.152991999999358,7,7,Success,OFF,0.0,150.0,FbR_M01569522,training,Day_1,2026-04-21T155201Z,training,training_sessions,all_trials
34,23016.370976,23026.086496,1.6704959999988205,8,7,Failure,OFF,20.0,150.0,FbR_M01569522,training,Day_1,2026-04-21T155201Z,training,training_sessions,all_trials
35,23027.086496,23034.170976,1.2059840000001714,7,7,Success,OFF,0.0,150.0,FbR_M01569522,training,Day_1,2026-04-21T155201Z,training,training_sessions,all_trials
36,23035.170976,23056.12,1.3040000000000873,8,7,Failure,OFF,20.0,150.0,FbR_M01569522,training,Day_1,2026-04-21T155201Z,training,training_sessions,all_trials
37,23057.12,23098.816,3.5510079999985464,5,7,Failure,OFF,-40.0,150.0,FbR_M01569522,training,Day_1,2026-04-21T155201Z,training,training_sessions,all_trials
38,23099.816,23115.338048,3.823072000002867,2,7,Failure,OFF,-100.0,150.0,FbR_M01569522,training,Day_1,2026-04-21T155201Z,training,training_sessions,all_trials
39,23116.338048,23127.885984,2.821984000001976,6,7,Failure,OFF,-20.0,150.0,FbR_M01569522,training,Day_1,2026-04-21T155201Z,training,training_sessions,all_trials
40,23128.885984,23137.008992,1.6919999999990978,6,7,Failure,OFF,-20.0,150.0,FbR_M01569522,training,Day_1,2026-04-21T155201Z,training,training_sessions,all_trials
41,23138.008992,23156.709984,4.395007999999507,5,7,Failure,OFF,-40.0,150.0,FbR_M01569522,training,Day_1,2026-04-21T155201Z,training,training_sessions,all_trials
42,23157.709984,23237.83648,5.016480000002048,-1,7,Miss,OFF,,150.0,FbR_M01569522,training,Day_1,2026-04-21T155201Z,training,training_sessions,all_trials
43,23238.83648,23250.273408,2.758432000002358,2,7,Failure,OFF,-100.0,150.0,FbR_M01569522,training,Day_1,2026-04-21T155201Z,training,training_sessions,all_trials
44,23251.273408,23264.18,5.015999999999622,-1,7,Miss,OFF,,150.0,FbR_M01569522,training,Day_1,2026-04-21T155201Z,training,training_sessions,all_trials
45,23265.18,23292.652992,2.9380160000000615,5,7,Failure,OFF,-40.0,150.0,FbR_M01569522,training,Day_1,2026-04-21T155201Z,training,training_sessions,all_trials
46,23293.652992,23307.27648,4.560480000000098,7,7,Success,OFF,0.0,150.0,FbR_M01569522,training,Day_1,2026-04-21T155201Z,training,training_sessions,all_trials
47,23308.27648,23323.552,1.186015999999654,7,7,Success,OFF,0.0,150.0,FbR_M01569522,training,Day_1,2026-04-21T155201Z,training,training_sessions,all_trials
48,23324.552,23337.592,1.6770240000005288,5,7,Failure,OFF,-40.0,150.0,FbR_M01569522,training,Day_1,2026-04-21T155201Z,training,training_sessions,all_trials
49,23338.592,23351.278976,5.01299199999994,-1,7,Miss,OFF,,150.0,FbR_M01569522,training,Day_1,2026-04-21T155201Z,training,training_sessions,all_trials
50,23352.278976,23367.221984,5.007008000000496,-1,7,Miss,OFF,,150.0,FbR_M01569522,training,Day_1,2026-04-21T155201Z,training,training_sessions,all_trials
51,23368.221984,23395.355488,2.2895040000003064,7,7,Success,OFF,0.0,150.0,FbR_M01569522,training,Day_1,2026-04-21T155201Z,training,training_sessions,all_trials
52,23396.355488,23415.476,4.561023999998724,7,7,Success,OFF,0.0,150.0,FbR_M01569522,training,Day_1,2026-04-21T155201Z,training,training_sessions,all_trials
53,23416.476,23434.9,1.5850239999999758,5,7,Failure,OFF,-40.0,150.0,FbR_M01569522,training,Day_1,2026-04-21T155201Z,training,training_sessions,all_trials
54,23435.9,23453.585984,2.621984000001248,6,7,Failure,OFF,-20.0,150.0,FbR_M01569522,training,Day_1,2026-04-21T155201Z,training,training_sessions,all_trials
55,23454.585984,23470.731488,5.016512000001967,-1,7,Miss,OFF,,150.0,FbR_M01569522,training,Day_1,2026-04-21T155201Z,training,training_sessions,all_trials
56,23471.731488,23494.174976,5.010975999997754,-1,7,Miss,OFF,,150.0,FbR_M01569522,training,Day_1,2026-04-21T155201Z,training,training_sessions,all_trials
57,23495.174976,23572.480992,5.014016000000993,-1,7,Miss,OFF,,150.0,FbR_M01569522,training,Day_1,2026-04-21T155201Z,training,training_sessions,all_trials
58,23573.480992,23626.983488,3.470496000001731,7,7,Success,OFF,0.0,150.0,FbR_M01569522,training,Day_1,2026-04-21T155201Z,training,training_sessions,all_trials
59,23627.983488,23643.925984,5.012000000002445,-1,7,Miss,OFF,,150.0,FbR_M01569522,training,Day_1,2026-04-21T155201Z,training,training_sessions,all_trials
60,23644.925984,23657.417984,3.2520000000004075,8,7,Failure,OFF,20.0,150.0,FbR_M01569522,training,Day_1,2026-04-21T155201Z,training,training_sessions,all_trials
61,23658.417984,23669.428,3.9630079999988084,7,7,Success,OFF,0.0,150.0,FbR_M01569522,training,Day_1,2026-04-21T155201Z,training,training_sessions,all_trials
62,23670.428,23683.128992,5.015008000002126,-1,7,Miss,OFF,,150.0,FbR_M01569522,training,Day_1,2026-04-21T155201Z,training,training_sessions,all_trials
63,23684.128992,23744.727488,5.014495999999781,-1,7,Miss,OFF,,150.0,FbR_M01569522,training,Day_1,2026-04-21T155201Z,training,training_sessions,all_trials
64,23745.727488,23758.865984,5.001983999998629,-1,7,Miss,OFF,,150.0,FbR_M01569522,training,Day_1,2026-04-21T155201Z,training,training_sessions,all_trials
65,23759.865984,23817.454976,2.592000000000553,7,7,Success,OFF,0.0,150.0,FbR_M01569522,training,Day_1,2026-04-21T155201Z,training,training_sessions,all_trials
66,23818.454976,23847.236992,2.2230079999972077,7,7,Success,OFF,0.0,150.0,FbR_M01569522,training,Day_1,2026-04-21T155201Z,training,training_sessions,all_trials
67,23848.236992,23924.098976,2.4349760000004608,5,7,Failure,OFF,-40.0,150.0,FbR_M01569522,training,Day_1,2026-04-21T155201Z,training,training_sessions,all_trials
68,23925.098976,23961.820992,5.006015999999363,-1,7,Miss,OFF,,150.0,FbR_M01569522,training,Day_1,2026-04-21T155201Z,training,training_sessions,all_trials
69,23962.820992,24015.518976,5.004000000000815,-1,7,Miss,OFF,,150.0,FbR_M01569522,training,Day_1,2026-04-21T155201Z,training,training_sessions,all_trials
11,25594.446976,25605.532992,4.8190079999985755,9,14,Failure,OFF,-100.0,150.0,FbR_M01569522,training,Day_2,2026-04-23T165237Z,training,training_sessions,all_trials
12,25606.532992,25617.376992,5.014016000000993,-1,14,Miss,OFF,,150.0,FbR_M01569522,training,Day_2,2026-04-23T165237Z,training,training_sessions,all_trials
13,25618.376992,25627.852,3.0890239999971527,14,14,Success,OFF,0.0,150.0,FbR_M01569522,training,Day_2,2026-04-23T165237Z,training,training_sessions,all_trials
14,25628.852,25641.522976,2.860000000000582,14,14,Success,OFF,0.0,150.0,FbR_M01569522,training,Day_2,2026-04-23T165237Z,training,training_sessions,all_trials
15,25642.522976,25661.04048,3.027487999999721,10,14,Failure,OFF,-80.0,150.0,FbR_M01569522,training,Day_2,2026-04-23T165237Z,training,training_sessions,all_trials
16,25662.04048,25670.974976,2.660992000000988,12,14,Failure,OFF,-40.0,150.0,FbR_M01569522,training,Day_2,2026-04-23T165237Z,training,training_sessions,all_trials
17,25671.974976,25779.272,2.9090240000004997,12,14,Failure,OFF,-40.0,150.0,FbR_M01569522,training,Day_2,2026-04-23T165237Z,training,training_sessions,all_trials
18,25780.272,25788.057984,2.3939839999984542,12,14,Failure,OFF,-40.0,150.0,FbR_M01569522,training,Day_2,2026-04-23T165237Z,training,training_sessions,all_trials
19,25789.057984,25834.329504,5.0145279999997,-1,14,Miss,OFF,,150.0,FbR_M01569522,training,Day_2,2026-04-23T165237Z,training,training_sessions,all_trials
20,25835.329504,25861.417984,1.8550079999986337,4,14,Failure,OFF,160.0,150.0,FbR_M01569522,training,Day_2,2026-04-23T165237Z,training,training_sessions,all_trials
21,25862.417984,25874.577504,1.614528000001883,5,14,Failure,OFF,-180.0,150.0,FbR_M01569522,training,Day_2,2026-04-23T165237Z,training,training_sessions,all_trials
22,25875.577504,25892.513984,2.2520000000004075,14,14,Success,OFF,0.0,150.0,FbR_M01569522,training,Day_2,2026-04-23T165237Z,training,training_sessions,all_trials
23,25893.513984,25921.653504,2.188512000000628,14,14,Success,OFF,0.0,150.0,FbR_M01569522,training,Day_2,2026-04-23T165237Z,training,training_sessions,all_trials
24,25922.653504,25930.279488,2.1645119999993767,14,14,Success,OFF,0.0,150.0,FbR_M01569522,training,Day_2,2026-04-23T165237Z,training,training_sessions,all_trials
25,25931.279488,25953.572992,1.7100160000009055,14,14,Success,OFF,0.0,150.0,FbR_M01569522,training,Day_2,2026-04-23T165237Z,training,training_sessions,all_trials
26,25954.572992,25963.330496,2.767519999997603,14,14,Success,OFF,0.0,150.0,FbR_M01569522,training,Day_2,2026-04-23T165237Z,training,training_sessions,all_trials
27,25964.330496,26006.435488,3.3215039999995497,14,14,Success,OFF,0.0,150.0,FbR_M01569522,training,Day_2,2026-04-23T165237Z,training,training_sessions,all_trials
28,26007.435488,26030.372,4.510016000000178,14,14,Success,OFF,0.0,150.0,FbR_M01569522,training,Day_2,2026-04-23T165237Z,training,training_sessions,all_trials
29,26031.372,26059.536,3.4239999999990687,14,14,Success,OFF,0.0,150.0,FbR_M01569522,training,Day_2,2026-04-23T165237Z,training,training_sessions,all_trials
30,26060.536,26079.608992,2.9969920000003185,14,14,Success,OFF,0.0,150.0,FbR_M01569522,training,Day_2,2026-04-23T165237Z,training,training_sessions,all_trials
31,26080.608992,26099.285984,2.8230079999993904,13,14,Failure,OFF,-20.0,150.0,FbR_M01569522,training,Day_2,2026-04-23T165237Z,training,training_sessions,all_trials
32,26100.285984,26140.371488,3.0594879999989644,14,14,Success,OFF,0.0,150.0,FbR_M01569522,training,Day_2,2026-04-23T165237Z,training,training_sessions,all_trials
33,26141.371488,26150.132992,1.8209919999972044,14,14,Success,OFF,0.0,150.0,FbR_M01569522,training,Day_2,2026-04-23T165237Z,training,training_sessions,all_trials
34,26151.132992,26163.034496,2.372512000001734,14,14,Success,OFF,0.0,150.0,FbR_M01569522,training,Day_2,2026-04-23T165237Z,training,training_sessions,all_trials
35,26164.034496,26175.289504,4.327519999998913,14,14,Success,OFF,0.0,150.0,FbR_M01569522,training,Day_2,2026-04-23T165237Z,training,training_sessions,all_trials
36,26176.289504,26196.232992,3.772000000000844,14,14,Success,OFF,0.0,150.0,FbR_M01569522,training,Day_2,2026-04-23T165237Z,training,training_sessions,all_trials
37,26197.232992,26206.979488,3.366496000002371,14,14,Success,OFF,0.0,150.0,FbR_M01569522,training,Day_2,2026-04-23T165237Z,training,training_sessions,all_trials
38,26207.979488,26263.609984,2.5979839999999967,14,14,Success,OFF,0.0,150.0,FbR_M01569522,training,Day_2,2026-04-23T165237Z,training,training_sessions,all_trials
39,26264.609984,26273.908992,1.8460159999995085,14,14,Success,OFF,0.0,150.0,FbR_M01569522,training,Day_2,2026-04-23T165237Z,training,training_sessions,all_trials
40,26274.908992,26283.464992,1.0519999999996799,14,14,Success,OFF,0.0,150.0,FbR_M01569522,training,Day_2,2026-04-23T165237Z,training,training_sessions,all_trials
41,26284.464992,26294.888,2.226016000000527,14,14,Success,OFF,0.0,150.0,FbR_M01569522,training,Day_2,2026-04-23T165237Z,training,training_sessions,all_trials
42,26295.888,26312.288992,2.1769920000006096,14,14,Success,OFF,0.0,150.0,FbR_M01569522,training,Day_2,2026-04-23T165237Z,training,training_sessions,all_trials
43,26313.288992,26323.227488,3.2664960000001884,14,14,Success,OFF,0.0,150.0,FbR_M01569522,training,Day_2,2026-04-23T165237Z,training,training_sessions,all_trials
44,26324.227488,26340.350976,1.9889920000023267,14,14,Success,OFF,0.0,150.0,FbR_M01569522,training,Day_2,2026-04-23T165237Z,training,training_sessions,all_trials
45,26341.350976,26350.009984,2.9990079999988666,14,14,Success,OFF,0.0,150.0,FbR_M01569522,training,Day_2,2026-04-23T165237Z,training,training_sessions,all_trials
46,26351.009984,26362.60448,1.8424960000011197,14,14,Success,OFF,0.0,150.0,FbR_M01569522,training,Day_2,2026-04-23T165237Z,training,training_sessions,all_trials
47,26363.60448,26375.52848,2.4154880000023695,14,14,Success,OFF,0.0,150.0,FbR_M01569522,training,Day_2,2026-04-23T165237Z,training,training_sessions,all_trials
48,26376.52848,26384.148,2.1870080000007874,14,14,Success,OFF,0.0,150.0,FbR_M01569522,training,Day_2,2026-04-23T165237Z,training,training_sessions,all_trials
49,26385.148,26402.682496,2.7725119999995513,14,14,Success,OFF,0.0,150.0,FbR_M01569522,training,Day_2,2026-04-23T165237Z,training,training_sessions,all_trials
50,26403.682496,26429.0,3.8900160000011965,14,14,Success,OFF,0.0,150.0,FbR_M01569522,training,Day_2,2026-04-23T165237Z,training,training_sessions,all_trials
51,26430.0,26437.368,1.4570239999993646,14,14,Success,OFF,0.0,150.0,FbR_M01569522,training,Day_2,2026-04-23T165237Z,training,training_sessions,all_trials
52,26438.368,26456.809984,2.0990080000010494,14,14,Success,OFF,0.0,150.0,FbR_M01569522,training,Day_2,2026-04-23T165237Z,training,training_sessions,all_trials
53,26457.809984,26471.697984,3.035007999998925,14,14,Success,OFF,0.0,150.0,FbR_M01569522,training,Day_2,2026-04-23T165237Z,training,training_sessions,all_trials
54,26472.697984,26480.513984,2.1510080000007292,14,14,Success,OFF,0.0,150.0,FbR_M01569522,training,Day_2,2026-04-23T165237Z,training,training_sessions,all_trials
55,26481.513984,26493.052,2.3400000000001455,14,14,Success,OFF,0.0,150.0,FbR_M01569522,training,Day_2,2026-04-23T165237Z,training,training_sessions,all_trials
56,26494.052,26509.324992,2.112992000002123,14,14,Success,OFF,0.0,150.0,FbR_M01569522,training,Day_2,2026-04-23T165237Z,training,training_sessions,all_trials
57,26510.324992,26528.482496,5.019520000001648,-1,14,Miss,OFF,,150.0,FbR_M01569522,training,Day_2,2026-04-23T165237Z,training,training_sessions,all_trials
58,26529.482496,26537.84048,3.2295039999989967,14,14,Success,OFF,0.0,150.0,FbR_M01569522,training,Day_2,2026-04-23T165237Z,training,training_sessions,all_trials
59,26538.84048,26620.588,3.5760000000009313,13,14,Failure,OFF,-20.0,150.0,FbR_M01569522,training,Day_2,2026-04-23T165237Z,training,training_sessions,all_trials
60,26621.588,26629.956992,2.4969920000003185,14,14,Success,OFF,0.0,150.0,FbR_M01569522,training,Day_2,2026-04-23T165237Z,training,training_sessions,all_trials
61,26630.956992,26639.525984,2.8150080000013986,14,14,Success,OFF,0.0,150.0,FbR_M01569522,training,Day_2,2026-04-23T165237Z,training,training_sessions,all_trials
62,26640.525984,26656.364992,3.3040000000000873,14,14,Success,OFF,0.0,150.0,FbR_M01569522,training,Day_2,2026-04-23T165237Z,training,training_sessions,all_trials
63,26657.364992,26683.669984,4.259999999998399,14,14,Success,OFF,0.0,150.0,FbR_M01569522,training,Day_2,2026-04-23T165237Z,training,training_sessions,all_trials
64,26684.669984,26698.977984,5.0179840000018885,-1,14,Miss,OFF,,150.0,FbR_M01569522,training,Day_2,2026-04-23T165237Z,training,training_sessions,all_trials
65,26699.977984,26707.653984,2.392992000000959,14,14,Success,OFF,0.0,150.0,FbR_M01569522,training,Day_2,2026-04-23T165237Z,training,training_sessions,all_trials
66,26708.653984,26720.629984,2.269983999998658,14,14,Success,OFF,0.0,150.0,FbR_M01569522,training,Day_2,2026-04-23T165237Z,training,training_sessions,all_trials
67,26721.629984,26730.073984,1.7139839999981632,14,14,Success,OFF,0.0,150.0,FbR_M01569522,training,Day_2,2026-04-23T165237Z,training,training_sessions,all_trials
68,26731.073984,26741.72448,2.1144960000019637,14,14,Success,OFF,0.0,150.0,FbR_M01569522,training,Day_2,2026-04-23T165237Z,training,training_sessions,all_trials
69,26742.72448,26752.143488,1.9335040000005392,14,14,Success,OFF,0.0,150.0,FbR_M01569522,training,Day_2,2026-04-23T165237Z,training,training_sessions,all_trials
70,26753.143488,26763.825504,1.765503999999055,14,14,Success,OFF,0.0,150.0,FbR_M01569522,training,Day_2,2026-04-23T165237Z,training,training_sessions,all_trials
71,26764.825504,26772.69248,1.7815040000023146,14,14,Success,OFF,0.0,150.0,FbR_M01569522,training,Day_2,2026-04-23T165237Z,training,training_sessions,all_trials
72,26773.69248,26781.849504,1.7875200000016775,14,14,Success,OFF,0.0,150.0,FbR_M01569522,training,Day_2,2026-04-23T165237Z,training,training_sessions,all_trials
73,26782.849504,26810.506976,3.9949760000017704,14,14,Success,OFF,0.0,150.0,FbR_M01569522,training,Day_2,2026-04-23T165237Z,training,training_sessions,all_trials
74,26811.506976,26818.833504,1.6225279999998747,14,14,Success,OFF,0.0,150.0,FbR_M01569522,training,Day_2,2026-04-23T165237Z,training,training_sessions,all_trials
75,26819.833504,26848.072,2.3630080000002636,14,14,Success,OFF,0.0,150.0,FbR_M01569522,training,Day_2,2026-04-23T165237Z,training,training_sessions,all_trials
76,26849.072,26878.404992,3.54399999999805,14,14,Success,OFF,0.0,150.0,FbR_M01569522,training,Day_2,2026-04-23T165237Z,training,training_sessions,all_trials
77,26879.404992,26891.549984,1.9889920000023267,14,14,Success,OFF,0.0,150.0,FbR_M01569522,training,Day_2,2026-04-23T165237Z,training,training_sessions,all_trials
78,26892.549984,26909.788,3.5280000000020664,14,14,Success,OFF,0.0,150.0,FbR_M01569522,training,Day_2,2026-04-23T165237Z,training,training_sessions,all_trials
79,26910.788,26919.310976,2.1480000000010477,14,14,Success,OFF,0.0,150.0,FbR_M01569522,training,Day_2,2026-04-23T165237Z,training,training_sessions,all_trials
80,26920.310976,26931.133504,2.271520000002056,14,14,Success,OFF,0.0,150.0,FbR_M01569522,training,Day_2,2026-04-23T165237Z,training,training_sessions,all_trials
81,26932.133504,26939.82,1.8590079999994487,14,14,Success,OFF,0.0,150.0,FbR_M01569522,training,Day_2,2026-04-23T165237Z,training,training_sessions,all_trials
82,26940.82,26948.756992,1.6470079999999143,14,14,Success,OFF,0.0,150.0,FbR_M01569522,training,Day_2,2026-04-23T165237Z,training,training_sessions,all_trials
83,26949.756992,26959.471488,1.962496000000101,14,14,Success,OFF,0.0,150.0,FbR_M01569522,training,Day_2,2026-04-23T165237Z,training,training_sessions,all_trials
84,26960.471488,26970.578976,2.5679999999993015,14,14,Success,OFF,0.0,150.0,FbR_M01569522,training,Day_2,2026-04-23T165237Z,training,training_sessions,all_trials
85,26971.578976,26990.588,3.6790079999991576,14,14,Success,OFF,0.0,150.0,FbR_M01569522,training,Day_2,2026-04-23T165237Z,training,training_sessions,all_trials
86,26991.588,27002.537504,4.1285119999993185,14,14,Success,OFF,0.0,150.0,FbR_M01569522,training,Day_2,2026-04-23T165237Z,training,training_sessions,all_trials
87,27003.537504,27014.030496,5.0195199999980105,-1,14,Miss,OFF,,150.0,FbR_M01569522,training,Day_2,2026-04-23T165237Z,training,training_sessions,all_trials
88,27015.030496,27032.482976,5.022976000000199,-1,14,Miss,OFF,,150.0,FbR_M01569522,training,Day_2,2026-04-23T165237Z,training,training_sessions,all_trials
89,27033.482976,27041.908992,2.2980160000006435,14,14,Success,OFF,0.0,150.0,FbR_M01569522,training,Day_2,2026-04-23T165237Z,training,training_sessions,all_trials
90,27042.908992,27051.413984,3.0550079999993613,14,14,Success,OFF,0.0,150.0,FbR_M01569522,training,Day_2,2026-04-23T165237Z,training,training_sessions,all_trials
91,27052.413984,27063.362976,3.903999999998632,14,14,Success,OFF,0.0,150.0,FbR_M01569522,training,Day_2,2026-04-23T165237Z,training,training_sessions,all_trials
92,27064.362976,27096.18,5.021024000001489,-1,14,Miss,OFF,,150.0,FbR_M01569522,training,Day_2,2026-04-23T165237Z,training,training_sessions,all_trials
93,27097.18,27107.280992,5.020000000000437,-1,14,Miss,OFF,,150.0,FbR_M01569522,training,Day_2,2026-04-23T165237Z,training,training_sessions,all_trials
94,27108.280992,27160.030496,5.020511999999144,-1,14,Miss,OFF,,150.0,FbR_M01569522,training,Day_2,2026-04-23T165237Z,training,training_sessions,all_trials
95,27161.030496,27192.164,4.205023999998957,14,14,Success,OFF,0.0,150.0,FbR_M01569522,training,Day_2,2026-04-23T165237Z,training,training_sessions,all_trials
96,27193.164,27215.306496,4.046496000002662,14,14,Success,OFF,0.0,150.0,FbR_M01569522,training,Day_2,2026-04-23T165237Z,training,training_sessions,all_trials
97,27216.306496,27238.18,5.020000000000437,-1,14,Miss,OFF,,150.0,FbR_M01569522,training,Day_2,2026-04-23T165237Z,training,training_sessions,all_trials
98,27239.18,27255.401984,2.6430079999990994,14,14,Success,OFF,0.0,150.0,FbR_M01569522,training,Day_2,2026-04-23T165237Z,training,training_sessions,all_trials
11,18541.991392,18554.37648,5.027487999999721,-1,2,Miss,OFF,,150.0,FbR_M01569522,training,Day_3,2026-04-25T182521Z,training,training_sessions,all_trials
12,18555.37648,18567.17648,3.926496000000043,12,2,Failure,OFF,-160.0,150.0,FbR_M01569522,training,Day_3,2026-04-25T182521Z,training,training_sessions,all_trials
13,18568.17648,18580.760992,5.011008000001311,-1,2,Miss,OFF,,150.0,FbR_M01569522,training,Day_3,2026-04-25T182521Z,training,training_sessions,all_trials
14,18581.760992,18591.917632,2.018656000000192,2,2,Success,OFF,0.0,150.0,FbR_M01569522,training,Day_3,2026-04-25T182521Z,training,training_sessions,all_trials
15,18592.917632,18607.920928,2.6729279999999562,2,2,Success,OFF,0.0,150.0,FbR_M01569522,training,Day_3,2026-04-25T182521Z,training,training_sessions,all_trials
16,18608.920928,18619.922976,5.022976000000199,-1,2,Miss,OFF,,150.0,FbR_M01569522,training,Day_3,2026-04-25T182521Z,training,training_sessions,all_trials
17,18620.922976,18632.409984,5.011008000001311,-1,2,Miss,OFF,,150.0,FbR_M01569522,training,Day_3,2026-04-25T182521Z,training,training_sessions,all_trials
18,18633.409984,18642.356672,3.558688000000984,2,2,Success,OFF,0.0,150.0,FbR_M01569522,training,Day_3,2026-04-25T182521Z,training,training_sessions,all_trials
19,18643.356672,18662.809984,5.011008000001311,-1,2,Miss,OFF,,150.0,FbR_M01569522,training,Day_3,2026-04-25T182521Z,training,training_sessions,all_trials
20,18663.809984,18675.425504,3.3265279999977793,4,2,Failure,OFF,40.0,150.0,FbR_M01569522,training,Day_3,2026-04-25T182521Z,training,training_sessions,all_trials
21,18676.425504,18686.043104,2.6441279999999097,0,2,Failure,OFF,-40.0,150.0,FbR_M01569522,training,Day_3,2026-04-25T182521Z,training,training_sessions,all_trials
22,18687.043104,18698.181024,4.231040000002395,2,2,Success,OFF,0.0,150.0,FbR_M01569522,training,Day_3,2026-04-25T182521Z,training,training_sessions,all_trials
23,18699.181024,18707.453024,1.7540479999988747,2,2,Success,OFF,0.0,150.0,FbR_M01569522,training,Day_3,2026-04-25T182521Z,training,training_sessions,all_trials
24,18708.453024,18726.524192,3.225216000002547,2,2,Success,OFF,0.0,150.0,FbR_M01569522,training,Day_3,2026-04-25T182521Z,training,training_sessions,all_trials
25,18727.524192,18742.145984,2.196991999997408,16,2,Failure,OFF,-80.0,150.0,FbR_M01569522,training,Day_3,2026-04-25T182521Z,training,training_sessions,all_trials
26,18743.145984,18755.611008,3.761023999999452,2,2,Success,OFF,0.0,150.0,FbR_M01569522,training,Day_3,2026-04-25T182521Z,training,training_sessions,all_trials
27,18756.611008,18776.686976,2.537984000002325,12,2,Failure,OFF,-160.0,150.0,FbR_M01569522,training,Day_3,2026-04-25T182521Z,training,training_sessions,all_trials
28,18777.686976,18792.162496,5.011520000000019,-1,2,Miss,OFF,,150.0,FbR_M01569522,training,Day_3,2026-04-25T182521Z,training,training_sessions,all_trials
29,18793.162496,18806.15648,5.0074880000029225,-1,2,Miss,OFF,,150.0,FbR_M01569522,training,Day_3,2026-04-25T182521Z,training,training_sessions,all_trials
30,18807.15648,18841.078496,5.029503999998269,-1,2,Miss,OFF,,150.0,FbR_M01569522,training,Day_3,2026-04-25T182521Z,training,training_sessions,all_trials
31,18842.078496,18873.861984,5.013983999997436,-1,2,Miss,OFF,,150.0,FbR_M01569522,training,Day_3,2026-04-25T182521Z,training,training_sessions,all_trials
32,18874.861984,18888.744512,4.844511999999668,2,2,Success,OFF,0.0,150.0,FbR_M01569522,training,Day_3,2026-04-25T182521Z,training,training_sessions,all_trials
33,18889.744512,18901.612992,5.011999999998807,-1,2,Miss,OFF,,150.0,FbR_M01569522,training,Day_3,2026-04-25T182521Z,training,training_sessions,all_trials
34,18902.612992,18941.276992,5.028991999999562,-1,2,Miss,OFF,,150.0,FbR_M01569522,training,Day_3,2026-04-25T182521Z,training,training_sessions,all_trials
35,18942.276992,18955.604992,1.9049919999997655,12,2,Failure,OFF,-160.0,150.0,FbR_M01569522,training,Day_3,2026-04-25T182521Z,training,training_sessions,all_trials
36,18956.604992,18970.199712,3.9507200000007288,2,2,Success,OFF,0.0,150.0,FbR_M01569522,training,Day_3,2026-04-25T182521Z,training,training_sessions,all_trials
37,18971.199712,18982.248,3.047999999998865,3,2,Failure,OFF,20.0,150.0,FbR_M01569522,training,Day_3,2026-04-25T182521Z,training,training_sessions,all_trials
38,18983.248,18998.406976,5.008991999999125,-1,2,Miss,OFF,,150.0,FbR_M01569522,training,Day_3,2026-04-25T182521Z,training,training_sessions,all_trials
39,18999.406976,19012.184,1.4360000000015134,3,2,Failure,OFF,20.0,150.0,FbR_M01569522,training,Day_3,2026-04-25T182521Z,training,training_sessions,all_trials
40,19013.184,19028.176992,3.0780159999994794,7,2,Failure,OFF,100.0,150.0,FbR_M01569522,training,Day_3,2026-04-25T182521Z,training,training_sessions,all_trials
41,19029.176992,19059.008992,2.211007999998401,6,2,Failure,OFF,80.0,150.0,FbR_M01569522,training,Day_3,2026-04-25T182521Z,training,training_sessions,all_trials
42,19060.008992,19070.658848,4.9608640000005835,2,2,Success,OFF,0.0,150.0,FbR_M01569522,training,Day_3,2026-04-25T182521Z,training,training_sessions,all_trials
43,19071.658848,19080.480992,1.5830080000014277,3,2,Failure,OFF,20.0,150.0,FbR_M01569522,training,Day_3,2026-04-25T182521Z,training,training_sessions,all_trials
44,19081.480992,19144.712,5.014016000000993,-1,2,Miss,OFF,,150.0,FbR_M01569522,training,Day_3,2026-04-25T182521Z,training,training_sessions,all_trials
45,19145.712,19217.314688,4.215711999997438,2,2,Success,OFF,0.0,150.0,FbR_M01569522,training,Day_3,2026-04-25T182521Z,training,training_sessions,all_trials
46,19218.314688,19238.179232,4.781247999999323,2,2,Success,OFF,0.0,150.0,FbR_M01569522,training,Day_3,2026-04-25T182521Z,training,training_sessions,all_trials
47,19239.179232,19251.076,2.3780160000023898,3,2,Failure,OFF,20.0,150.0,FbR_M01569522,training,Day_3,2026-04-25T182521Z,training,training_sessions,all_trials
48,19252.076,19268.660992,5.01299199999994,-1,2,Miss,OFF,,150.0,FbR_M01569522,training,Day_3,2026-04-25T182521Z,training,training_sessions,all_trials
49,19269.660992,19279.917088,1.9680959999968763,2,2,Success,OFF,0.0,150.0,FbR_M01569522,training,Day_3,2026-04-25T182521Z,training,training_sessions,all_trials
50,19280.917088,19297.764352,3.6663679999983287,2,2,Success,OFF,0.0,150.0,FbR_M01569522,training,Day_3,2026-04-25T182521Z,training,training_sessions,all_trials
51,19298.764352,19312.356992,5.008991999999125,-1,2,Miss,OFF,,150.0,FbR_M01569522,training,Day_3,2026-04-25T182521Z,training,training_sessions,all_trials
52,19313.356992,19321.855296,2.8072960000026796,2,2,Success,OFF,0.0,150.0,FbR_M01569522,training,Day_3,2026-04-25T182521Z,training,training_sessions,all_trials
53,19322.855296,19334.50416,2.504160000000411,2,2,Success,OFF,0.0,150.0,FbR_M01569522,training,Day_3,2026-04-25T182521Z,training,training_sessions,all_trials
54,19335.50416,19344.98,2.279999999998836,4,2,Failure,OFF,40.0,150.0,FbR_M01569522,training,Day_3,2026-04-25T182521Z,training,training_sessions,all_trials
55,19345.98,19357.172736,2.8747519999997166,2,2,Success,OFF,0.0,150.0,FbR_M01569522,training,Day_3,2026-04-25T182521Z,training,training_sessions,all_trials
56,19358.172736,19384.787776,2.188799999999901,2,2,Success,OFF,0.0,150.0,FbR_M01569522,training,Day_3,2026-04-25T182521Z,training,training_sessions,all_trials
57,19385.787776,19412.876224,3.876223999999638,2,2,Success,OFF,0.0,150.0,FbR_M01569522,training,Day_3,2026-04-25T182521Z,training,training_sessions,all_trials
58,19413.876224,19427.071328,2.523328000002948,2,2,Success,OFF,0.0,150.0,FbR_M01569522,training,Day_3,2026-04-25T182521Z,training,training_sessions,all_trials
59,19428.071328,19440.39552,4.345535999997082,2,2,Success,OFF,0.0,150.0,FbR_M01569522,training,Day_3,2026-04-25T182521Z,training,training_sessions,all_trials
60,19441.39552,19454.506976,3.506976000000577,2,2,Success,OFF,0.0,150.0,FbR_M01569522,training,Day_3,2026-04-25T182521Z,training,training_sessions,all_trials
61,19455.506976,19468.34944,2.0014400000000023,1,2,Failure,OFF,-20.0,150.0,FbR_M01569522,training,Day_3,2026-04-25T182521Z,training,training_sessions,all_trials
62,19469.34944,19491.1144,3.6674239999993006,2,2,Success,OFF,0.0,150.0,FbR_M01569522,training,Day_3,2026-04-25T182521Z,training,training_sessions,all_trials
63,19492.1144,19514.278432,2.2304320000002917,2,2,Success,OFF,0.0,150.0,FbR_M01569522,training,Day_3,2026-04-25T182521Z,training,training_sessions,all_trials
64,19515.278432,19544.80528,3.85628799999904,2,2,Success,OFF,0.0,150.0,FbR_M01569522,training,Day_3,2026-04-25T182521Z,training,training_sessions,all_trials
65,19545.80528,19556.66,5.011008000001311,-1,2,Miss,OFF,,150.0,FbR_M01569522,training,Day_3,2026-04-25T182521Z,training,training_sessions,all_trials
66,19557.66,19573.22048,5.020479999999225,-1,2,Miss,OFF,,150.0,FbR_M01569522,training,Day_3,2026-04-25T182521Z,training,training_sessions,all_trials
67,19574.22048,19606.174912,4.2759359999981825,2,2,Success,OFF,0.0,150.0,FbR_M01569522,training,Day_3,2026-04-25T182521Z,training,training_sessions,all_trials
68,19607.174912,19675.206976,5.008992000002763,-1,2,Miss,OFF,,150.0,FbR_M01569522,training,Day_3,2026-04-25T182521Z,training,training_sessions,all_trials
69,19676.206976,19708.154752,1.9057599999978265,2,2,Success,OFF,0.0,150.0,FbR_M01569522,training,Day_3,2026-04-25T182521Z,training,training_sessions,all_trials
70,19709.154752,19723.1672,3.518208000001323,2,2,Success,OFF,0.0,150.0,FbR_M01569522,training,Day_3,2026-04-25T182521Z,training,training_sessions,all_trials
71,19724.1672,19740.482912,3.034911999999167,2,2,Success,OFF,0.0,150.0,FbR_M01569522,training,Day_3,2026-04-25T182521Z,training,training_sessions,all_trials
16,27447.119488,27459.796992,5.000992000001133,-1,16,Miss,OFF,,150.0,FbR_M01569522,training,Day_4,2026-04-28T165257Z,training,training_sessions,all_trials
17,27460.796992,27471.848992,2.903999999998632,16,16,Success,OFF,0.0,150.0,FbR_M01569522,training,Day_4,2026-04-28T165257Z,training,training_sessions,all_trials
18,27472.848992,27482.966496,4.4215040000017325,16,16,Success,OFF,0.0,150.0,FbR_M01569522,training,Day_4,2026-04-28T165257Z,training,training_sessions,all_trials
19,27483.966496,27496.532992,1.8380160000015167,16,16,Success,OFF,0.0,150.0,FbR_M01569522,training,Day_4,2026-04-28T165257Z,training,training_sessions,all_trials
20,27497.532992,27508.939488,2.6935039999989385,16,16,Success,OFF,0.0,150.0,FbR_M01569522,training,Day_4,2026-04-28T165257Z,training,training_sessions,all_trials
21,27509.939488,27521.0,4.501024000001053,16,16,Success,OFF,0.0,150.0,FbR_M01569522,training,Day_4,2026-04-28T165257Z,training,training_sessions,all_trials
22,27522.0,27532.256992,2.3129919999992126,16,16,Success,OFF,0.0,150.0,FbR_M01569522,training,Day_4,2026-04-28T165257Z,training,training_sessions,all_trials
23,27533.256992,27545.582976,2.888992000000144,16,16,Success,OFF,0.0,150.0,FbR_M01569522,training,Day_4,2026-04-28T165257Z,training,training_sessions,all_trials
24,27546.582976,27556.393984,3.399007999996684,16,16,Success,OFF,0.0,150.0,FbR_M01569522,training,Day_4,2026-04-28T165257Z,training,training_sessions,all_trials
25,27557.393984,27567.572,2.8770240000012564,16,16,Success,OFF,0.0,150.0,FbR_M01569522,training,Day_4,2026-04-28T165257Z,training,training_sessions,all_trials
26,27568.572,27594.828992,3.4340159999992466,16,16,Success,OFF,0.0,150.0,FbR_M01569522,training,Day_4,2026-04-28T165257Z,training,training_sessions,all_trials
27,27595.828992,27605.808,1.5630080000009912,16,16,Success,OFF,0.0,150.0,FbR_M01569522,training,Day_4,2026-04-28T165257Z,training,training_sessions,all_trials
28,27606.808,27617.750976,2.7059840000001714,16,16,Success,OFF,0.0,150.0,FbR_M01569522,training,Day_4,2026-04-28T165257Z,training,training_sessions,all_trials
29,27618.750976,27655.434496,4.586495999999897,16,16,Success,OFF,0.0,150.0,FbR_M01569522,training,Day_4,2026-04-28T165257Z,training,training_sessions,all_trials
30,27656.434496,27669.156992,5.010016000000178,-1,16,Miss,OFF,,150.0,FbR_M01569522,training,Day_4,2026-04-28T165257Z,training,training_sessions,all_trials
31,27670.156992,27679.82608,3.33110399999714,1,16,Failure,OFF,60.0,150.0,FbR_M01569522,training,Day_4,2026-04-28T165257Z,training,training_sessions,all_trials
32,27680.82608,27689.606496,1.9605120000014722,16,16,Success,OFF,0.0,150.0,FbR_M01569522,training,Day_4,2026-04-28T165257Z,training,training_sessions,all_trials
33,27690.606496,27705.284,3.5870079999986046,16,16,Success,OFF,0.0,150.0,FbR_M01569522,training,Day_4,2026-04-28T165257Z,training,training_sessions,all_trials
34,27706.284,27715.461984,1.9169920000022103,16,16,Success,OFF,0.0,150.0,FbR_M01569522,training,Day_4,2026-04-28T165257Z,training,training_sessions,all_trials
35,27716.461984,27734.636992,2.4420160000008764,17,16,Failure,OFF,20.0,150.0,FbR_M01569522,training,Day_4,2026-04-28T165257Z,training,training_sessions,all_trials
36,27735.636992,27757.156,5.011007999997673,-1,16,Miss,OFF,,150.0,FbR_M01569522,training,Day_4,2026-04-28T165257Z,training,training_sessions,all_trials
37,27758.156,27770.109504,3.7145280000004277,16,16,Success,OFF,0.0,150.0,FbR_M01569522,training,Day_4,2026-04-28T165257Z,training,training_sessions,all_trials
38,27771.109504,27784.374496,2.830495999998675,16,16,Success,OFF,0.0,150.0,FbR_M01569522,training,Day_4,2026-04-28T165257Z,training,training_sessions,all_trials
39,27785.374496,27795.854976,4.6099839999988035,16,16,Success,OFF,0.0,150.0,FbR_M01569522,training,Day_4,2026-04-28T165257Z,training,training_sessions,all_trials
40,27796.854976,27808.804992,4.558016000002681,16,16,Success,OFF,0.0,150.0,FbR_M01569522,training,Day_4,2026-04-28T165257Z,training,training_sessions,all_trials
41,27809.804992,27820.632992,2.2870079999993322,17,16,Failure,OFF,20.0,150.0,FbR_M01569522,training,Day_4,2026-04-28T165257Z,training,training_sessions,all_trials
42,27821.632992,27835.644992,4.450016000002506,15,16,Failure,OFF,-20.0,150.0,FbR_M01569522,training,Day_4,2026-04-28T165257Z,training,training_sessions,all_trials
43,27836.644992,27847.91648,2.370495999999548,16,16,Success,OFF,0.0,150.0,FbR_M01569522,training,Day_4,2026-04-28T165257Z,training,training_sessions,all_trials
44,27848.91648,27861.856,5.010016000000178,-1,16,Miss,OFF,,150.0,FbR_M01569522,training,Day_4,2026-04-28T165257Z,training,training_sessions,all_trials
45,27862.856,27875.958976,5.013984000001074,-1,16,Miss,OFF,,150.0,FbR_M01569522,training,Day_4,2026-04-28T165257Z,training,training_sessions,all_trials
46,27876.958976,27896.510976,3.8649920000025304,16,16,Success,OFF,0.0,150.0,FbR_M01569522,training,Day_4,2026-04-28T165257Z,training,training_sessions,all_trials
47,27897.510976,27913.06448,3.619488000000274,16,16,Success,OFF,0.0,150.0,FbR_M01569522,training,Day_4,2026-04-28T165257Z,training,training_sessions,all_trials
48,27914.06448,27933.400992,3.8550079999986337,16,16,Success,OFF,0.0,150.0,FbR_M01569522,training,Day_4,2026-04-28T165257Z,training,training_sessions,all_trials
49,27934.400992,27970.017984,4.172991999999795,16,16,Success,OFF,0.0,150.0,FbR_M01569522,training,Day_4,2026-04-28T165257Z,training,training_sessions,all_trials
50,27971.017984,27984.952992,3.1080000000001746,16,16,Success,OFF,0.0,150.0,FbR_M01569522,training,Day_4,2026-04-28T165257Z,training,training_sessions,all_trials
51,27985.952992,28003.68048,2.8834879999994882,16,16,Success,OFF,0.0,150.0,FbR_M01569522,training,Day_4,2026-04-28T165257Z,training,training_sessions,all_trials
52,28004.68048,28021.953504,3.2585280000021157,16,16,Success,OFF,0.0,150.0,FbR_M01569522,training,Day_4,2026-04-28T165257Z,training,training_sessions,all_trials
53,28022.953504,28031.2,1.1050240000004123,16,16,Success,OFF,0.0,150.0,FbR_M01569522,training,Day_4,2026-04-28T165257Z,training,training_sessions,all_trials
54,28032.2,28043.447904,1.902912000001379,0,16,Failure,OFF,40.0,150.0,FbR_M01569522,training,Day_4,2026-04-28T165257Z,training,training_sessions,all_trials
55,28044.447904,28054.84,1.9930239999994228,16,16,Success,OFF,0.0,150.0,FbR_M01569522,training,Day_4,2026-04-28T165257Z,training,training_sessions,all_trials
56,28055.84,28067.865504,4.520512000002782,16,16,Success,OFF,0.0,150.0,FbR_M01569522,training,Day_4,2026-04-28T165257Z,training,training_sessions,all_trials
57,28068.865504,28077.980096,2.0351039999986824,16,16,Success,OFF,0.0,150.0,FbR_M01569522,training,Day_4,2026-04-28T165257Z,training,training_sessions,all_trials
58,28078.980096,28090.905984,3.5600000000013097,16,16,Success,OFF,0.0,150.0,FbR_M01569522,training,Day_4,2026-04-28T165257Z,training,training_sessions,all_trials
59,28091.905984,28111.228,3.483007999999245,17,16,Failure,OFF,20.0,150.0,FbR_M01569522,training,Day_4,2026-04-28T165257Z,training,training_sessions,all_trials
60,28112.228,28126.160992,3.8649920000025304,16,16,Success,OFF,0.0,150.0,FbR_M01569522,training,Day_4,2026-04-28T165257Z,training,training_sessions,all_trials
61,28127.160992,28139.786976,2.489983999999822,16,16,Success,OFF,0.0,150.0,FbR_M01569522,training,Day_4,2026-04-28T165257Z,training,training_sessions,all_trials
62,28140.786976,28159.851488,5.004511999999522,16,16,Success,OFF,0.0,150.0,FbR_M01569522,training,Day_4,2026-04-28T165257Z,training,training_sessions,all_trials
63,28160.851488,28174.732,2.8359999999993306,16,16,Success,OFF,0.0,150.0,FbR_M01569522,training,Day_4,2026-04-28T165257Z,training,training_sessions,all_trials
64,28175.732,28185.076992,1.9300159999984317,16,16,Success,OFF,0.0,150.0,FbR_M01569522,training,Day_4,2026-04-28T165257Z,training,training_sessions,all_trials
65,28186.076992,28202.682976,3.587999999999738,16,16,Success,OFF,0.0,150.0,FbR_M01569522,training,Day_4,2026-04-28T165257Z,training,training_sessions,all_trials
66,28203.682976,28220.005984,4.711007999998401,16,16,Success,OFF,0.0,150.0,FbR_M01569522,training,Day_4,2026-04-28T165257Z,training,training_sessions,all_trials
67,28221.005984,28232.113504,3.41852800000197,16,16,Success,OFF,0.0,150.0,FbR_M01569522,training,Day_4,2026-04-28T165257Z,training,training_sessions,all_trials
68,28233.113504,28246.02848,3.682496000001265,16,16,Success,OFF,0.0,150.0,FbR_M01569522,training,Day_4,2026-04-28T165257Z,training,training_sessions,all_trials
69,28247.02848,28256.812,2.067008000001806,16,16,Success,OFF,0.0,150.0,FbR_M01569522,training,Day_4,2026-04-28T165257Z,training,training_sessions,all_trials
70,28257.812,28273.034496,2.9885119999999006,16,16,Success,OFF,0.0,150.0,FbR_M01569522,training,Day_4,2026-04-28T165257Z,training,training_sessions,all_trials
71,28274.034496,28311.673504,3.4275199999974575,16,16,Success,OFF,0.0,150.0,FbR_M01569522,training,Day_4,2026-04-28T165257Z,training,training_sessions,all_trials
72,28312.673504,28326.432992,4.287007999999332,16,16,Success,OFF,0.0,150.0,FbR_M01569522,training,Day_4,2026-04-28T165257Z,training,training_sessions,all_trials
73,28327.432992,28340.388992,2.391007999998692,16,16,Success,OFF,0.0,150.0,FbR_M01569522,training,Day_4,2026-04-28T165257Z,training,training_sessions,all_trials
74,28341.388992,28352.600992,1.255008000000089,17,16,Failure,OFF,20.0,150.0,FbR_M01569522,training,Day_4,2026-04-28T165257Z,training,training_sessions,all_trials
75,28353.600992,28367.247488,2.801503999999113,16,16,Success,OFF,0.0,150.0,FbR_M01569522,training,Day_4,2026-04-28T165257Z,training,training_sessions,all_trials
76,28368.247488,28378.912992,1.6660160000028554,16,16,Success,OFF,0.0,150.0,FbR_M01569522,training,Day_4,2026-04-28T165257Z,training,training_sessions,all_trials
77,28379.912992,28399.913984,3.4670079999996233,16,16,Success,OFF,0.0,150.0,FbR_M01569522,training,Day_4,2026-04-28T165257Z,training,training_sessions,all_trials
78,28400.913984,28411.013984,2.519007999999303,16,16,Success,OFF,0.0,150.0,FbR_M01569522,training,Day_4,2026-04-28T165257Z,training,training_sessions,all_trials
79,28412.013984,28425.368992,4.423007999997935,16,16,Success,OFF,0.0,150.0,FbR_M01569522,training,Day_4,2026-04-28T165257Z,training,training_sessions,all_trials
80,28426.368992,28440.366976,3.420991999999387,16,16,Success,OFF,0.0,150.0,FbR_M01569522,training,Day_4,2026-04-28T165257Z,training,training_sessions,all_trials
81,28441.366976,28458.666976,4.320992000000842,16,16,Success,OFF,0.0,150.0,FbR_M01569522,training,Day_4,2026-04-28T165257Z,training,training_sessions,all_trials
82,28459.666976,28469.266976,1.8209919999972044,16,16,Success,OFF,0.0,150.0,FbR_M01569522,training,Day_4,2026-04-28T165257Z,training,training_sessions,all_trials
83,28470.266976,28482.490496,2.1435199999978067,16,16,Success,OFF,0.0,150.0,FbR_M01569522,training,Day_4,2026-04-28T165257Z,training,training_sessions,all_trials
84,28483.490496,28493.866496,2.5695039999991423,16,16,Success,OFF,0.0,150.0,FbR_M01569522,training,Day_4,2026-04-28T165257Z,training,training_sessions,all_trials
85,28494.866496,28504.745984,2.900000000001455,16,16,Success,OFF,0.0,150.0,FbR_M01569522,training,Day_4,2026-04-28T165257Z,training,training_sessions,all_trials
86,28505.745984,28518.437984,2.443007999998372,16,16,Success,OFF,0.0,150.0,FbR_M01569522,training,Day_4,2026-04-28T165257Z,training,training_sessions,all_trials
87,28519.437984,28550.97648,1.778496000002633,17,16,Failure,OFF,20.0,150.0,FbR_M01569522,training,Day_4,2026-04-28T165257Z,training,training_sessions,all_trials
88,28551.97648,28564.053984,4.207999999998719,16,16,Success,OFF,0.0,150.0,FbR_M01569522,training,Day_4,2026-04-28T165257Z,training,training_sessions,all_trials
89,28565.053984,28574.545984,2.3480000000017753,16,16,Success,OFF,0.0,150.0,FbR_M01569522,training,Day_4,2026-04-28T165257Z,training,training_sessions,all_trials
90,28575.545984,28583.77248,2.32649599999786,16,16,Success,OFF,0.0,150.0,FbR_M01569522,training,Day_4,2026-04-28T165257Z,training,training_sessions,all_trials
91,28584.77248,28597.196992,3.102016000000731,16,16,Success,OFF,0.0,150.0,FbR_M01569522,training,Day_4,2026-04-28T165257Z,training,training_sessions,all_trials
92,28598.196992,28609.097984,2.6510080000007292,16,16,Success,OFF,0.0,150.0,FbR_M01569522,training,Day_4,2026-04-28T165257Z,training,training_sessions,all_trials
93,28610.097984,28618.344992,1.6980159999984608,16,16,Success,OFF,0.0,150.0,FbR_M01569522,training,Day_4,2026-04-28T165257Z,training,training_sessions,all_trials
94,28619.344992,28632.856,2.8100159999994503,16,16,Success,OFF,0.0,150.0,FbR_M01569522,training,Day_4,2026-04-28T165257Z,training,training_sessions,all_trials
23,19510.126976,19525.822976,3.4009919999989506,12,12,Success,OFF,0.0,150.0,FbR_M01569522,training,Day_5,2026-04-29T153239Z,training,training_sessions,all_trials
24,19526.822976,19536.808,2.8380160000015167,12,12,Success,OFF,0.0,150.0,FbR_M01569522,training,Day_5,2026-04-29T153239Z,training,training_sessions,all_trials
25,19537.808,19555.390976,2.970976000000519,12,12,Success,OFF,0.0,150.0,FbR_M01569522,training,Day_5,2026-04-29T153239Z,training,training_sessions,all_trials
26,19556.390976,19568.504992,3.735999999997148,12,12,Success,OFF,0.0,150.0,FbR_M01569522,training,Day_5,2026-04-29T153239Z,training,training_sessions,all_trials
27,19569.504992,19578.476992,2.4569919999994454,12,12,Success,OFF,0.0,150.0,FbR_M01569522,training,Day_5,2026-04-29T153239Z,training,training_sessions,all_trials
28,19579.476992,19590.745984,2.8259840000027907,12,12,Success,OFF,0.0,150.0,FbR_M01569522,training,Day_5,2026-04-29T153239Z,training,training_sessions,all_trials
29,19591.745984,19604.912,4.293023999998695,12,12,Success,OFF,0.0,150.0,FbR_M01569522,training,Day_5,2026-04-29T153239Z,training,training_sessions,all_trials
30,19605.912,19617.090496,3.171519999999873,12,12,Success,OFF,0.0,150.0,FbR_M01569522,training,Day_5,2026-04-29T153239Z,training,training_sessions,all_trials
31,19618.090496,19635.248,3.6770240000005288,12,12,Success,OFF,0.0,150.0,FbR_M01569522,training,Day_5,2026-04-29T153239Z,training,training_sessions,all_trials
32,19636.248,19646.00048,2.0304959999994026,12,12,Success,OFF,0.0,150.0,FbR_M01569522,training,Day_5,2026-04-29T153239Z,training,training_sessions,all_trials
33,19647.00048,19660.976992,4.707008000001224,12,12,Success,OFF,0.0,150.0,FbR_M01569522,training,Day_5,2026-04-29T153239Z,training,training_sessions,all_trials
34,19661.976992,19672.454976,2.5349760000026436,12,12,Success,OFF,0.0,150.0,FbR_M01569522,training,Day_5,2026-04-29T153239Z,training,training_sessions,all_trials
35,19673.454976,19682.577984,1.8559999999997672,13,12,Failure,OFF,20.0,150.0,FbR_M01569522,training,Day_5,2026-04-29T153239Z,training,training_sessions,all_trials
36,19683.577984,19695.568992,3.096000000001368,12,12,Success,OFF,0.0,150.0,FbR_M01569522,training,Day_5,2026-04-29T153239Z,training,training_sessions,all_trials
37,19696.568992,19709.794976,2.725984000000608,12,12,Success,OFF,0.0,150.0,FbR_M01569522,training,Day_5,2026-04-29T153239Z,training,training_sessions,all_trials
38,19710.794976,19723.824992,3.0030080000033195,12,12,Success,OFF,0.0,150.0,FbR_M01569522,training,Day_5,2026-04-29T153239Z,training,training_sessions,all_trials
39,19724.824992,19735.190496,2.5704960000002757,12,12,Success,OFF,0.0,150.0,FbR_M01569522,training,Day_5,2026-04-29T153239Z,training,training_sessions,all_trials
40,19736.190496,19746.938496,2.018496000000596,16,12,Failure,OFF,80.0,150.0,FbR_M01569522,training,Day_5,2026-04-29T153239Z,training,training_sessions,all_trials
41,19747.938496,19763.854176,4.684192000000621,12,12,Success,OFF,0.0,150.0,FbR_M01569522,training,Day_5,2026-04-29T153239Z,training,training_sessions,all_trials
42,19764.854176,19788.621984,3.4030080000011367,12,12,Success,OFF,0.0,150.0,FbR_M01569522,training,Day_5,2026-04-29T153239Z,training,training_sessions,all_trials
43,19789.621984,19801.389504,2.6195200000001932,12,12,Success,OFF,0.0,150.0,FbR_M01569522,training,Day_5,2026-04-29T153239Z,training,training_sessions,all_trials
44,19802.389504,19816.158976,3.3400000000001455,12,12,Success,OFF,0.0,150.0,FbR_M01569522,training,Day_5,2026-04-29T153239Z,training,training_sessions,all_trials
45,19817.158976,19836.068992,3.547999999998865,12,12,Success,OFF,0.0,150.0,FbR_M01569522,training,Day_5,2026-04-29T153239Z,training,training_sessions,all_trials
46,19837.068992,19848.721984,3.652991999999358,12,12,Success,OFF,0.0,150.0,FbR_M01569522,training,Day_5,2026-04-29T153239Z,training,training_sessions,all_trials
47,19849.721984,19867.972992,2.7540159999989555,12,12,Success,OFF,0.0,150.0,FbR_M01569522,training,Day_5,2026-04-29T153239Z,training,training_sessions,all_trials
48,19868.972992,19881.468,2.249024000000645,12,12,Success,OFF,0.0,150.0,FbR_M01569522,training,Day_5,2026-04-29T153239Z,training,training_sessions,all_trials
49,19882.468,19896.842976,3.673984000000928,12,12,Success,OFF,0.0,150.0,FbR_M01569522,training,Day_5,2026-04-29T153239Z,training,training_sessions,all_trials
50,19897.842976,19908.092,2.37001600000076,12,12,Success,OFF,0.0,150.0,FbR_M01569522,training,Day_5,2026-04-29T153239Z,training,training_sessions,all_trials
51,19909.092,19918.692,3.9230079999979353,12,12,Success,OFF,0.0,150.0,FbR_M01569522,training,Day_5,2026-04-29T153239Z,training,training_sessions,all_trials
52,19919.692,19932.070976,2.1519999999982247,11,12,Failure,OFF,-20.0,150.0,FbR_M01569522,training,Day_5,2026-04-29T153239Z,training,training_sessions,all_trials
53,19933.070976,19950.644,2.4239999999990687,12,12,Success,OFF,0.0,150.0,FbR_M01569522,training,Day_5,2026-04-29T153239Z,training,training_sessions,all_trials
54,19951.644,19961.332,2.663007999999536,12,12,Success,OFF,0.0,150.0,FbR_M01569522,training,Day_5,2026-04-29T153239Z,training,training_sessions,all_trials
55,19962.332,19970.100992,1.9320000000006985,12,12,Success,OFF,0.0,150.0,FbR_M01569522,training,Day_5,2026-04-29T153239Z,training,training_sessions,all_trials
56,19971.100992,19990.184,4.665024000001722,12,12,Success,OFF,0.0,150.0,FbR_M01569522,training,Day_5,2026-04-29T153239Z,training,training_sessions,all_trials
57,19991.184,20002.006976,3.4869760000001406,12,12,Success,OFF,0.0,150.0,FbR_M01569522,training,Day_5,2026-04-29T153239Z,training,training_sessions,all_trials
58,20003.006976,20014.994976,5.0240000000012515,-1,12,Miss,OFF,,150.0,FbR_M01569522,training,Day_5,2026-04-29T153239Z,training,training_sessions,all_trials
59,20015.994976,20027.919488,3.4005120000001625,12,12,Success,OFF,0.0,150.0,FbR_M01569522,training,Day_5,2026-04-29T153239Z,training,training_sessions,all_trials
60,20028.919488,20042.578976,2.4109759999992093,12,12,Success,OFF,0.0,150.0,FbR_M01569522,training,Day_5,2026-04-29T153239Z,training,training_sessions,all_trials
61,20043.578976,20054.187488,3.719487999998819,12,12,Success,OFF,0.0,150.0,FbR_M01569522,training,Day_5,2026-04-29T153239Z,training,training_sessions,all_trials
62,20055.187488,20065.392992,3.774015999999392,12,12,Success,OFF,0.0,150.0,FbR_M01569522,training,Day_5,2026-04-29T153239Z,training,training_sessions,all_trials
63,20066.392992,20079.716,4.546016000000236,12,12,Success,OFF,0.0,150.0,FbR_M01569522,training,Day_5,2026-04-29T153239Z,training,training_sessions,all_trials
64,20080.716,20090.392,2.0240000000012515,12,12,Success,OFF,0.0,150.0,FbR_M01569522,training,Day_5,2026-04-29T153239Z,training,training_sessions,all_trials
65,20091.392,20102.313984,3.692992000000231,12,12,Success,OFF,0.0,150.0,FbR_M01569522,training,Day_5,2026-04-29T153239Z,training,training_sessions,all_trials
66,20103.313984,20114.222496,3.152511999996932,12,12,Success,OFF,0.0,150.0,FbR_M01569522,training,Day_5,2026-04-29T153239Z,training,training_sessions,all_trials
67,20115.222496,20126.757984,3.037983999998687,12,12,Success,OFF,0.0,150.0,FbR_M01569522,training,Day_5,2026-04-29T153239Z,training,training_sessions,all_trials
68,20127.757984,20143.670976,3.752992000001541,12,12,Success,OFF,0.0,150.0,FbR_M01569522,training,Day_5,2026-04-29T153239Z,training,training_sessions,all_trials
69,20144.670976,20163.526976,5.00800000000163,-1,12,Miss,OFF,,150.0,FbR_M01569522,training,Day_5,2026-04-29T153239Z,training,training_sessions,all_trials
70,20164.526976,20176.156992,2.98700800000006,11,12,Failure,OFF,-20.0,150.0,FbR_M01569522,training,Day_5,2026-04-29T153239Z,training,training_sessions,all_trials
71,20177.156992,20186.76448,2.9954880000004778,12,12,Success,OFF,0.0,150.0,FbR_M01569522,training,Day_5,2026-04-29T153239Z,training,training_sessions,all_trials
72,20187.76448,20199.54448,2.6244800000022224,12,12,Success,OFF,0.0,150.0,FbR_M01569522,training,Day_5,2026-04-29T153239Z,training,training_sessions,all_trials
73,20200.54448,20212.905984,2.2880000000004657,12,12,Success,OFF,0.0,150.0,FbR_M01569522,training,Day_5,2026-04-29T153239Z,training,training_sessions,all_trials
74,20213.905984,20235.074976,2.4569919999994454,12,12,Success,OFF,0.0,150.0,FbR_M01569522,training,Day_5,2026-04-29T153239Z,training,training_sessions,all_trials
14,20688.258976,20707.644,4.013023999999859,12,12,Success,OFF,0.0,150.0,FbR_M01569522,training,Day_5,2026-04-29T155431Z,training,training_sessions,all_trials
15,20708.644,20779.844,5.012000000002445,-1,12,Miss,OFF,,150.0,FbR_M01569522,training,Day_5,2026-04-29T155431Z,training,training_sessions,all_trials
16,20780.844,20808.428,2.546016000000236,12,12,Success,OFF,0.0,150.0,FbR_M01569522,training,Day_5,2026-04-29T155431Z,training,training_sessions,all_trials
17,20809.428,20829.068992,3.9880000000011933,12,12,Success,OFF,0.0,150.0,FbR_M01569522,training,Day_5,2026-04-29T155431Z,training,training_sessions,all_trials
18,20830.068992,20846.446976,2.56499199999962,12,12,Success,OFF,0.0,150.0,FbR_M01569522,training,Day_5,2026-04-29T155431Z,training,training_sessions,all_trials
19,20847.446976,20864.05248,2.3714879999970435,12,12,Success,OFF,0.0,150.0,FbR_M01569522,training,Day_5,2026-04-29T155431Z,training,training_sessions,all_trials
20,20865.05248,20875.590976,3.2609919999995327,12,12,Success,OFF,0.0,150.0,FbR_M01569522,training,Day_5,2026-04-29T155431Z,training,training_sessions,all_trials
21,20876.590976,20895.869984,2.7899839999990945,12,12,Success,OFF,0.0,150.0,FbR_M01569522,training,Day_5,2026-04-29T155431Z,training,training_sessions,all_trials
22,20896.869984,20910.412992,3.632000000001426,12,12,Success,OFF,0.0,150.0,FbR_M01569522,training,Day_5,2026-04-29T155431Z,training,training_sessions,all_trials
23,20911.412992,20923.451488,3.2685119999987364,12,12,Success,OFF,0.0,150.0,FbR_M01569522,training,Day_5,2026-04-29T155431Z,training,training_sessions,all_trials
24,20924.451488,20935.032,2.951999999997497,12,12,Success,OFF,0.0,150.0,FbR_M01569522,training,Day_5,2026-04-29T155431Z,training,training_sessions,all_trials
25,20936.032,20961.084992,2.4049919999997655,12,12,Success,OFF,0.0,150.0,FbR_M01569522,training,Day_5,2026-04-29T155431Z,training,training_sessions,all_trials
26,20962.084992,20986.658976,2.978975999998511,12,12,Success,OFF,0.0,150.0,FbR_M01569522,training,Day_5,2026-04-29T155431Z,training,training_sessions,all_trials
27,20987.658976,20995.906496,1.7245120000006864,12,12,Success,OFF,0.0,150.0,FbR_M01569522,training,Day_5,2026-04-29T155431Z,training,training_sessions,all_trials
28,20996.906496,21015.648992,5.01801599999817,-1,12,Miss,OFF,,150.0,FbR_M01569522,training,Day_5,2026-04-29T155431Z,training,training_sessions,all_trials
29,21016.648992,21029.0,2.1199999999989814,12,12,Success,OFF,0.0,150.0,FbR_M01569522,training,Day_5,2026-04-29T155431Z,training,training_sessions,all_trials
30,21030.0,21049.922976,4.244000000002416,12,12,Success,OFF,0.0,150.0,FbR_M01569522,training,Day_5,2026-04-29T155431Z,training,training_sessions,all_trials
31,21050.922976,21066.445984,5.01600000000326,-1,12,Miss,OFF,,150.0,FbR_M01569522,training,Day_5,2026-04-29T155431Z,training,training_sessions,all_trials
32,21067.445984,21077.21648,2.5364799999988463,12,12,Success,OFF,0.0,150.0,FbR_M01569522,training,Day_5,2026-04-29T155431Z,training,training_sessions,all_trials
33,21078.21648,21095.326976,2.4469759999992675,12,12,Success,OFF,0.0,150.0,FbR_M01569522,training,Day_5,2026-04-29T155431Z,training,training_sessions,all_trials
34,21096.326976,21107.482976,2.8529920000000857,12,12,Success,OFF,0.0,150.0,FbR_M01569522,training,Day_5,2026-04-29T155431Z,training,training_sessions,all_trials
35,21108.482976,21119.439488,1.9594880000004196,12,12,Success,OFF,0.0,150.0,FbR_M01569522,training,Day_5,2026-04-29T155431Z,training,training_sessions,all_trials
36,21120.439488,21137.304992,2.975008000001253,12,12,Success,OFF,0.0,150.0,FbR_M01569522,training,Day_5,2026-04-29T155431Z,training,training_sessions,all_trials
37,21138.304992,21153.272992,2.343007999999827,12,12,Success,OFF,0.0,150.0,FbR_M01569522,training,Day_5,2026-04-29T155431Z,training,training_sessions,all_trials
38,21154.272992,21173.697984,5.0179839999982505,-1,12,Miss,OFF,,150.0,FbR_M01569522,training,Day_5,2026-04-29T155431Z,training,training_sessions,all_trials
39,21174.697984,21186.12,2.687999999998283,12,12,Success,OFF,0.0,150.0,FbR_M01569522,training,Day_5,2026-04-29T155431Z,training,training_sessions,all_trials
40,21187.12,21197.665984,3.2369919999982812,12,12,Success,OFF,0.0,150.0,FbR_M01569522,training,Day_5,2026-04-29T155431Z,training,training_sessions,all_trials
41,21198.665984,21218.600992,5.020000000000437,-1,12,Miss,OFF,,150.0,FbR_M01569522,training,Day_5,2026-04-29T155431Z,training,training_sessions,all_trials
42,21219.600992,21233.157504,3.378527999997459,12,12,Success,OFF,0.0,150.0,FbR_M01569522,training,Day_5,2026-04-29T155431Z,training,training_sessions,all_trials
43,21234.157504,21252.621984,3.5889920000008715,12,12,Success,OFF,0.0,150.0,FbR_M01569522,training,Day_5,2026-04-29T155431Z,training,training_sessions,all_trials
44,21253.621984,21261.516,2.037024000001111,12,12,Success,OFF,0.0,150.0,FbR_M01569522,training,Day_5,2026-04-29T155431Z,training,training_sessions,all_trials
45,21262.516,21280.872,2.8900160000011965,12,12,Success,OFF,0.0,150.0,FbR_M01569522,training,Day_5,2026-04-29T155431Z,training,training_sessions,all_trials
11,23010.675488,23021.869984,5.015008000002126,-1,14,Miss,OFF,,150.0,FLR_M01569521,training,Day_1,2026-04-23T160907Z,training,training_sessions,all_trials
12,23022.869984,23030.656,2.703008000000409,14,14,Success,OFF,0.0,150.0,FLR_M01569521,training,Day_1,2026-04-23T160907Z,training,training_sessions,all_trials
13,23031.656,23040.49648,3.393504000003304,14,14,Success,OFF,0.0,150.0,FLR_M01569521,training,Day_1,2026-04-23T160907Z,training,training_sessions,all_trials
14,23041.49648,23051.965984,5.011999999998807,-1,14,Miss,OFF,,150.0,FLR_M01569521,training,Day_1,2026-04-23T160907Z,training,training_sessions,all_trials
15,23052.965984,23066.218976,5.015999999999622,-1,14,Miss,OFF,,150.0,FLR_M01569521,training,Day_1,2026-04-23T160907Z,training,training_sessions,all_trials
16,23067.218976,23088.394496,2.1405120000017632,5,14,Failure,OFF,-180.0,150.0,FLR_M01569521,training,Day_1,2026-04-23T160907Z,training,training_sessions,all_trials
17,23089.394496,23116.322976,2.2209919999986596,4,14,Failure,OFF,160.0,150.0,FLR_M01569521,training,Day_1,2026-04-23T160907Z,training,training_sessions,all_trials
18,23117.322976,23140.282496,3.1805119999989984,14,14,Success,OFF,0.0,150.0,FLR_M01569521,training,Day_1,2026-04-23T160907Z,training,training_sessions,all_trials
19,23141.282496,23152.768992,5.018016000001808,-1,14,Miss,OFF,,150.0,FLR_M01569521,training,Day_1,2026-04-23T160907Z,training,training_sessions,all_trials
20,23153.768992,23174.065504,5.0135039999986475,-1,14,Miss,OFF,,150.0,FLR_M01569521,training,Day_1,2026-04-23T160907Z,training,training_sessions,all_trials
21,23175.065504,23209.444992,2.2440000000024156,14,14,Success,OFF,0.0,150.0,FLR_M01569521,training,Day_1,2026-04-23T160907Z,training,training_sessions,all_trials
22,23210.444992,23225.177984,1.724000000001979,14,14,Success,OFF,0.0,150.0,FLR_M01569521,training,Day_1,2026-04-23T160907Z,training,training_sessions,all_trials
23,23226.177984,23236.714976,2.861983999999211,14,14,Success,OFF,0.0,150.0,FLR_M01569521,training,Day_1,2026-04-23T160907Z,training,training_sessions,all_trials
24,23237.714976,23252.317504,5.0155199999971956,-1,14,Miss,OFF,,150.0,FLR_M01569521,training,Day_1,2026-04-23T160907Z,training,training_sessions,all_trials
25,23253.317504,23267.722976,4.072000000000116,14,14,Success,OFF,0.0,150.0,FLR_M01569521,training,Day_1,2026-04-23T160907Z,training,training_sessions,all_trials
26,23268.722976,23302.865984,5.015007999998488,-1,14,Miss,OFF,,150.0,FLR_M01569521,training,Day_1,2026-04-23T160907Z,training,training_sessions,all_trials
27,23303.865984,23318.165984,5.015007999998488,-1,14,Miss,OFF,,150.0,FLR_M01569521,training,Day_1,2026-04-23T160907Z,training,training_sessions,all_trials
28,23319.165984,23344.516992,5.015999999999622,-1,14,Miss,OFF,,150.0,FLR_M01569521,training,Day_1,2026-04-23T160907Z,training,training_sessions,all_trials
29,23345.516992,23376.866976,4.216000000000349,14,14,Success,OFF,0.0,150.0,FLR_M01569521,training,Day_1,2026-04-23T160907Z,training,training_sessions,all_trials
30,23377.866976,23398.667488,5.016511999998329,-1,14,Miss,OFF,,150.0,FLR_M01569521,training,Day_1,2026-04-23T160907Z,training,training_sessions,all_trials
31,23399.667488,23412.17248,5.021504000000277,-1,14,Miss,OFF,,150.0,FLR_M01569521,training,Day_1,2026-04-23T160907Z,training,training_sessions,all_trials
32,23413.17248,23432.669984,5.019007999999303,-1,14,Miss,OFF,,150.0,FLR_M01569521,training,Day_1,2026-04-23T160907Z,training,training_sessions,all_trials
33,23433.669984,23441.238976,1.7859840000019176,14,14,Success,OFF,0.0,150.0,FLR_M01569521,training,Day_1,2026-04-23T160907Z,training,training_sessions,all_trials
34,23442.238976,23460.22,5.017024000000674,-1,14,Miss,OFF,,150.0,FLR_M01569521,training,Day_1,2026-04-23T160907Z,training,training_sessions,all_trials
35,23461.22,23470.713504,3.4105280000003404,14,14,Success,OFF,0.0,150.0,FLR_M01569521,training,Day_1,2026-04-23T160907Z,training,training_sessions,all_trials
36,23471.713504,23484.715488,5.014496000003419,-1,14,Miss,OFF,,150.0,FLR_M01569521,training,Day_1,2026-04-23T160907Z,training,training_sessions,all_trials
37,23485.715488,23499.814976,5.01299199999994,-1,14,Miss,OFF,,150.0,FLR_M01569521,training,Day_1,2026-04-23T160907Z,training,training_sessions,all_trials
38,23500.814976,23533.014976,5.01299199999994,-1,14,Miss,OFF,,150.0,FLR_M01569521,training,Day_1,2026-04-23T160907Z,training,training_sessions,all_trials
39,23534.014976,23542.616,2.966016000002128,14,14,Success,OFF,0.0,150.0,FLR_M01569521,training,Day_1,2026-04-23T160907Z,training,training_sessions,all_trials
40,23543.616,23556.76848,5.017503999999462,-1,14,Miss,OFF,,150.0,FLR_M01569521,training,Day_1,2026-04-23T160907Z,training,training_sessions,all_trials
41,23557.76848,23567.48448,4.631487999999081,14,14,Success,OFF,0.0,150.0,FLR_M01569521,training,Day_1,2026-04-23T160907Z,training,training_sessions,all_trials
42,23568.48448,23591.568992,3.8670080000010785,14,14,Success,OFF,0.0,150.0,FLR_M01569521,training,Day_1,2026-04-23T160907Z,training,training_sessions,all_trials
43,23592.568992,23611.12,3.867999999998574,14,14,Success,OFF,0.0,150.0,FLR_M01569521,training,Day_1,2026-04-23T160907Z,training,training_sessions,all_trials
44,23612.12,23624.113984,4.760991999999533,13,14,Failure,OFF,-20.0,150.0,FLR_M01569521,training,Day_1,2026-04-23T160907Z,training,training_sessions,all_trials
45,23625.113984,23640.717984,5.016992000000755,-1,14,Miss,OFF,,150.0,FLR_M01569521,training,Day_1,2026-04-23T160907Z,training,training_sessions,all_trials
46,23641.717984,23656.12,5.020000000000437,-1,14,Miss,OFF,,150.0,FLR_M01569521,training,Day_1,2026-04-23T160907Z,training,training_sessions,all_trials
47,23657.12,23722.367488,5.017503999999462,-1,14,Miss,OFF,,150.0,FLR_M01569521,training,Day_1,2026-04-23T160907Z,training,training_sessions,all_trials
48,23723.367488,23757.420992,5.020000000000437,-1,14,Miss,OFF,,150.0,FLR_M01569521,training,Day_1,2026-04-23T160907Z,training,training_sessions,all_trials
49,23758.420992,23767.390976,3.5409919999983686,14,14,Success,OFF,0.0,150.0,FLR_M01569521,training,Day_1,2026-04-23T160907Z,training,training_sessions,all_trials
50,23768.390976,23785.346496,3.495519999996759,14,14,Success,OFF,0.0,150.0,FLR_M01569521,training,Day_1,2026-04-23T160907Z,training,training_sessions,all_trials
51,23786.346496,23818.806976,1.9549760000008973,14,14,Success,OFF,0.0,150.0,FLR_M01569521,training,Day_1,2026-04-23T160907Z,training,training_sessions,all_trials
52,23819.806976,23969.92,5.021023999997851,-1,14,Miss,OFF,,150.0,FLR_M01569521,training,Day_1,2026-04-23T160907Z,training,training_sessions,all_trials
53,23970.92,24008.96848,5.018496000000596,-1,14,Miss,OFF,,150.0,FLR_M01569521,training,Day_1,2026-04-23T160907Z,training,training_sessions,all_trials
54,24009.96848,24031.766496,5.017503999999462,-1,14,Miss,OFF,,150.0,FLR_M01569521,training,Day_1,2026-04-23T160907Z,training,training_sessions,all_trials
55,24032.766496,24054.372,5.022015999998985,-1,14,Miss,OFF,,150.0,FLR_M01569521,training,Day_1,2026-04-23T160907Z,training,training_sessions,all_trials
56,24055.372,24097.956,3.4550079999971786,4,14,Failure,OFF,160.0,150.0,FLR_M01569521,training,Day_1,2026-04-23T160907Z,training,training_sessions,all_trials
57,24098.956,24110.716992,5.018016000001808,-1,14,Miss,OFF,,150.0,FLR_M01569521,training,Day_1,2026-04-23T160907Z,training,training_sessions,all_trials
58,24111.716992,24121.815488,5.014495999999781,-1,14,Miss,OFF,,150.0,FLR_M01569521,training,Day_1,2026-04-23T160907Z,training,training_sessions,all_trials
59,24122.815488,24174.361984,3.9110079999991285,14,14,Success,OFF,0.0,150.0,FLR_M01569521,training,Day_1,2026-04-23T160907Z,training,training_sessions,all_trials
60,24175.361984,24190.376992,4.5260159999997995,14,14,Success,OFF,0.0,150.0,FLR_M01569521,training,Day_1,2026-04-23T160907Z,training,training_sessions,all_trials
61,24191.376992,24210.460992,2.360000000000582,14,14,Success,OFF,0.0,150.0,FLR_M01569521,training,Day_1,2026-04-23T160907Z,training,training_sessions,all_trials
62,24211.460992,24221.714976,4.713983999998163,14,14,Success,OFF,0.0,150.0,FLR_M01569521,training,Day_1,2026-04-23T160907Z,training,training_sessions,all_trials
63,24222.714976,24232.312,3.010016000000178,14,14,Success,OFF,0.0,150.0,FLR_M01569521,training,Day_1,2026-04-23T160907Z,training,training_sessions,all_trials
64,24233.312,24244.766976,5.0179839999982505,-1,14,Miss,OFF,,150.0,FLR_M01569521,training,Day_1,2026-04-23T160907Z,training,training_sessions,all_trials
65,24245.766976,24267.919488,5.019487999998091,-1,14,Miss,OFF,,150.0,FLR_M01569521,training,Day_1,2026-04-23T160907Z,training,training_sessions,all_trials
66,24268.919488,24289.32,5.020000000000437,-1,14,Miss,OFF,,150.0,FLR_M01569521,training,Day_1,2026-04-23T160907Z,training,training_sessions,all_trials
67,24290.32,24297.870496,2.4715199999991455,14,14,Success,OFF,0.0,150.0,FLR_M01569521,training,Day_1,2026-04-23T160907Z,training,training_sessions,all_trials
68,24298.870496,24317.148992,2.8500160000003234,14,14,Success,OFF,0.0,150.0,FLR_M01569521,training,Day_1,2026-04-23T160907Z,training,training_sessions,all_trials
69,24318.148992,24337.269984,5.020000000000437,-1,14,Miss,OFF,,150.0,FLR_M01569521,training,Day_1,2026-04-23T160907Z,training,training_sessions,all_trials
70,24338.269984,24369.387488,1.6365120000009483,4,14,Failure,OFF,160.0,150.0,FLR_M01569521,training,Day_1,2026-04-23T160907Z,training,training_sessions,all_trials
71,24370.387488,24386.676,4.177024000000529,7,14,Failure,OFF,-140.0,150.0,FLR_M01569521,training,Day_1,2026-04-23T160907Z,training,training_sessions,all_trials
72,24387.676,24399.009504,1.8605120000029274,4,14,Failure,OFF,160.0,150.0,FLR_M01569521,training,Day_1,2026-04-23T160907Z,training,training_sessions,all_trials
73,24400.009504,24452.617504,5.018528000000515,-1,14,Miss,OFF,,150.0,FLR_M01569521,training,Day_1,2026-04-23T160907Z,training,training_sessions,all_trials
74,24453.617504,24467.562976,5.013984000001074,-1,14,Miss,OFF,,150.0,FLR_M01569521,training,Day_1,2026-04-23T160907Z,training,training_sessions,all_trials
11,21224.284992,21238.956,3.867999999998574,8,8,Success,OFF,0.0,150.0,FLR_M01569521,training,Day_2,2026-04-25T190915Z,training,training_sessions,all_trials
12,21239.956,21265.407488,5.018496000000596,-1,8,Miss,OFF,,150.0,FLR_M01569521,training,Day_2,2026-04-25T190915Z,training,training_sessions,all_trials
13,21266.407488,21286.26048,5.020479999999225,-1,8,Miss,OFF,,150.0,FLR_M01569521,training,Day_2,2026-04-25T190915Z,training,training_sessions,all_trials
14,21287.26048,21298.258496,5.017503999999462,-1,8,Miss,OFF,,150.0,FLR_M01569521,training,Day_2,2026-04-25T190915Z,training,training_sessions,all_trials
15,21299.258496,21316.096992,5.008991999999125,-1,8,Miss,OFF,,150.0,FLR_M01569521,training,Day_2,2026-04-25T190915Z,training,training_sessions,all_trials
16,21317.096992,21328.574976,1.9369919999990088,5,8,Failure,OFF,-60.0,150.0,FLR_M01569521,training,Day_2,2026-04-25T190915Z,training,training_sessions,all_trials
17,21329.574976,21340.385984,1.9969920000003185,8,8,Success,OFF,0.0,150.0,FLR_M01569521,training,Day_2,2026-04-25T190915Z,training,training_sessions,all_trials
18,21341.385984,21351.636992,3.8489919999992708,8,8,Success,OFF,0.0,150.0,FLR_M01569521,training,Day_2,2026-04-25T190915Z,training,training_sessions,all_trials
19,21352.636992,21378.008,5.020000000000437,-1,8,Miss,OFF,,150.0,FLR_M01569521,training,Day_2,2026-04-25T190915Z,training,training_sessions,all_trials
20,21379.008,21394.350976,4.313984000000346,8,8,Success,OFF,0.0,150.0,FLR_M01569521,training,Day_2,2026-04-25T190915Z,training,training_sessions,all_trials
21,21395.350976,21424.651488,3.713503999999375,8,8,Success,OFF,0.0,150.0,FLR_M01569521,training,Day_2,2026-04-25T190915Z,training,training_sessions,all_trials
22,21425.651488,21441.00848,4.470496000001731,8,8,Success,OFF,0.0,150.0,FLR_M01569521,training,Day_2,2026-04-25T190915Z,training,training_sessions,all_trials
23,21442.00848,21455.160992,1.7710079999997106,8,8,Success,OFF,0.0,150.0,FLR_M01569521,training,Day_2,2026-04-25T190915Z,training,training_sessions,all_trials
24,21456.160992,21472.948,5.0090239999990445,-1,8,Miss,OFF,,150.0,FLR_M01569521,training,Day_2,2026-04-25T190915Z,training,training_sessions,all_trials
25,21473.948,21489.057984,5.020000000000437,-1,8,Miss,OFF,,150.0,FLR_M01569521,training,Day_2,2026-04-25T190915Z,training,training_sessions,all_trials
26,21490.057984,21507.810976,5.021983999999065,-1,8,Miss,OFF,,150.0,FLR_M01569521,training,Day_2,2026-04-25T190915Z,training,training_sessions,all_trials
27,21508.810976,21525.162976,3.5240000000012515,8,8,Success,OFF,0.0,150.0,FLR_M01569521,training,Day_2,2026-04-25T190915Z,training,training_sessions,all_trials
28,21526.162976,21540.612992,3.8750079999990703,8,8,Success,OFF,0.0,150.0,FLR_M01569521,training,Day_2,2026-04-25T190915Z,training,training_sessions,all_trials
29,21541.612992,21571.857984,5.019007999999303,-1,8,Miss,OFF,,150.0,FLR_M01569521,training,Day_2,2026-04-25T190915Z,training,training_sessions,all_trials
30,21572.857984,21584.808,5.019007999999303,-1,8,Miss,OFF,,150.0,FLR_M01569521,training,Day_2,2026-04-25T190915Z,training,training_sessions,all_trials
31,21585.808,21609.104992,3.667008000000351,8,8,Success,OFF,0.0,150.0,FLR_M01569521,training,Day_2,2026-04-25T190915Z,training,training_sessions,all_trials
32,21610.104992,21639.258496,5.0195199999980105,-1,8,Miss,OFF,,150.0,FLR_M01569521,training,Day_2,2026-04-25T190915Z,training,training_sessions,all_trials
33,21640.258496,21653.92848,3.088479999998526,8,8,Success,OFF,0.0,150.0,FLR_M01569521,training,Day_2,2026-04-25T190915Z,training,training_sessions,all_trials
34,21654.92848,21665.486976,3.3480000000017753,8,8,Success,OFF,0.0,150.0,FLR_M01569521,training,Day_2,2026-04-25T190915Z,training,training_sessions,all_trials
35,21666.486976,21681.884992,4.396991999998136,8,8,Success,OFF,0.0,150.0,FLR_M01569521,training,Day_2,2026-04-25T190915Z,training,training_sessions,all_trials
36,21682.884992,21696.128992,3.4900160000033793,8,8,Success,OFF,0.0,150.0,FLR_M01569521,training,Day_2,2026-04-25T190915Z,training,training_sessions,all_trials
37,21697.128992,21727.728992,3.791008000000147,8,8,Success,OFF,0.0,150.0,FLR_M01569521,training,Day_2,2026-04-25T190915Z,training,training_sessions,all_trials
38,21728.728992,21739.832992,3.395007999999507,8,8,Success,OFF,0.0,150.0,FLR_M01569521,training,Day_2,2026-04-25T190915Z,training,training_sessions,all_trials
39,21740.832992,21756.789984,2.451999999997497,8,8,Success,OFF,0.0,150.0,FLR_M01569521,training,Day_2,2026-04-25T190915Z,training,training_sessions,all_trials
40,21757.789984,21804.932992,4.295007999997324,8,8,Success,OFF,0.0,150.0,FLR_M01569521,training,Day_2,2026-04-25T190915Z,training,training_sessions,all_trials
41,21805.932992,21817.175488,2.8375039999991714,8,8,Success,OFF,0.0,150.0,FLR_M01569521,training,Day_2,2026-04-25T190915Z,training,training_sessions,all_trials
42,21818.175488,21833.871488,2.983488000001671,8,8,Success,OFF,0.0,150.0,FLR_M01569521,training,Day_2,2026-04-25T190915Z,training,training_sessions,all_trials
43,21834.871488,21858.936,2.699008000003232,8,8,Success,OFF,0.0,150.0,FLR_M01569521,training,Day_2,2026-04-25T190915Z,training,training_sessions,all_trials
44,21859.936,21886.82448,3.2375040000006265,8,8,Success,OFF,0.0,150.0,FLR_M01569521,training,Day_2,2026-04-25T190915Z,training,training_sessions,all_trials
45,21887.82448,21900.796992,5.008991999999125,-1,8,Miss,OFF,,150.0,FLR_M01569521,training,Day_2,2026-04-25T190915Z,training,training_sessions,all_trials
46,21901.796992,21911.417984,3.6270079999994778,8,8,Success,OFF,0.0,150.0,FLR_M01569521,training,Day_2,2026-04-25T190915Z,training,training_sessions,all_trials
47,21912.417984,21926.1,2.161023999997269,8,8,Success,OFF,0.0,150.0,FLR_M01569521,training,Day_2,2026-04-25T190915Z,training,training_sessions,all_trials
48,21927.1,21953.053504,3.0655039999983273,8,8,Success,OFF,0.0,150.0,FLR_M01569521,training,Day_2,2026-04-25T190915Z,training,training_sessions,all_trials
49,21954.053504,21966.459488,4.322496000000683,8,8,Success,OFF,0.0,150.0,FLR_M01569521,training,Day_2,2026-04-25T190915Z,training,training_sessions,all_trials
50,21967.459488,21977.034976,2.44800000000032,8,8,Success,OFF,0.0,150.0,FLR_M01569521,training,Day_2,2026-04-25T190915Z,training,training_sessions,all_trials
51,21978.034976,21996.720992,3.383007999997062,8,8,Success,OFF,0.0,150.0,FLR_M01569521,training,Day_2,2026-04-25T190915Z,training,training_sessions,all_trials
52,21997.720992,22009.837984,3.7499840000018594,8,8,Success,OFF,0.0,150.0,FLR_M01569521,training,Day_2,2026-04-25T190915Z,training,training_sessions,all_trials
53,22010.837984,22104.901984,3.0150079999984882,8,8,Success,OFF,0.0,150.0,FLR_M01569521,training,Day_2,2026-04-25T190915Z,training,training_sessions,all_trials
54,22105.901984,22121.656992,5.020000000000437,-1,8,Miss,OFF,,150.0,FLR_M01569521,training,Day_2,2026-04-25T190915Z,training,training_sessions,all_trials
55,22122.656992,22135.777504,4.189504000001762,8,8,Success,OFF,0.0,150.0,FLR_M01569521,training,Day_2,2026-04-25T190915Z,training,training_sessions,all_trials
56,22136.777504,22188.196,5.007008000000496,-1,8,Miss,OFF,,150.0,FLR_M01569521,training,Day_2,2026-04-25T190915Z,training,training_sessions,all_trials
57,22189.196,22245.045984,2.708991999999853,8,8,Success,OFF,0.0,150.0,FLR_M01569521,training,Day_2,2026-04-25T190915Z,training,training_sessions,all_trials
58,22246.045984,22256.485984,3.299007999998139,8,8,Success,OFF,0.0,150.0,FLR_M01569521,training,Day_2,2026-04-25T190915Z,training,training_sessions,all_trials
59,22257.485984,22279.463488,3.876512000002549,8,8,Success,OFF,0.0,150.0,FLR_M01569521,training,Day_2,2026-04-25T190915Z,training,training_sessions,all_trials
60,22280.463488,22288.962976,2.775999999998021,8,8,Success,OFF,0.0,150.0,FLR_M01569521,training,Day_2,2026-04-25T190915Z,training,training_sessions,all_trials
61,22289.962976,22324.754496,3.3144960000026913,8,8,Success,OFF,0.0,150.0,FLR_M01569521,training,Day_2,2026-04-25T190915Z,training,training_sessions,all_trials
62,22325.754496,22350.662496,4.425504000002547,8,8,Success,OFF,0.0,150.0,FLR_M01569521,training,Day_2,2026-04-25T190915Z,training,training_sessions,all_trials
63,22351.662496,22364.009984,3.8729920000005222,8,8,Success,OFF,0.0,150.0,FLR_M01569521,training,Day_2,2026-04-25T190915Z,training,training_sessions,all_trials
64,22365.009984,22385.585984,2.0979839999999967,8,8,Success,OFF,0.0,150.0,FLR_M01569521,training,Day_2,2026-04-25T190915Z,training,training_sessions,all_trials
65,22386.585984,22402.50848,5.020479999999225,-1,8,Miss,OFF,,150.0,FLR_M01569521,training,Day_2,2026-04-25T190915Z,training,training_sessions,all_trials
66,22403.50848,22412.623488,3.1365120000009483,8,8,Success,OFF,0.0,150.0,FLR_M01569521,training,Day_2,2026-04-25T190915Z,training,training_sessions,all_trials
67,22413.623488,22425.972,3.6330240000024787,8,8,Success,OFF,0.0,150.0,FLR_M01569521,training,Day_2,2026-04-25T190915Z,training,training_sessions,all_trials
68,22426.972,22443.958976,5.021984000002703,-1,8,Miss,OFF,,150.0,FLR_M01569521,training,Day_2,2026-04-25T190915Z,training,training_sessions,all_trials
69,22444.958976,22471.26,5.023008000000118,-1,8,Miss,OFF,,150.0,FLR_M01569521,training,Day_2,2026-04-25T190915Z,training,training_sessions,all_trials
70,22472.26,22482.868,2.330015999999887,8,8,Success,OFF,0.0,150.0,FLR_M01569521,training,Day_2,2026-04-25T190915Z,training,training_sessions,all_trials
71,22483.868,22494.364992,4.478015999997297,8,8,Success,OFF,0.0,150.0,FLR_M01569521,training,Day_2,2026-04-25T190915Z,training,training_sessions,all_trials
72,22495.364992,22514.41248,5.025503999997454,-1,8,Miss,OFF,,150.0,FLR_M01569521,training,Day_2,2026-04-25T190915Z,training,training_sessions,all_trials
73,22515.41248,22528.222976,4.985984000002645,8,8,Success,OFF,0.0,150.0,FLR_M01569521,training,Day_2,2026-04-25T190915Z,training,training_sessions,all_trials
11,12632.830976,12646.564992,5.015008000000307,-1,16,Miss,OFF,,150.0,FLR_M01569521,training,Day_3,2026-04-28T124547Z,training,training_sessions,all_trials
12,12647.564992,12657.26048,3.611488000000463,16,16,Success,OFF,0.0,150.0,FLR_M01569521,training,Day_3,2026-04-28T124547Z,training,training_sessions,all_trials
13,12658.26048,12735.259488,5.010495999998966,-1,16,Miss,OFF,,150.0,FLR_M01569521,training,Day_3,2026-04-28T124547Z,training,training_sessions,all_trials
14,12736.259488,12747.527488,4.528511999998955,16,16,Success,OFF,0.0,150.0,FLR_M01569521,training,Day_3,2026-04-28T124547Z,training,training_sessions,all_trials
15,12748.527488,12771.761984,5.013984000001074,-1,16,Miss,OFF,,150.0,FLR_M01569521,training,Day_3,2026-04-28T124547Z,training,training_sessions,all_trials
16,12772.761984,12802.908,5.007999999999811,-1,16,Miss,OFF,,150.0,FLR_M01569521,training,Day_3,2026-04-28T124547Z,training,training_sessions,all_trials
17,12803.908,12831.110496,5.012511999999333,-1,16,Miss,OFF,,150.0,FLR_M01569521,training,Day_3,2026-04-28T124547Z,training,training_sessions,all_trials
18,12832.110496,12857.776,4.377023999999437,16,16,Success,OFF,0.0,150.0,FLR_M01569521,training,Day_3,2026-04-28T124547Z,training,training_sessions,all_trials
19,12858.776,12875.262976,5.013983999999255,-1,16,Miss,OFF,,150.0,FLR_M01569521,training,Day_3,2026-04-28T124547Z,training,training_sessions,all_trials
20,12876.262976,12897.461504,5.012512000001152,-1,16,Miss,OFF,,150.0,FLR_M01569521,training,Day_3,2026-04-28T124547Z,training,training_sessions,all_trials
21,12898.461504,12921.416,4.318015999999261,16,16,Success,OFF,0.0,150.0,FLR_M01569521,training,Day_3,2026-04-28T124547Z,training,training_sessions,all_trials
22,12922.416,12950.80848,5.010495999998966,-1,16,Miss,OFF,,150.0,FLR_M01569521,training,Day_3,2026-04-28T124547Z,training,training_sessions,all_trials
23,12951.80848,12984.037984,2.4880000000011933,16,16,Success,OFF,0.0,150.0,FLR_M01569521,training,Day_3,2026-04-28T124547Z,training,training_sessions,all_trials
24,12985.037984,13007.150496,4.452511999999842,16,16,Success,OFF,0.0,150.0,FLR_M01569521,training,Day_3,2026-04-28T124547Z,training,training_sessions,all_trials
25,13008.150496,13024.719488,3.7704960000010033,16,16,Success,OFF,0.0,150.0,FLR_M01569521,training,Day_3,2026-04-28T124547Z,training,training_sessions,all_trials
26,13025.719488,13064.945504,4.096512000000075,16,16,Success,OFF,0.0,150.0,FLR_M01569521,training,Day_3,2026-04-28T124547Z,training,training_sessions,all_trials
27,13065.945504,13080.202976,1.6059839999998076,16,16,Success,OFF,0.0,150.0,FLR_M01569521,training,Day_3,2026-04-28T124547Z,training,training_sessions,all_trials
28,13081.202976,13093.188,1.941023999999743,16,16,Success,OFF,0.0,150.0,FLR_M01569521,training,Day_3,2026-04-28T124547Z,training,training_sessions,all_trials
29,13094.188,13121.135488,4.335488000000623,16,16,Success,OFF,0.0,150.0,FLR_M01569521,training,Day_3,2026-04-28T124547Z,training,training_sessions,all_trials
30,13122.135488,13139.842976,4.0449919999991835,16,16,Success,OFF,0.0,150.0,FLR_M01569521,training,Day_3,2026-04-28T124547Z,training,training_sessions,all_trials
31,13140.842976,13166.621984,3.4230079999997542,16,16,Success,OFF,0.0,150.0,FLR_M01569521,training,Day_3,2026-04-28T124547Z,training,training_sessions,all_trials
32,13167.621984,13183.750976,3.4529919999986305,16,16,Success,OFF,0.0,150.0,FLR_M01569521,training,Day_3,2026-04-28T124547Z,training,training_sessions,all_trials
33,13184.750976,13217.354976,2.5049920000001293,16,16,Success,OFF,0.0,150.0,FLR_M01569521,training,Day_3,2026-04-28T124547Z,training,training_sessions,all_trials
34,13218.354976,13235.826976,3.3800000000010186,16,16,Success,OFF,0.0,150.0,FLR_M01569521,training,Day_3,2026-04-28T124547Z,training,training_sessions,all_trials
35,13236.826976,13271.26,5.011007999999492,-1,16,Miss,OFF,,150.0,FLR_M01569521,training,Day_3,2026-04-28T124547Z,training,training_sessions,all_trials
36,13272.26,13285.712992,5.015008000000307,-1,16,Miss,OFF,,150.0,FLR_M01569521,training,Day_3,2026-04-28T124547Z,training,training_sessions,all_trials
37,13286.712992,13334.72,2.7230079999990267,16,16,Success,OFF,0.0,150.0,FLR_M01569521,training,Day_3,2026-04-28T124547Z,training,training_sessions,all_trials
38,13335.72,13348.317984,1.7199999999993452,16,16,Success,OFF,0.0,150.0,FLR_M01569521,training,Day_3,2026-04-28T124547Z,training,training_sessions,all_trials
39,13349.317984,13368.921504,4.123519999999189,16,16,Success,OFF,0.0,150.0,FLR_M01569521,training,Day_3,2026-04-28T124547Z,training,training_sessions,all_trials
40,13369.921504,13387.631488,4.1285120000011375,16,16,Success,OFF,0.0,150.0,FLR_M01569521,training,Day_3,2026-04-28T124547Z,training,training_sessions,all_trials
41,13388.631488,13408.32448,3.376479999998992,16,16,Success,OFF,0.0,150.0,FLR_M01569521,training,Day_3,2026-04-28T124547Z,training,training_sessions,all_trials
42,13409.32448,13424.068,2.3170239999999467,16,16,Success,OFF,0.0,150.0,FLR_M01569521,training,Day_3,2026-04-28T124547Z,training,training_sessions,all_trials
43,13425.068,13436.430976,2.832991999999649,16,16,Success,OFF,0.0,150.0,FLR_M01569521,training,Day_3,2026-04-28T124547Z,training,training_sessions,all_trials
44,13437.430976,13460.107488,2.554495999998835,16,16,Success,OFF,0.0,150.0,FLR_M01569521,training,Day_3,2026-04-28T124547Z,training,training_sessions,all_trials
45,13461.107488,13474.676992,2.1300160000009782,16,16,Success,OFF,0.0,150.0,FLR_M01569521,training,Day_3,2026-04-28T124547Z,training,training_sessions,all_trials
46,13475.676992,13494.158976,5.010976000001392,-1,16,Miss,OFF,,150.0,FLR_M01569521,training,Day_3,2026-04-28T124547Z,training,training_sessions,all_trials
47,13495.158976,13511.921984,2.5739840000005643,16,16,Success,OFF,0.0,150.0,FLR_M01569521,training,Day_3,2026-04-28T124547Z,training,training_sessions,all_trials
48,13512.921984,13530.822976,3.4239999999990687,16,16,Success,OFF,0.0,150.0,FLR_M01569521,training,Day_3,2026-04-28T124547Z,training,training_sessions,all_trials
49,13531.822976,13583.084992,3.9380160000000615,17,16,Failure,OFF,20.0,150.0,FLR_M01569521,training,Day_3,2026-04-28T124547Z,training,training_sessions,all_trials
50,13584.084992,13639.909504,5.012511999999333,-1,16,Miss,OFF,,150.0,FLR_M01569521,training,Day_3,2026-04-28T124547Z,training,training_sessions,all_trials
51,13640.909504,13652.962976,5.014976000000388,-1,16,Miss,OFF,,150.0,FLR_M01569521,training,Day_3,2026-04-28T124547Z,training,training_sessions,all_trials
52,13653.962976,13661.666976,1.6189759999997477,16,16,Success,OFF,0.0,150.0,FLR_M01569521,training,Day_3,2026-04-28T124547Z,training,training_sessions,all_trials
53,13662.666976,13689.16,5.013023999999859,-1,16,Miss,OFF,,150.0,FLR_M01569521,training,Day_3,2026-04-28T124547Z,training,training_sessions,all_trials
54,13690.16,13700.758496,5.011520000000019,-1,16,Miss,OFF,,150.0,FLR_M01569521,training,Day_3,2026-04-28T124547Z,training,training_sessions,all_trials
55,13701.758496,13713.661984,4.213983999999982,16,16,Success,OFF,0.0,150.0,FLR_M01569521,training,Day_3,2026-04-28T124547Z,training,training_sessions,all_trials
56,13714.661984,13790.074496,4.028511999998955,16,16,Success,OFF,0.0,150.0,FLR_M01569521,training,Day_3,2026-04-28T124547Z,training,training_sessions,all_trials
57,13791.074496,13820.685984,3.7379839999994147,16,16,Success,OFF,0.0,150.0,FLR_M01569521,training,Day_3,2026-04-28T124547Z,training,training_sessions,all_trials
58,13821.685984,13837.546496,2.8005120000016177,16,16,Success,OFF,0.0,150.0,FLR_M01569521,training,Day_3,2026-04-28T124547Z,training,training_sessions,all_trials
59,13838.546496,13893.559488,5.0135040000004665,-1,16,Miss,OFF,,150.0,FLR_M01569521,training,Day_3,2026-04-28T124547Z,training,training_sessions,all_trials
60,13894.559488,13932.811488,5.015487999999095,-1,16,Miss,OFF,,150.0,FLR_M01569521,training,Day_3,2026-04-28T124547Z,training,training_sessions,all_trials
61,13933.811488,13945.457984,5.012000000000626,-1,16,Miss,OFF,,150.0,FLR_M01569521,training,Day_3,2026-04-28T124547Z,training,training_sessions,all_trials
62,13946.457984,13960.177984,2.3299839999999676,16,16,Success,OFF,0.0,150.0,FLR_M01569521,training,Day_3,2026-04-28T124547Z,training,training_sessions,all_trials
63,13961.177984,13990.418976,3.02099200000157,16,16,Success,OFF,0.0,150.0,FLR_M01569521,training,Day_3,2026-04-28T124547Z,training,training_sessions,all_trials
64,13991.418976,14007.484,3.738016000001153,16,16,Success,OFF,0.0,150.0,FLR_M01569521,training,Day_3,2026-04-28T124547Z,training,training_sessions,all_trials
65,14008.484,14019.493984,2.7960000000002765,16,16,Success,OFF,0.0,150.0,FLR_M01569521,training,Day_3,2026-04-28T124547Z,training,training_sessions,all_trials
66,14020.493984,14158.024992,2.6289919999999256,17,16,Failure,OFF,20.0,150.0,FLR_M01569521,training,Day_3,2026-04-28T124547Z,training,training_sessions,all_trials
67,14159.024992,14243.26,5.013023999999859,-1,16,Miss,OFF,,150.0,FLR_M01569521,training,Day_3,2026-04-28T124547Z,training,training_sessions,all_trials
68,14244.26,14304.160992,5.011999999998807,-1,16,Miss,OFF,,150.0,FLR_M01569521,training,Day_3,2026-04-28T124547Z,training,training_sessions,all_trials
23,22248.89248,22271.948992,2.2839999999996508,17,17,Success,OFF,0.0,150.0,FLR_M01569521,training,Day_4,2026-04-29T161826Z,training,training_sessions,all_trials
24,22272.948992,22284.673984,2.5089919999991253,17,17,Success,OFF,0.0,150.0,FLR_M01569521,training,Day_4,2026-04-29T161826Z,training,training_sessions,all_trials
25,22285.673984,22298.127488,5.0135039999986475,-1,17,Miss,OFF,,150.0,FLR_M01569521,training,Day_4,2026-04-29T161826Z,training,training_sessions,all_trials
26,22299.127488,22307.536992,1.523008000000118,17,17,Success,OFF,0.0,150.0,FLR_M01569521,training,Day_4,2026-04-29T161826Z,training,training_sessions,all_trials
27,22308.536992,22323.052,4.236000000000786,17,17,Success,OFF,0.0,150.0,FLR_M01569521,training,Day_4,2026-04-29T161826Z,training,training_sessions,all_trials
28,22324.052,22339.636,3.4230079999979353,17,17,Success,OFF,0.0,150.0,FLR_M01569521,training,Day_4,2026-04-29T161826Z,training,training_sessions,all_trials
29,22340.636,22351.376,2.1100159999987227,17,17,Success,OFF,0.0,150.0,FLR_M01569521,training,Day_4,2026-04-29T161826Z,training,training_sessions,all_trials
30,22352.376,22364.480992,5.015008000002126,-1,17,Miss,OFF,,150.0,FLR_M01569521,training,Day_4,2026-04-29T161826Z,training,training_sessions,all_trials
31,22365.480992,22373.248992,1.9849920000015118,17,17,Success,OFF,0.0,150.0,FLR_M01569521,training,Day_4,2026-04-29T161826Z,training,training_sessions,all_trials
32,22374.248992,22389.718976,4.752992000001541,17,17,Success,OFF,0.0,150.0,FLR_M01569521,training,Day_4,2026-04-29T161826Z,training,training_sessions,all_trials
33,22390.718976,22403.932992,5.016991999997117,-1,17,Miss,OFF,,150.0,FLR_M01569521,training,Day_4,2026-04-29T161826Z,training,training_sessions,all_trials
34,22404.932992,22418.20848,4.493504000001849,17,17,Success,OFF,0.0,150.0,FLR_M01569521,training,Day_4,2026-04-29T161826Z,training,training_sessions,all_trials
35,22419.20848,22437.868,4.054015999998228,17,17,Success,OFF,0.0,150.0,FLR_M01569521,training,Day_4,2026-04-29T161826Z,training,training_sessions,all_trials
36,22438.868,22454.428,5.011999999998807,-1,17,Miss,OFF,,150.0,FLR_M01569521,training,Day_4,2026-04-29T161826Z,training,training_sessions,all_trials
37,22455.428,22470.988,2.824000000000524,17,17,Success,OFF,0.0,150.0,FLR_M01569521,training,Day_4,2026-04-29T161826Z,training,training_sessions,all_trials
38,22471.988,22492.358976,2.9949759999981325,17,17,Success,OFF,0.0,150.0,FLR_M01569521,training,Day_4,2026-04-29T161826Z,training,training_sessions,all_trials
39,22493.358976,22507.142976,4.079999999998108,17,17,Success,OFF,0.0,150.0,FLR_M01569521,training,Day_4,2026-04-29T161826Z,training,training_sessions,all_trials
40,22508.142976,22534.150976,3.688000000001921,17,17,Success,OFF,0.0,150.0,FLR_M01569521,training,Day_4,2026-04-29T161826Z,training,training_sessions,all_trials
41,22535.150976,22555.728,3.4650239999973564,17,17,Success,OFF,0.0,150.0,FLR_M01569521,training,Day_4,2026-04-29T161826Z,training,training_sessions,all_trials
42,22556.728,22575.264992,2.55199999999968,17,17,Success,OFF,0.0,150.0,FLR_M01569521,training,Day_4,2026-04-29T161826Z,training,training_sessions,all_trials
43,22576.264992,22593.274976,5.011999999998807,-1,17,Miss,OFF,,150.0,FLR_M01569521,training,Day_4,2026-04-29T161826Z,training,training_sessions,all_trials
44,22594.274976,22608.802976,3.5389759999998205,17,17,Success,OFF,0.0,150.0,FLR_M01569521,training,Day_4,2026-04-29T161826Z,training,training_sessions,all_trials
45,22609.802976,22622.258976,2.692992000000231,17,17,Success,OFF,0.0,150.0,FLR_M01569521,training,Day_4,2026-04-29T161826Z,training,training_sessions,all_trials
46,22623.258976,22636.745984,2.5329920000003767,17,17,Success,OFF,0.0,150.0,FLR_M01569521,training,Day_4,2026-04-29T161826Z,training,training_sessions,all_trials
47,22637.745984,22648.864,3.4490240000013728,17,17,Success,OFF,0.0,150.0,FLR_M01569521,training,Day_4,2026-04-29T161826Z,training,training_sessions,all_trials
48,22649.864,22661.153984,2.7400000000016007,17,17,Success,OFF,0.0,150.0,FLR_M01569521,training,Day_4,2026-04-29T161826Z,training,training_sessions,all_trials
49,22662.153984,22672.818976,2.054975999999442,17,17,Success,OFF,0.0,150.0,FLR_M01569521,training,Day_4,2026-04-29T161826Z,training,training_sessions,all_trials
50,22673.818976,22685.905984,2.6430079999990994,17,17,Success,OFF,0.0,150.0,FLR_M01569521,training,Day_4,2026-04-29T161826Z,training,training_sessions,all_trials
51,22686.905984,22698.775488,1.9114879999979166,17,17,Success,OFF,0.0,150.0,FLR_M01569521,training,Day_4,2026-04-29T161826Z,training,training_sessions,all_trials
52,22699.775488,22720.88,5.015008000002126,-1,17,Miss,OFF,,150.0,FLR_M01569521,training,Day_4,2026-04-29T161826Z,training,training_sessions,all_trials
53,22721.88,22736.376,5.013023999999859,-1,17,Miss,OFF,,150.0,FLR_M01569521,training,Day_4,2026-04-29T161826Z,training,training_sessions,all_trials
54,22737.376,22748.824992,5.011008000001311,-1,17,Miss,OFF,,150.0,FLR_M01569521,training,Day_4,2026-04-29T161826Z,training,training_sessions,all_trials
55,22749.824992,22760.077504,5.011520000000019,-1,17,Miss,OFF,,150.0,FLR_M01569521,training,Day_4,2026-04-29T161826Z,training,training_sessions,all_trials
56,22761.077504,22794.496992,4.283007999998517,17,17,Success,OFF,0.0,150.0,FLR_M01569521,training,Day_4,2026-04-29T161826Z,training,training_sessions,all_trials
57,22795.496992,22814.649504,4.0805120000004536,17,17,Success,OFF,0.0,150.0,FLR_M01569521,training,Day_4,2026-04-29T161826Z,training,training_sessions,all_trials
58,22815.649504,22831.130976,2.367999999998574,17,17,Success,OFF,0.0,150.0,FLR_M01569521,training,Day_4,2026-04-29T161826Z,training,training_sessions,all_trials
59,22832.130976,22842.782976,2.0679999999993015,17,17,Success,OFF,0.0,150.0,FLR_M01569521,training,Day_4,2026-04-29T161826Z,training,training_sessions,all_trials
60,22843.782976,22857.897984,2.6849919999986014,17,17,Success,OFF,0.0,150.0,FLR_M01569521,training,Day_4,2026-04-29T161826Z,training,training_sessions,all_trials
61,22858.897984,22869.736,3.721024000002217,17,17,Success,OFF,0.0,150.0,FLR_M01569521,training,Day_4,2026-04-29T161826Z,training,training_sessions,all_trials
62,22870.736,22882.344992,2.2830079999985173,17,17,Success,OFF,0.0,150.0,FLR_M01569521,training,Day_4,2026-04-29T161826Z,training,training_sessions,all_trials
63,22883.344992,22898.641984,3.079008000000613,17,17,Success,OFF,0.0,150.0,FLR_M01569521,training,Day_4,2026-04-29T161826Z,training,training_sessions,all_trials
64,22899.641984,22911.792992,2.828991999998834,17,17,Success,OFF,0.0,150.0,FLR_M01569521,training,Day_4,2026-04-29T161826Z,training,training_sessions,all_trials
65,22912.792992,22949.865984,3.5529920000008133,17,17,Success,OFF,0.0,150.0,FLR_M01569521,training,Day_4,2026-04-29T161826Z,training,training_sessions,all_trials
66,22950.865984,22960.816,1.6030079999982263,17,17,Success,OFF,0.0,150.0,FLR_M01569521,training,Day_4,2026-04-29T161826Z,training,training_sessions,all_trials
67,22961.816,22977.886976,2.922976000001654,17,17,Success,OFF,0.0,150.0,FLR_M01569521,training,Day_4,2026-04-29T161826Z,training,training_sessions,all_trials
68,22978.886976,22991.526496,5.0135039999986475,-1,17,Miss,OFF,,150.0,FLR_M01569521,training,Day_4,2026-04-29T161826Z,training,training_sessions,all_trials
69,22992.526496,23002.768,2.504000000000815,17,17,Success,OFF,0.0,150.0,FLR_M01569521,training,Day_4,2026-04-29T161826Z,training,training_sessions,all_trials
70,23003.768,23035.376,5.014016000000993,-1,17,Miss,OFF,,150.0,FLR_M01569521,training,Day_4,2026-04-29T161826Z,training,training_sessions,all_trials
71,23036.376,23046.632992,2.819999999999709,17,17,Success,OFF,0.0,150.0,FLR_M01569521,training,Day_4,2026-04-29T161826Z,training,training_sessions,all_trials
72,23047.632992,23066.809984,3.247007999998459,17,17,Success,OFF,0.0,150.0,FLR_M01569521,training,Day_4,2026-04-29T161826Z,training,training_sessions,all_trials
73,23067.809984,23086.838496,4.976512000001094,17,17,Success,OFF,0.0,150.0,FLR_M01569521,training,Day_4,2026-04-29T161826Z,training,training_sessions,all_trials
74,23087.838496,23108.010976,3.997984000001452,17,17,Success,OFF,0.0,150.0,FLR_M01569521,training,Day_4,2026-04-29T161826Z,training,training_sessions,all_trials
75,23109.010976,23133.12,5.007008000000496,17,17,Success,OFF,0.0,150.0,FLR_M01569521,training,Day_4,2026-04-29T161826Z,training,training_sessions,all_trials
76,23134.12,23147.131488,3.918495999998413,17,17,Success,OFF,0.0,150.0,FLR_M01569521,training,Day_4,2026-04-29T161826Z,training,training_sessions,all_trials
77,23148.131488,23158.392,2.6300159999991592,17,17,Success,OFF,0.0,150.0,FLR_M01569521,training,Day_4,2026-04-29T161826Z,training,training_sessions,all_trials
78,23159.392,23171.368992,3.006015999999363,17,17,Success,OFF,0.0,150.0,FLR_M01569521,training,Day_4,2026-04-29T161826Z,training,training_sessions,all_trials
79,23172.368992,23190.172,1.859999999996944,17,17,Success,OFF,0.0,150.0,FLR_M01569521,training,Day_4,2026-04-29T161826Z,training,training_sessions,all_trials
80,23191.172,23202.081984,2.817984000001161,17,17,Success,OFF,0.0,150.0,FLR_M01569521,training,Day_4,2026-04-29T161826Z,training,training_sessions,all_trials
81,23203.081984,23219.348,2.081024000002799,17,17,Success,OFF,0.0,150.0,FLR_M01569521,training,Day_4,2026-04-29T161826Z,training,training_sessions,all_trials
82,23220.348,23273.906976,1.8429759999999078,17,17,Success,OFF,0.0,150.0,FLR_M01569521,training,Day_4,2026-04-29T161826Z,training,training_sessions,all_trials
83,23274.906976,23290.581984,3.3689919999997073,17,17,Success,OFF,0.0,150.0,FLR_M01569521,training,Day_4,2026-04-29T161826Z,training,training_sessions,all_trials
84,23291.581984,23314.930496,2.018496000000596,17,17,Success,OFF,0.0,150.0,FLR_M01569521,training,Day_4,2026-04-29T161826Z,training,training_sessions,all_trials
85,23315.930496,23328.474496,2.411519999997836,17,17,Success,OFF,0.0,150.0,FLR_M01569521,training,Day_4,2026-04-29T161826Z,training,training_sessions,all_trials
86,23329.474496,23352.418976,2.5579839999991236,17,17,Success,OFF,0.0,150.0,FLR_M01569521,training,Day_4,2026-04-29T161826Z,training,training_sessions,all_trials
87,23353.418976,23363.388992,2.975008000001253,17,17,Success,OFF,0.0,150.0,FLR_M01569521,training,Day_4,2026-04-29T161826Z,training,training_sessions,all_trials
88,23364.388992,23395.248992,4.436000000001513,17,17,Success,OFF,0.0,150.0,FLR_M01569521,training,Day_4,2026-04-29T161826Z,training,training_sessions,all_trials
89,23396.248992,23410.230976,3.9179839999997057,17,17,Success,OFF,0.0,150.0,FLR_M01569521,training,Day_4,2026-04-29T161826Z,training,training_sessions,all_trials
90,23411.230976,23423.026976,5.014976000002207,-1,17,Miss,OFF,,150.0,FLR_M01569521,training,Day_4,2026-04-29T161826Z,training,training_sessions,all_trials
91,23424.026976,23436.729984,2.868000000002212,17,17,Success,OFF,0.0,150.0,FLR_M01569521,training,Day_4,2026-04-29T161826Z,training,training_sessions,all_trials
92,23437.729984,23447.641504,3.2285119999978633,17,17,Success,OFF,0.0,150.0,FLR_M01569521,training,Day_4,2026-04-29T161826Z,training,training_sessions,all_trials
93,23448.641504,23458.614976,3.049984000001132,17,17,Success,OFF,0.0,150.0,FLR_M01569521,training,Day_4,2026-04-29T161826Z,training,training_sessions,all_trials
94,23459.614976,23470.38,2.418015999999625,17,17,Success,OFF,0.0,150.0,FLR_M01569521,training,Day_4,2026-04-29T161826Z,training,training_sessions,all_trials
95,23471.38,23492.741984,2.5809919999992417,17,17,Success,OFF,0.0,150.0,FLR_M01569521,training,Day_4,2026-04-29T161826Z,training,training_sessions,all_trials
96,23493.741984,23517.016992,4.704991999999038,17,17,Success,OFF,0.0,150.0,FLR_M01569521,training,Day_4,2026-04-29T161826Z,training,training_sessions,all_trials
97,23518.016992,23532.108992,3.0969920000025013,17,17,Success,OFF,0.0,150.0,FLR_M01569521,training,Day_4,2026-04-29T161826Z,training,training_sessions,all_trials
98,23533.108992,23543.944,2.9320000000006985,17,17,Success,OFF,0.0,150.0,FLR_M01569521,training,Day_4,2026-04-29T161826Z,training,training_sessions,all_trials
99,23544.944,23560.652992,3.9910080000008747,17,17,Success,OFF,0.0,150.0,FLR_M01569521,training,Day_4,2026-04-29T161826Z,training,training_sessions,all_trials
100,23561.652992,23574.056,3.3440000000009604,17,17,Success,OFF,0.0,150.0,FLR_M01569521,training,Day_4,2026-04-29T161826Z,training,training_sessions,all_trials
101,23575.056,23589.409984,4.89600000000064,17,17,Success,OFF,0.0,150.0,FLR_M01569521,training,Day_4,2026-04-29T161826Z,training,training_sessions,all_trials
102,23590.409984,23600.720992,3.1100159999987227,17,17,Success,OFF,0.0,150.0,FLR_M01569521,training,Day_4,2026-04-29T161826Z,training,training_sessions,all_trials
103,23601.720992,23611.054496,1.8915200000010373,17,17,Success,OFF,0.0,150.0,FLR_M01569521,training,Day_4,2026-04-29T161826Z,training,training_sessions,all_trials
104,23612.054496,23644.738976,5.026976000001014,-1,17,Miss,OFF,,150.0,FLR_M01569521,training,Day_4,2026-04-29T161826Z,training,training_sessions,all_trials
105,23645.738976,23656.269984,3.3590079999994487,17,17,Success,OFF,0.0,150.0,FLR_M01569521,training,Day_4,2026-04-29T161826Z,training,training_sessions,all_trials
106,23657.269984,23670.044,5.032000000002881,-1,17,Miss,OFF,,150.0,FLR_M01569521,training,Day_4,2026-04-29T161826Z,training,training_sessions,all_trials
107,23671.044,23680.293984,2.432991999998194,17,17,Success,OFF,0.0,150.0,FLR_M01569521,training,Day_4,2026-04-29T161826Z,training,training_sessions,all_trials
108,23681.293984,23693.094976,1.9849920000015118,17,17,Success,OFF,0.0,150.0,FLR_M01569521,training,Day_4,2026-04-29T161826Z,training,training_sessions,all_trials
109,23694.094976,23702.658976,2.648991999998543,17,17,Success,OFF,0.0,150.0,FLR_M01569521,training,Day_4,2026-04-29T161826Z,training,training_sessions,all_trials
110,23703.658976,23716.476992,2.367999999998574,17,17,Success,OFF,0.0,150.0,FLR_M01569521,training,Day_4,2026-04-29T161826Z,training,training_sessions,all_trials
111,23717.476992,23727.772992,2.6100159999987227,17,17,Success,OFF,0.0,150.0,FLR_M01569521,training,Day_4,2026-04-29T161826Z,training,training_sessions,all_trials
112,23728.772992,23742.888,3.3270080000002054,17,17,Success,OFF,0.0,150.0,FLR_M01569521,training,Day_4,2026-04-29T161826Z,training,training_sessions,all_trials
113,23743.888,23753.249984,3.183999999997468,17,17,Success,OFF,0.0,150.0,FLR_M01569521,training,Day_4,2026-04-29T161826Z,training,training_sessions,all_trials
114,23754.249984,23767.88848,2.5264960000022256,17,17,Success,OFF,0.0,150.0,FLR_M01569521,training,Day_4,2026-04-29T161826Z,training,training_sessions,all_trials
115,23768.88848,23783.732,1.5200000000004366,17,17,Success,OFF,0.0,150.0,FLR_M01569521,training,Day_4,2026-04-29T161826Z,training,training_sessions,all_trials
116,23784.732,23797.276992,4.464991999997437,17,17,Success,OFF,0.0,150.0,FLR_M01569521,training,Day_4,2026-04-29T161826Z,training,training_sessions,all_trials
117,23798.276992,23825.744,2.2810239999998885,17,17,Success,OFF,0.0,150.0,FLR_M01569521,training,Day_4,2026-04-29T161826Z,training,training_sessions,all_trials
118,23826.744,23863.268992,1.907999999999447,17,17,Success,OFF,0.0,150.0,FLR_M01569521,training,Day_4,2026-04-29T161826Z,training,training_sessions,all_trials
119,23864.268992,23876.26,2.749023999997007,17,17,Success,OFF,0.0,150.0,FLR_M01569521,training,Day_4,2026-04-29T161826Z,training,training_sessions,all_trials
120,23877.26,23886.500992,2.190016000000469,17,17,Success,OFF,0.0,150.0,FLR_M01569521,training,Day_4,2026-04-29T161826Z,training,training_sessions,all_trials
121,23887.500992,23896.016992,1.8070079999997688,17,17,Success,OFF,0.0,150.0,FLR_M01569521,training,Day_4,2026-04-29T161826Z,training,training_sessions,all_trials
122,23897.016992,23913.844992,1.6849919999986014,17,17,Success,OFF,0.0,150.0,FLR_M01569521,training,Day_4,2026-04-29T161826Z,training,training_sessions,all_trials
123,23914.844992,23931.032,2.272000000000844,17,17,Success,OFF,0.0,150.0,FLR_M01569521,training,Day_4,2026-04-29T161826Z,training,training_sessions,all_trials
124,23932.032,23957.124,2.811999999998079,17,17,Success,OFF,0.0,150.0,FLR_M01569521,training,Day_4,2026-04-29T161826Z,training,training_sessions,all_trials
125,23958.124,23967.669984,2.308000000000902,17,17,Success,OFF,0.0,150.0,FLR_M01569521,training,Day_4,2026-04-29T161826Z,training,training_sessions,all_trials
126,23968.669984,23978.464,2.303007999998954,17,17,Success,OFF,0.0,150.0,FLR_M01569521,training,Day_4,2026-04-29T161826Z,training,training_sessions,all_trials
127,23979.464,23988.474976,2.8149760000014794,17,17,Success,OFF,0.0,150.0,FLR_M01569521,training,Day_4,2026-04-29T161826Z,training,training_sessions,all_trials
128,23989.474976,23998.100992,2.2399999999979627,17,17,Success,OFF,0.0,150.0,FLR_M01569521,training,Day_4,2026-04-29T161826Z,training,training_sessions,all_trials
129,23999.100992,24022.308992,4.7479999999995925,17,17,Success,OFF,0.0,150.0,FLR_M01569521,training,Day_4,2026-04-29T161826Z,training,training_sessions,all_trials
130,24023.308992,24037.92,3.211007999998401,17,17,Success,OFF,0.0,150.0,FLR_M01569521,training,Day_4,2026-04-29T161826Z,training,training_sessions,all_trials
131,24038.92,24051.361984,4.252991999997903,17,17,Success,OFF,0.0,150.0,FLR_M01569521,training,Day_4,2026-04-29T161826Z,training,training_sessions,all_trials
6,334.425088,352.946976,5.019999999999982,-1,0,Miss,OFF,,150.0,FLR_M01569521,training,Day_5,2026-04-30T151438Z,training,training_sessions,all_trials
7,353.946976,363.09008,2.913088000000016,0,0,Success,OFF,0.0,150.0,FLR_M01569521,training,Day_5,2026-04-30T151438Z,training,training_sessions,all_trials
8,364.09008,377.38592,2.858944000000008,0,0,Success,OFF,0.0,150.0,FLR_M01569521,training,Day_5,2026-04-30T151438Z,training,training_sessions,all_trials
9,378.38592,393.650496,5.023519999999962,-1,0,Miss,OFF,,150.0,FLR_M01569521,training,Day_5,2026-04-30T151438Z,training,training_sessions,all_trials
10,394.650496,428.748,5.021024000000011,-1,0,Miss,OFF,,150.0,FLR_M01569521,training,Day_5,2026-04-30T151438Z,training,training_sessions,all_trials
11,429.748,445.335488,5.009503999999993,-1,0,Miss,OFF,,150.0,FLR_M01569521,training,Day_5,2026-04-30T151438Z,training,training_sessions,all_trials
12,446.335488,461.548992,5.023008000000004,-1,0,Miss,OFF,,150.0,FLR_M01569521,training,Day_5,2026-04-30T151438Z,training,training_sessions,all_trials
13,462.548992,477.150496,5.021503999999993,-1,0,Miss,OFF,,150.0,FLR_M01569521,training,Day_5,2026-04-30T151438Z,training,training_sessions,all_trials
14,478.150496,497.847488,5.021503999999993,-1,0,Miss,OFF,,150.0,FLR_M01569521,training,Day_5,2026-04-30T151438Z,training,training_sessions,all_trials
15,498.847488,540.934976,5.006976000000009,-1,0,Miss,OFF,,150.0,FLR_M01569521,training,Day_5,2026-04-30T151438Z,training,training_sessions,all_trials
16,541.934976,556.198496,5.02051199999994,-1,0,Miss,OFF,,150.0,FLR_M01569521,training,Day_5,2026-04-30T151438Z,training,training_sessions,all_trials
17,557.198496,568.897984,5.019999999999982,-1,0,Miss,OFF,,150.0,FLR_M01569521,training,Day_5,2026-04-30T151438Z,training,training_sessions,all_trials
18,569.897984,590.550976,5.0229759999999715,-1,0,Miss,OFF,,150.0,FLR_M01569521,training,Day_5,2026-04-30T151438Z,training,training_sessions,all_trials
19,591.550976,603.636992,5.0100159999999505,-1,0,Miss,OFF,,150.0,FLR_M01569521,training,Day_5,2026-04-30T151438Z,training,training_sessions,all_trials
20,604.636992,638.348992,5.020991999999978,-1,0,Miss,OFF,,150.0,FLR_M01569521,training,Day_5,2026-04-30T151438Z,training,training_sessions,all_trials
21,639.348992,652.120224,2.093248000000017,0,0,Success,OFF,0.0,150.0,FLR_M01569521,training,Day_5,2026-04-30T151438Z,training,training_sessions,all_trials
22,653.120224,690.948896,2.8709119999999757,0,0,Success,OFF,0.0,150.0,FLR_M01569521,training,Day_5,2026-04-30T151438Z,training,training_sessions,all_trials
23,691.948896,714.678336,4.10035199999993,0,0,Success,OFF,0.0,150.0,FLR_M01569521,training,Day_5,2026-04-30T151438Z,training,training_sessions,all_trials
24,715.678336,729.972608,3.693632000000207,0,0,Success,OFF,0.0,150.0,FLR_M01569521,training,Day_5,2026-04-30T151438Z,training,training_sessions,all_trials
25,730.972608,749.449952,4.020960000000059,0,0,Success,OFF,0.0,150.0,FLR_M01569521,training,Day_5,2026-04-30T151438Z,training,training_sessions,all_trials
26,750.449952,762.145216,2.4162240000001702,0,0,Success,OFF,0.0,150.0,FLR_M01569521,training,Day_5,2026-04-30T151438Z,training,training_sessions,all_trials
27,763.145216,786.68272,3.3047360000001618,0,0,Success,OFF,0.0,150.0,FLR_M01569521,training,Day_5,2026-04-30T151438Z,training,training_sessions,all_trials
28,787.68272,799.832768,3.452767999999992,0,0,Success,OFF,0.0,150.0,FLR_M01569521,training,Day_5,2026-04-30T151438Z,training,training_sessions,all_trials
29,800.832768,822.072672,2.243680000000154,0,0,Success,OFF,0.0,150.0,FLR_M01569521,training,Day_5,2026-04-30T151438Z,training,training_sessions,all_trials
30,823.072672,836.967392,2.489408000000026,0,0,Success,OFF,0.0,150.0,FLR_M01569521,training,Day_5,2026-04-30T151438Z,training,training_sessions,all_trials
31,837.967392,850.04832,1.9693439999999782,0,0,Success,OFF,0.0,150.0,FLR_M01569521,training,Day_5,2026-04-30T151438Z,training,training_sessions,all_trials
32,851.04832,865.28448,2.405504000000178,0,0,Success,OFF,0.0,150.0,FLR_M01569521,training,Day_5,2026-04-30T151438Z,training,training_sessions,all_trials
33,866.28448,877.199616,2.521631999999954,0,0,Success,OFF,0.0,150.0,FLR_M01569521,training,Day_5,2026-04-30T151438Z,training,training_sessions,all_trials
34,878.199616,889.584864,3.4058880000000045,0,0,Success,OFF,0.0,150.0,FLR_M01569521,training,Day_5,2026-04-30T151438Z,training,training_sessions,all_trials
35,890.584864,901.13632,3.507327999999916,0,0,Success,OFF,0.0,150.0,FLR_M01569521,training,Day_5,2026-04-30T151438Z,training,training_sessions,all_trials
36,902.13632,919.9248960000001,2.345920000000092,0,0,Success,OFF,0.0,150.0,FLR_M01569521,training,Day_5,2026-04-30T151438Z,training,training_sessions,all_trials
37,920.9248960000001,931.395072,1.5160960000000614,0,0,Success,OFF,0.0,150.0,FLR_M01569521,training,Day_5,2026-04-30T151438Z,training,training_sessions,all_trials
38,932.395072,942.147008,2.1180160000000114,0,0,Success,OFF,0.0,150.0,FLR_M01569521,training,Day_5,2026-04-30T151438Z,training,training_sessions,all_trials
39,943.147008,956.905088,2.6261120000000346,0,0,Success,OFF,0.0,150.0,FLR_M01569521,training,Day_5,2026-04-30T151438Z,training,training_sessions,all_trials
40,957.905088,968.970208,3.0412159999998494,0,0,Success,OFF,0.0,150.0,FLR_M01569521,training,Day_5,2026-04-30T151438Z,training,training_sessions,all_trials
41,969.970208,978.589664,2.060671999999954,0,0,Success,OFF,0.0,150.0,FLR_M01569521,training,Day_5,2026-04-30T151438Z,training,training_sessions,all_trials
42,979.589664,989.1816,1.7036159999998972,0,0,Success,OFF,0.0,150.0,FLR_M01569521,training,Day_5,2026-04-30T151438Z,training,training_sessions,all_trials
43,990.1816,1000.908192,2.93119999999999,0,0,Success,OFF,0.0,150.0,FLR_M01569521,training,Day_5,2026-04-30T151438Z,training,training_sessions,all_trials
44,1001.908192,1013.700128,2.2721279999999524,0,0,Success,OFF,0.0,150.0,FLR_M01569521,training,Day_5,2026-04-30T151438Z,training,training_sessions,all_trials
45,1014.700128,1045.089088,2.5600959999999304,0,0,Success,OFF,0.0,150.0,FLR_M01569521,training,Day_5,2026-04-30T151438Z,training,training_sessions,all_trials
46,1046.089088,1065.82544,4.196448000000146,0,0,Success,OFF,0.0,150.0,FLR_M01569521,training,Day_5,2026-04-30T151438Z,training,training_sessions,all_trials
47,1066.82544,1078.0504,4.5224000000000615,0,0,Success,OFF,0.0,150.0,FLR_M01569521,training,Day_5,2026-04-30T151438Z,training,training_sessions,all_trials
48,1079.0504,1090.414656,3.4346559999999045,0,0,Success,OFF,0.0,150.0,FLR_M01569521,training,Day_5,2026-04-30T151438Z,training,training_sessions,all_trials
49,1091.414656,1103.292512,2.563519999999926,0,0,Success,OFF,0.0,150.0,FLR_M01569521,training,Day_5,2026-04-30T151438Z,training,training_sessions,all_trials
50,1104.292512,1126.629568,3.3965760000000955,0,0,Success,OFF,0.0,150.0,FLR_M01569521,training,Day_5,2026-04-30T151438Z,training,training_sessions,all_trials
51,1127.629568,1140.252,5.022015999999894,-1,0,Miss,OFF,,150.0,FLR_M01569521,training,Day_5,2026-04-30T151438Z,training,training_sessions,all_trials
52,1141.252,1157.637024,2.7580480000001444,0,0,Success,OFF,0.0,150.0,FLR_M01569521,training,Day_5,2026-04-30T151438Z,training,training_sessions,all_trials
53,1158.637024,1168.534944,2.254944000000023,0,0,Success,OFF,0.0,150.0,FLR_M01569521,training,Day_5,2026-04-30T151438Z,training,training_sessions,all_trials
54,1169.534944,1196.360128,4.129151999999976,0,0,Success,OFF,0.0,150.0,FLR_M01569521,training,Day_5,2026-04-30T151438Z,training,training_sessions,all_trials
55,1197.360128,1208.902336,3.4223360000000866,0,0,Success,OFF,0.0,150.0,FLR_M01569521,training,Day_5,2026-04-30T151438Z,training,training_sessions,all_trials
56,1209.902336,1223.09648,1.665503999999828,0,0,Success,OFF,0.0,150.0,FLR_M01569521,training,Day_5,2026-04-30T151438Z,training,training_sessions,all_trials
57,1224.09648,1257.91952,3.0905279999999493,0,0,Success,OFF,0.0,150.0,FLR_M01569521,training,Day_5,2026-04-30T151438Z,training,training_sessions,all_trials
58,1258.91952,1267.001088,1.2701119999999264,0,0,Success,OFF,0.0,150.0,FLR_M01569521,training,Day_5,2026-04-30T151438Z,training,training_sessions,all_trials
59,1268.001088,1280.3424,3.062400000000025,0,0,Success,OFF,0.0,150.0,FLR_M01569521,training,Day_5,2026-04-30T151438Z,training,training_sessions,all_trials
60,1281.3424,1292.056096,2.777119999999968,0,0,Success,OFF,0.0,150.0,FLR_M01569521,training,Day_5,2026-04-30T151438Z,training,training_sessions,all_trials
61,1293.056096,1303.115488,2.5864959999998973,0,0,Success,OFF,0.0,150.0,FLR_M01569521,training,Day_5,2026-04-30T151438Z,training,training_sessions,all_trials
62,1304.115488,1315.23776,3.0077759999999216,0,0,Success,OFF,0.0,150.0,FLR_M01569521,training,Day_5,2026-04-30T151438Z,training,training_sessions,all_trials
63,1316.23776,1327.30528,3.0752959999999803,0,0,Success,OFF,0.0,150.0,FLR_M01569521,training,Day_5,2026-04-30T151438Z,training,training_sessions,all_trials
64,1328.30528,1336.362688,1.9306879999999182,0,0,Success,OFF,0.0,150.0,FLR_M01569521,training,Day_5,2026-04-30T151438Z,training,training_sessions,all_trials
65,1337.362688,1352.069248,4.790271999999959,0,0,Success,OFF,0.0,150.0,FLR_M01569521,training,Day_5,2026-04-30T151438Z,training,training_sessions,all_trials
66,1353.069248,1365.903424,3.6724480000000312,0,0,Success,OFF,0.0,150.0,FLR_M01569521,training,Day_5,2026-04-30T151438Z,training,training_sessions,all_trials
67,1366.903424,1378.6592,4.680223999999953,0,0,Success,OFF,0.0,150.0,FLR_M01569521,training,Day_5,2026-04-30T151438Z,training,training_sessions,all_trials
68,1379.6592,1389.815904,1.93692800000008,0,0,Success,OFF,0.0,150.0,FLR_M01569521,training,Day_5,2026-04-30T151438Z,training,training_sessions,all_trials
69,1390.815904,1400.991968,2.1119679999999335,0,0,Success,OFF,0.0,150.0,FLR_M01569521,training,Day_5,2026-04-30T151438Z,training,training_sessions,all_trials
70,1401.991968,1410.768128,2.5391359999998713,0,0,Success,OFF,0.0,150.0,FLR_M01569521,training,Day_5,2026-04-30T151438Z,training,training_sessions,all_trials
71,1411.768128,1421.242912,3.0619199999998727,0,0,Success,OFF,0.0,150.0,FLR_M01569521,training,Day_5,2026-04-30T151438Z,training,training_sessions,all_trials
72,1422.242912,1430.237632,1.7556480000000647,0,0,Success,OFF,0.0,150.0,FLR_M01569521,training,Day_5,2026-04-30T151438Z,training,training_sessions,all_trials
73,1431.237632,1444.081888,2.2528959999999643,0,0,Success,OFF,0.0,150.0,FLR_M01569521,training,Day_5,2026-04-30T151438Z,training,training_sessions,all_trials
74,1445.081888,1457.736416,2.3074239999998554,0,0,Success,OFF,0.0,150.0,FLR_M01569521,training,Day_5,2026-04-30T151438Z,training,training_sessions,all_trials
75,1458.736416,1472.952768,4.574784000000136,0,0,Success,OFF,0.0,150.0,FLR_M01569521,training,Day_5,2026-04-30T151438Z,training,training_sessions,all_trials
76,1473.952768,1502.350496,5.02150400000005,-1,0,Miss,OFF,,150.0,FLR_M01569521,training,Day_5,2026-04-30T151438Z,training,training_sessions,all_trials
77,1503.350496,1559.488992,5.008992000000035,-1,0,Miss,OFF,,150.0,FLR_M01569521,training,Day_5,2026-04-30T151438Z,training,training_sessions,all_trials
78,1560.488992,1573.070432,1.840447999999924,0,0,Success,OFF,0.0,150.0,FLR_M01569521,training,Day_5,2026-04-30T151438Z,training,training_sessions,all_trials
79,1574.070432,1622.423424,2.343424000000141,0,0,Success,OFF,0.0,150.0,FLR_M01569521,training,Day_5,2026-04-30T151438Z,training,training_sessions,all_trials
80,1623.423424,1647.10064,3.1226560000000063,0,0,Success,OFF,0.0,150.0,FLR_M01569521,training,Day_5,2026-04-30T151438Z,training,training_sessions,all_trials
81,1648.10064,1667.699616,1.9206400000000485,0,0,Success,OFF,0.0,150.0,FLR_M01569521,training,Day_5,2026-04-30T151438Z,training,training_sessions,all_trials
82,1668.699616,1686.728416,1.6994239999999081,0,0,Success,OFF,0.0,150.0,FLR_M01569521,training,Day_5,2026-04-30T151438Z,training,training_sessions,all_trials
83,1687.728416,1698.080416,2.099423999999999,0,0,Success,OFF,0.0,150.0,FLR_M01569521,training,Day_5,2026-04-30T151438Z,training,training_sessions,all_trials
84,1699.080416,1752.167424,3.38742400000001,0,0,Success,OFF,0.0,150.0,FLR_M01569521,training,Day_5,2026-04-30T151438Z,training,training_sessions,all_trials
85,1753.167424,1769.325664,3.2956799999999475,0,0,Success,OFF,0.0,150.0,FLR_M01569521,training,Day_5,2026-04-30T151438Z,training,training_sessions,all_trials
86,1770.325664,1794.957504,5.028511999999864,-1,0,Miss,OFF,,150.0,FLR_M01569521,training,Day_5,2026-04-30T151438Z,training,training_sessions,all_trials
87,1795.957504,1813.170944,1.989951999999903,0,0,Success,OFF,0.0,150.0,FLR_M01569521,training,Day_5,2026-04-30T151438Z,training,training_sessions,all_trials
88,1814.170944,1979.105408,4.224415999999792,0,0,Success,OFF,0.0,150.0,FLR_M01569521,training,Day_5,2026-04-30T151438Z,training,training_sessions,all_trials
89,1980.105408,2017.779104,2.3981119999998555,0,0,Success,OFF,0.0,150.0,FLR_M01569521,training,Day_5,2026-04-30T151438Z,training,training_sessions,all_trials
90,2018.779104,2045.945248,4.81526400000007,0,0,Success,OFF,0.0,150.0,FLR_M01569521,training,Day_5,2026-04-30T151438Z,training,training_sessions,all_trials
91,2046.945248,2070.8072,2.476224000000002,0,0,Success,OFF,0.0,150.0,FLR_M01569521,training,Day_5,2026-04-30T151438Z,training,training_sessions,all_trials
92,2071.8072,2083.880704,2.6987200000003213,0,0,Success,OFF,0.0,150.0,FLR_M01569521,training,Day_5,2026-04-30T151438Z,training,training_sessions,all_trials
93,2084.880704,2126.011072,2.4300799999996343,0,0,Success,OFF,0.0,150.0,FLR_M01569521,training,Day_5,2026-04-30T151438Z,training,training_sessions,all_trials
94,2127.011072,2142.300288,3.6192959999998493,0,0,Success,OFF,0.0,150.0,FLR_M01569521,training,Day_5,2026-04-30T151438Z,training,training_sessions,all_trials
95,2143.300288,2153.57728,2.4463040000000547,0,0,Success,OFF,0.0,150.0,FLR_M01569521,training,Day_5,2026-04-30T151438Z,training,training_sessions,all_trials
96,2154.57728,2172.832928,2.101951999999983,0,0,Success,OFF,0.0,150.0,FLR_M01569521,training,Day_5,2026-04-30T151438Z,training,training_sessions,all_trials
97,2173.832928,2182.259072,1.9780799999998635,0,0,Success,OFF,0.0,150.0,FLR_M01569521,training,Day_5,2026-04-30T151438Z,training,training_sessions,all_trials
98,2183.259072,2195.037024,3.2570240000000013,0,0,Success,OFF,0.0,150.0,FLR_M01569521,training,Day_5,2026-04-30T151438Z,training,training_sessions,all_trials
99,2196.037024,2205.509856,1.8288640000000669,0,0,Success,OFF,0.0,150.0,FLR_M01569521,training,Day_5,2026-04-30T151438Z,training,training_sessions,all_trials
100,2206.509856,2217.789952,3.757951999999932,0,0,Success,OFF,0.0,150.0,FLR_M01569521,training,Day_5,2026-04-30T151438Z,training,training_sessions,all_trials
101,2218.789952,2295.546208,2.5652160000004187,0,0,Success,OFF,0.0,150.0,FLR_M01569521,training,Day_5,2026-04-30T151438Z,training,training_sessions,all_trials
102,2296.546208,2319.55168,2.4216959999998835,0,0,Success,OFF,0.0,150.0,FLR_M01569521,training,Day_5,2026-04-30T151438Z,training,training_sessions,all_trials
103,2320.55168,2339.542144,2.2621439999998074,0,0,Success,OFF,0.0,150.0,FLR_M01569521,training,Day_5,2026-04-30T151438Z,training,training_sessions,all_trials
104,2340.542144,2351.58064,2.798655999999937,0,0,Success,OFF,0.0,150.0,FLR_M01569521,training,Day_5,2026-04-30T151438Z,training,training_sessions,all_trials
105,2352.58064,2361.580992,2.400000000000091,0,0,Success,OFF,0.0,150.0,FLR_M01569521,training,Day_5,2026-04-30T151438Z,training,training_sessions,all_trials
106,2362.580992,2372.115328,2.233343999999761,0,0,Success,OFF,0.0,150.0,FLR_M01569521,training,Day_5,2026-04-30T151438Z,training,training_sessions,all_trials
107,2373.115328,2414.157504,5.022527999999966,-1,0,Miss,OFF,,150.0,FLR_M01569521,training,Day_5,2026-04-30T151438Z,training,training_sessions,all_trials
108,2415.157504,2424.977376,1.4463999999998123,0,0,Success,OFF,0.0,150.0,FLR_M01569521,training,Day_5,2026-04-30T151438Z,training,training_sessions,all_trials
109,2425.977376,2450.218528,3.9875520000000506,0,0,Success,OFF,0.0,150.0,FLR_M01569521,training,Day_5,2026-04-30T151438Z,training,training_sessions,all_trials
30,22919.628416,22958.617984,2.3529920000000857,7,7,Success,OFF,0.0,150.0,FbR_M01569522,training,Day_1,2026-04-21T155201Z,training,training_sessions,last_40
31,22959.617984,22986.968992,2.903999999998632,7,7,Success,OFF,0.0,150.0,FbR_M01569522,training,Day_1,2026-04-21T155201Z,training,training_sessions,last_40
32,22987.968992,23004.761984,2.4470079999991867,7,7,Success,OFF,0.0,150.0,FbR_M01569522,training,Day_1,2026-04-21T155201Z,training,training_sessions,last_40
33,23005.761984,23015.370976,2.152991999999358,7,7,Success,OFF,0.0,150.0,FbR_M01569522,training,Day_1,2026-04-21T155201Z,training,training_sessions,last_40
34,23016.370976,23026.086496,1.6704959999988205,8,7,Failure,OFF,20.0,150.0,FbR_M01569522,training,Day_1,2026-04-21T155201Z,training,training_sessions,last_40
35,23027.086496,23034.170976,1.2059840000001714,7,7,Success,OFF,0.0,150.0,FbR_M01569522,training,Day_1,2026-04-21T155201Z,training,training_sessions,last_40
36,23035.170976,23056.12,1.3040000000000873,8,7,Failure,OFF,20.0,150.0,FbR_M01569522,training,Day_1,2026-04-21T155201Z,training,training_sessions,last_40
37,23057.12,23098.816,3.5510079999985464,5,7,Failure,OFF,-40.0,150.0,FbR_M01569522,training,Day_1,2026-04-21T155201Z,training,training_sessions,last_40
38,23099.816,23115.338048,3.823072000002867,2,7,Failure,OFF,-100.0,150.0,FbR_M01569522,training,Day_1,2026-04-21T155201Z,training,training_sessions,last_40
39,23116.338048,23127.885984,2.821984000001976,6,7,Failure,OFF,-20.0,150.0,FbR_M01569522,training,Day_1,2026-04-21T155201Z,training,training_sessions,last_40
40,23128.885984,23137.008992,1.6919999999990978,6,7,Failure,OFF,-20.0,150.0,FbR_M01569522,training,Day_1,2026-04-21T155201Z,training,training_sessions,last_40
41,23138.008992,23156.709984,4.395007999999507,5,7,Failure,OFF,-40.0,150.0,FbR_M01569522,training,Day_1,2026-04-21T155201Z,training,training_sessions,last_40
42,23157.709984,23237.83648,5.016480000002048,-1,7,Miss,OFF,,150.0,FbR_M01569522,training,Day_1,2026-04-21T155201Z,training,training_sessions,last_40
43,23238.83648,23250.273408,2.758432000002358,2,7,Failure,OFF,-100.0,150.0,FbR_M01569522,training,Day_1,2026-04-21T155201Z,training,training_sessions,last_40
44,23251.273408,23264.18,5.015999999999622,-1,7,Miss,OFF,,150.0,FbR_M01569522,training,Day_1,2026-04-21T155201Z,training,training_sessions,last_40
45,23265.18,23292.652992,2.9380160000000615,5,7,Failure,OFF,-40.0,150.0,FbR_M01569522,training,Day_1,2026-04-21T155201Z,training,training_sessions,last_40
46,23293.652992,23307.27648,4.560480000000098,7,7,Success,OFF,0.0,150.0,FbR_M01569522,training,Day_1,2026-04-21T155201Z,training,training_sessions,last_40
47,23308.27648,23323.552,1.186015999999654,7,7,Success,OFF,0.0,150.0,FbR_M01569522,training,Day_1,2026-04-21T155201Z,training,training_sessions,last_40
48,23324.552,23337.592,1.6770240000005288,5,7,Failure,OFF,-40.0,150.0,FbR_M01569522,training,Day_1,2026-04-21T155201Z,training,training_sessions,last_40
49,23338.592,23351.278976,5.01299199999994,-1,7,Miss,OFF,,150.0,FbR_M01569522,training,Day_1,2026-04-21T155201Z,training,training_sessions,last_40
50,23352.278976,23367.221984,5.007008000000496,-1,7,Miss,OFF,,150.0,FbR_M01569522,training,Day_1,2026-04-21T155201Z,training,training_sessions,last_40
51,23368.221984,23395.355488,2.2895040000003064,7,7,Success,OFF,0.0,150.0,FbR_M01569522,training,Day_1,2026-04-21T155201Z,training,training_sessions,last_40
52,23396.355488,23415.476,4.561023999998724,7,7,Success,OFF,0.0,150.0,FbR_M01569522,training,Day_1,2026-04-21T155201Z,training,training_sessions,last_40
53,23416.476,23434.9,1.5850239999999758,5,7,Failure,OFF,-40.0,150.0,FbR_M01569522,training,Day_1,2026-04-21T155201Z,training,training_sessions,last_40
54,23435.9,23453.585984,2.621984000001248,6,7,Failure,OFF,-20.0,150.0,FbR_M01569522,training,Day_1,2026-04-21T155201Z,training,training_sessions,last_40
55,23454.585984,23470.731488,5.016512000001967,-1,7,Miss,OFF,,150.0,FbR_M01569522,training,Day_1,2026-04-21T155201Z,training,training_sessions,last_40
56,23471.731488,23494.174976,5.010975999997754,-1,7,Miss,OFF,,150.0,FbR_M01569522,training,Day_1,2026-04-21T155201Z,training,training_sessions,last_40
57,23495.174976,23572.480992,5.014016000000993,-1,7,Miss,OFF,,150.0,FbR_M01569522,training,Day_1,2026-04-21T155201Z,training,training_sessions,last_40
58,23573.480992,23626.983488,3.470496000001731,7,7,Success,OFF,0.0,150.0,FbR_M01569522,training,Day_1,2026-04-21T155201Z,training,training_sessions,last_40
59,23627.983488,23643.925984,5.012000000002445,-1,7,Miss,OFF,,150.0,FbR_M01569522,training,Day_1,2026-04-21T155201Z,training,training_sessions,last_40
60,23644.925984,23657.417984,3.2520000000004075,8,7,Failure,OFF,20.0,150.0,FbR_M01569522,training,Day_1,2026-04-21T155201Z,training,training_sessions,last_40
61,23658.417984,23669.428,3.9630079999988084,7,7,Success,OFF,0.0,150.0,FbR_M01569522,training,Day_1,2026-04-21T155201Z,training,training_sessions,last_40
62,23670.428,23683.128992,5.015008000002126,-1,7,Miss,OFF,,150.0,FbR_M01569522,training,Day_1,2026-04-21T155201Z,training,training_sessions,last_40
63,23684.128992,23744.727488,5.014495999999781,-1,7,Miss,OFF,,150.0,FbR_M01569522,training,Day_1,2026-04-21T155201Z,training,training_sessions,last_40
64,23745.727488,23758.865984,5.001983999998629,-1,7,Miss,OFF,,150.0,FbR_M01569522,training,Day_1,2026-04-21T155201Z,training,training_sessions,last_40
65,23759.865984,23817.454976,2.592000000000553,7,7,Success,OFF,0.0,150.0,FbR_M01569522,training,Day_1,2026-04-21T155201Z,training,training_sessions,last_40
66,23818.454976,23847.236992,2.2230079999972077,7,7,Success,OFF,0.0,150.0,FbR_M01569522,training,Day_1,2026-04-21T155201Z,training,training_sessions,last_40
67,23848.236992,23924.098976,2.4349760000004608,5,7,Failure,OFF,-40.0,150.0,FbR_M01569522,training,Day_1,2026-04-21T155201Z,training,training_sessions,last_40
68,23925.098976,23961.820992,5.006015999999363,-1,7,Miss,OFF,,150.0,FbR_M01569522,training,Day_1,2026-04-21T155201Z,training,training_sessions,last_40
69,23962.820992,24015.518976,5.004000000000815,-1,7,Miss,OFF,,150.0,FbR_M01569522,training,Day_1,2026-04-21T155201Z,training,training_sessions,last_40
59,26538.84048,26620.588,3.5760000000009313,13,14,Failure,OFF,-20.0,150.0,FbR_M01569522,training,Day_2,2026-04-23T165237Z,training,training_sessions,last_40
60,26621.588,26629.956992,2.4969920000003185,14,14,Success,OFF,0.0,150.0,FbR_M01569522,training,Day_2,2026-04-23T165237Z,training,training_sessions,last_40
61,26630.956992,26639.525984,2.8150080000013986,14,14,Success,OFF,0.0,150.0,FbR_M01569522,training,Day_2,2026-04-23T165237Z,training,training_sessions,last_40
62,26640.525984,26656.364992,3.3040000000000873,14,14,Success,OFF,0.0,150.0,FbR_M01569522,training,Day_2,2026-04-23T165237Z,training,training_sessions,last_40
63,26657.364992,26683.669984,4.259999999998399,14,14,Success,OFF,0.0,150.0,FbR_M01569522,training,Day_2,2026-04-23T165237Z,training,training_sessions,last_40
64,26684.669984,26698.977984,5.0179840000018885,-1,14,Miss,OFF,,150.0,FbR_M01569522,training,Day_2,2026-04-23T165237Z,training,training_sessions,last_40
65,26699.977984,26707.653984,2.392992000000959,14,14,Success,OFF,0.0,150.0,FbR_M01569522,training,Day_2,2026-04-23T165237Z,training,training_sessions,last_40
66,26708.653984,26720.629984,2.269983999998658,14,14,Success,OFF,0.0,150.0,FbR_M01569522,training,Day_2,2026-04-23T165237Z,training,training_sessions,last_40
67,26721.629984,26730.073984,1.7139839999981632,14,14,Success,OFF,0.0,150.0,FbR_M01569522,training,Day_2,2026-04-23T165237Z,training,training_sessions,last_40
68,26731.073984,26741.72448,2.1144960000019637,14,14,Success,OFF,0.0,150.0,FbR_M01569522,training,Day_2,2026-04-23T165237Z,training,training_sessions,last_40
69,26742.72448,26752.143488,1.9335040000005392,14,14,Success,OFF,0.0,150.0,FbR_M01569522,training,Day_2,2026-04-23T165237Z,training,training_sessions,last_40
70,26753.143488,26763.825504,1.765503999999055,14,14,Success,OFF,0.0,150.0,FbR_M01569522,training,Day_2,2026-04-23T165237Z,training,training_sessions,last_40
71,26764.825504,26772.69248,1.7815040000023146,14,14,Success,OFF,0.0,150.0,FbR_M01569522,training,Day_2,2026-04-23T165237Z,training,training_sessions,last_40
72,26773.69248,26781.849504,1.7875200000016775,14,14,Success,OFF,0.0,150.0,FbR_M01569522,training,Day_2,2026-04-23T165237Z,training,training_sessions,last_40
73,26782.849504,26810.506976,3.9949760000017704,14,14,Success,OFF,0.0,150.0,FbR_M01569522,training,Day_2,2026-04-23T165237Z,training,training_sessions,last_40
74,26811.506976,26818.833504,1.6225279999998747,14,14,Success,OFF,0.0,150.0,FbR_M01569522,training,Day_2,2026-04-23T165237Z,training,training_sessions,last_40
75,26819.833504,26848.072,2.3630080000002636,14,14,Success,OFF,0.0,150.0,FbR_M01569522,training,Day_2,2026-04-23T165237Z,training,training_sessions,last_40
76,26849.072,26878.404992,3.54399999999805,14,14,Success,OFF,0.0,150.0,FbR_M01569522,training,Day_2,2026-04-23T165237Z,training,training_sessions,last_40
77,26879.404992,26891.549984,1.9889920000023267,14,14,Success,OFF,0.0,150.0,FbR_M01569522,training,Day_2,2026-04-23T165237Z,training,training_sessions,last_40
78,26892.549984,26909.788,3.5280000000020664,14,14,Success,OFF,0.0,150.0,FbR_M01569522,training,Day_2,2026-04-23T165237Z,training,training_sessions,last_40
79,26910.788,26919.310976,2.1480000000010477,14,14,Success,OFF,0.0,150.0,FbR_M01569522,training,Day_2,2026-04-23T165237Z,training,training_sessions,last_40
80,26920.310976,26931.133504,2.271520000002056,14,14,Success,OFF,0.0,150.0,FbR_M01569522,training,Day_2,2026-04-23T165237Z,training,training_sessions,last_40
81,26932.133504,26939.82,1.8590079999994487,14,14,Success,OFF,0.0,150.0,FbR_M01569522,training,Day_2,2026-04-23T165237Z,training,training_sessions,last_40
82,26940.82,26948.756992,1.6470079999999143,14,14,Success,OFF,0.0,150.0,FbR_M01569522,training,Day_2,2026-04-23T165237Z,training,training_sessions,last_40
83,26949.756992,26959.471488,1.962496000000101,14,14,Success,OFF,0.0,150.0,FbR_M01569522,training,Day_2,2026-04-23T165237Z,training,training_sessions,last_40
84,26960.471488,26970.578976,2.5679999999993015,14,14,Success,OFF,0.0,150.0,FbR_M01569522,training,Day_2,2026-04-23T165237Z,training,training_sessions,last_40
85,26971.578976,26990.588,3.6790079999991576,14,14,Success,OFF,0.0,150.0,FbR_M01569522,training,Day_2,2026-04-23T165237Z,training,training_sessions,last_40
86,26991.588,27002.537504,4.1285119999993185,14,14,Success,OFF,0.0,150.0,FbR_M01569522,training,Day_2,2026-04-23T165237Z,training,training_sessions,last_40
87,27003.537504,27014.030496,5.0195199999980105,-1,14,Miss,OFF,,150.0,FbR_M01569522,training,Day_2,2026-04-23T165237Z,training,training_sessions,last_40
88,27015.030496,27032.482976,5.022976000000199,-1,14,Miss,OFF,,150.0,FbR_M01569522,training,Day_2,2026-04-23T165237Z,training,training_sessions,last_40
89,27033.482976,27041.908992,2.2980160000006435,14,14,Success,OFF,0.0,150.0,FbR_M01569522,training,Day_2,2026-04-23T165237Z,training,training_sessions,last_40
90,27042.908992,27051.413984,3.0550079999993613,14,14,Success,OFF,0.0,150.0,FbR_M01569522,training,Day_2,2026-04-23T165237Z,training,training_sessions,last_40
91,27052.413984,27063.362976,3.903999999998632,14,14,Success,OFF,0.0,150.0,FbR_M01569522,training,Day_2,2026-04-23T165237Z,training,training_sessions,last_40
92,27064.362976,27096.18,5.021024000001489,-1,14,Miss,OFF,,150.0,FbR_M01569522,training,Day_2,2026-04-23T165237Z,training,training_sessions,last_40
93,27097.18,27107.280992,5.020000000000437,-1,14,Miss,OFF,,150.0,FbR_M01569522,training,Day_2,2026-04-23T165237Z,training,training_sessions,last_40
94,27108.280992,27160.030496,5.020511999999144,-1,14,Miss,OFF,,150.0,FbR_M01569522,training,Day_2,2026-04-23T165237Z,training,training_sessions,last_40
95,27161.030496,27192.164,4.205023999998957,14,14,Success,OFF,0.0,150.0,FbR_M01569522,training,Day_2,2026-04-23T165237Z,training,training_sessions,last_40
96,27193.164,27215.306496,4.046496000002662,14,14,Success,OFF,0.0,150.0,FbR_M01569522,training,Day_2,2026-04-23T165237Z,training,training_sessions,last_40
97,27216.306496,27238.18,5.020000000000437,-1,14,Miss,OFF,,150.0,FbR_M01569522,training,Day_2,2026-04-23T165237Z,training,training_sessions,last_40
98,27239.18,27255.401984,2.6430079999990994,14,14,Success,OFF,0.0,150.0,FbR_M01569522,training,Day_2,2026-04-23T165237Z,training,training_sessions,last_40
32,18874.861984,18888.744512,4.844511999999668,2,2,Success,OFF,0.0,150.0,FbR_M01569522,training,Day_3,2026-04-25T182521Z,training,training_sessions,last_40
33,18889.744512,18901.612992,5.011999999998807,-1,2,Miss,OFF,,150.0,FbR_M01569522,training,Day_3,2026-04-25T182521Z,training,training_sessions,last_40
34,18902.612992,18941.276992,5.028991999999562,-1,2,Miss,OFF,,150.0,FbR_M01569522,training,Day_3,2026-04-25T182521Z,training,training_sessions,last_40
35,18942.276992,18955.604992,1.9049919999997655,12,2,Failure,OFF,-160.0,150.0,FbR_M01569522,training,Day_3,2026-04-25T182521Z,training,training_sessions,last_40
36,18956.604992,18970.199712,3.9507200000007288,2,2,Success,OFF,0.0,150.0,FbR_M01569522,training,Day_3,2026-04-25T182521Z,training,training_sessions,last_40
37,18971.199712,18982.248,3.047999999998865,3,2,Failure,OFF,20.0,150.0,FbR_M01569522,training,Day_3,2026-04-25T182521Z,training,training_sessions,last_40
38,18983.248,18998.406976,5.008991999999125,-1,2,Miss,OFF,,150.0,FbR_M01569522,training,Day_3,2026-04-25T182521Z,training,training_sessions,last_40
39,18999.406976,19012.184,1.4360000000015134,3,2,Failure,OFF,20.0,150.0,FbR_M01569522,training,Day_3,2026-04-25T182521Z,training,training_sessions,last_40
40,19013.184,19028.176992,3.0780159999994794,7,2,Failure,OFF,100.0,150.0,FbR_M01569522,training,Day_3,2026-04-25T182521Z,training,training_sessions,last_40
41,19029.176992,19059.008992,2.211007999998401,6,2,Failure,OFF,80.0,150.0,FbR_M01569522,training,Day_3,2026-04-25T182521Z,training,training_sessions,last_40
42,19060.008992,19070.658848,4.9608640000005835,2,2,Success,OFF,0.0,150.0,FbR_M01569522,training,Day_3,2026-04-25T182521Z,training,training_sessions,last_40
43,19071.658848,19080.480992,1.5830080000014277,3,2,Failure,OFF,20.0,150.0,FbR_M01569522,training,Day_3,2026-04-25T182521Z,training,training_sessions,last_40
44,19081.480992,19144.712,5.014016000000993,-1,2,Miss,OFF,,150.0,FbR_M01569522,training,Day_3,2026-04-25T182521Z,training,training_sessions,last_40
45,19145.712,19217.314688,4.215711999997438,2,2,Success,OFF,0.0,150.0,FbR_M01569522,training,Day_3,2026-04-25T182521Z,training,training_sessions,last_40
46,19218.314688,19238.179232,4.781247999999323,2,2,Success,OFF,0.0,150.0,FbR_M01569522,training,Day_3,2026-04-25T182521Z,training,training_sessions,last_40
47,19239.179232,19251.076,2.3780160000023898,3,2,Failure,OFF,20.0,150.0,FbR_M01569522,training,Day_3,2026-04-25T182521Z,training,training_sessions,last_40
48,19252.076,19268.660992,5.01299199999994,-1,2,Miss,OFF,,150.0,FbR_M01569522,training,Day_3,2026-04-25T182521Z,training,training_sessions,last_40
49,19269.660992,19279.917088,1.9680959999968763,2,2,Success,OFF,0.0,150.0,FbR_M01569522,training,Day_3,2026-04-25T182521Z,training,training_sessions,last_40
50,19280.917088,19297.764352,3.6663679999983287,2,2,Success,OFF,0.0,150.0,FbR_M01569522,training,Day_3,2026-04-25T182521Z,training,training_sessions,last_40
51,19298.764352,19312.356992,5.008991999999125,-1,2,Miss,OFF,,150.0,FbR_M01569522,training,Day_3,2026-04-25T182521Z,training,training_sessions,last_40
52,19313.356992,19321.855296,2.8072960000026796,2,2,Success,OFF,0.0,150.0,FbR_M01569522,training,Day_3,2026-04-25T182521Z,training,training_sessions,last_40
53,19322.855296,19334.50416,2.504160000000411,2,2,Success,OFF,0.0,150.0,FbR_M01569522,training,Day_3,2026-04-25T182521Z,training,training_sessions,last_40
54,19335.50416,19344.98,2.279999999998836,4,2,Failure,OFF,40.0,150.0,FbR_M01569522,training,Day_3,2026-04-25T182521Z,training,training_sessions,last_40
55,19345.98,19357.172736,2.8747519999997166,2,2,Success,OFF,0.0,150.0,FbR_M01569522,training,Day_3,2026-04-25T182521Z,training,training_sessions,last_40
56,19358.172736,19384.787776,2.188799999999901,2,2,Success,OFF,0.0,150.0,FbR_M01569522,training,Day_3,2026-04-25T182521Z,training,training_sessions,last_40
57,19385.787776,19412.876224,3.876223999999638,2,2,Success,OFF,0.0,150.0,FbR_M01569522,training,Day_3,2026-04-25T182521Z,training,training_sessions,last_40
58,19413.876224,19427.071328,2.523328000002948,2,2,Success,OFF,0.0,150.0,FbR_M01569522,training,Day_3,2026-04-25T182521Z,training,training_sessions,last_40
59,19428.071328,19440.39552,4.345535999997082,2,2,Success,OFF,0.0,150.0,FbR_M01569522,training,Day_3,2026-04-25T182521Z,training,training_sessions,last_40
60,19441.39552,19454.506976,3.506976000000577,2,2,Success,OFF,0.0,150.0,FbR_M01569522,training,Day_3,2026-04-25T182521Z,training,training_sessions,last_40
61,19455.506976,19468.34944,2.0014400000000023,1,2,Failure,OFF,-20.0,150.0,FbR_M01569522,training,Day_3,2026-04-25T182521Z,training,training_sessions,last_40
62,19469.34944,19491.1144,3.6674239999993006,2,2,Success,OFF,0.0,150.0,FbR_M01569522,training,Day_3,2026-04-25T182521Z,training,training_sessions,last_40
63,19492.1144,19514.278432,2.2304320000002917,2,2,Success,OFF,0.0,150.0,FbR_M01569522,training,Day_3,2026-04-25T182521Z,training,training_sessions,last_40
64,19515.278432,19544.80528,3.85628799999904,2,2,Success,OFF,0.0,150.0,FbR_M01569522,training,Day_3,2026-04-25T182521Z,training,training_sessions,last_40
65,19545.80528,19556.66,5.011008000001311,-1,2,Miss,OFF,,150.0,FbR_M01569522,training,Day_3,2026-04-25T182521Z,training,training_sessions,last_40
66,19557.66,19573.22048,5.020479999999225,-1,2,Miss,OFF,,150.0,FbR_M01569522,training,Day_3,2026-04-25T182521Z,training,training_sessions,last_40
67,19574.22048,19606.174912,4.2759359999981825,2,2,Success,OFF,0.0,150.0,FbR_M01569522,training,Day_3,2026-04-25T182521Z,training,training_sessions,last_40
68,19607.174912,19675.206976,5.008992000002763,-1,2,Miss,OFF,,150.0,FbR_M01569522,training,Day_3,2026-04-25T182521Z,training,training_sessions,last_40
69,19676.206976,19708.154752,1.9057599999978265,2,2,Success,OFF,0.0,150.0,FbR_M01569522,training,Day_3,2026-04-25T182521Z,training,training_sessions,last_40
70,19709.154752,19723.1672,3.518208000001323,2,2,Success,OFF,0.0,150.0,FbR_M01569522,training,Day_3,2026-04-25T182521Z,training,training_sessions,last_40
71,19724.1672,19740.482912,3.034911999999167,2,2,Success,OFF,0.0,150.0,FbR_M01569522,training,Day_3,2026-04-25T182521Z,training,training_sessions,last_40
55,28044.447904,28054.84,1.9930239999994228,16,16,Success,OFF,0.0,150.0,FbR_M01569522,training,Day_4,2026-04-28T165257Z,training,training_sessions,last_40
56,28055.84,28067.865504,4.520512000002782,16,16,Success,OFF,0.0,150.0,FbR_M01569522,training,Day_4,2026-04-28T165257Z,training,training_sessions,last_40
57,28068.865504,28077.980096,2.0351039999986824,16,16,Success,OFF,0.0,150.0,FbR_M01569522,training,Day_4,2026-04-28T165257Z,training,training_sessions,last_40
58,28078.980096,28090.905984,3.5600000000013097,16,16,Success,OFF,0.0,150.0,FbR_M01569522,training,Day_4,2026-04-28T165257Z,training,training_sessions,last_40
59,28091.905984,28111.228,3.483007999999245,17,16,Failure,OFF,20.0,150.0,FbR_M01569522,training,Day_4,2026-04-28T165257Z,training,training_sessions,last_40
60,28112.228,28126.160992,3.8649920000025304,16,16,Success,OFF,0.0,150.0,FbR_M01569522,training,Day_4,2026-04-28T165257Z,training,training_sessions,last_40
61,28127.160992,28139.786976,2.489983999999822,16,16,Success,OFF,0.0,150.0,FbR_M01569522,training,Day_4,2026-04-28T165257Z,training,training_sessions,last_40
62,28140.786976,28159.851488,5.004511999999522,16,16,Success,OFF,0.0,150.0,FbR_M01569522,training,Day_4,2026-04-28T165257Z,training,training_sessions,last_40
63,28160.851488,28174.732,2.8359999999993306,16,16,Success,OFF,0.0,150.0,FbR_M01569522,training,Day_4,2026-04-28T165257Z,training,training_sessions,last_40
64,28175.732,28185.076992,1.9300159999984317,16,16,Success,OFF,0.0,150.0,FbR_M01569522,training,Day_4,2026-04-28T165257Z,training,training_sessions,last_40
65,28186.076992,28202.682976,3.587999999999738,16,16,Success,OFF,0.0,150.0,FbR_M01569522,training,Day_4,2026-04-28T165257Z,training,training_sessions,last_40
66,28203.682976,28220.005984,4.711007999998401,16,16,Success,OFF,0.0,150.0,FbR_M01569522,training,Day_4,2026-04-28T165257Z,training,training_sessions,last_40
67,28221.005984,28232.113504,3.41852800000197,16,16,Success,OFF,0.0,150.0,FbR_M01569522,training,Day_4,2026-04-28T165257Z,training,training_sessions,last_40
68,28233.113504,28246.02848,3.682496000001265,16,16,Success,OFF,0.0,150.0,FbR_M01569522,training,Day_4,2026-04-28T165257Z,training,training_sessions,last_40
69,28247.02848,28256.812,2.067008000001806,16,16,Success,OFF,0.0,150.0,FbR_M01569522,training,Day_4,2026-04-28T165257Z,training,training_sessions,last_40
70,28257.812,28273.034496,2.9885119999999006,16,16,Success,OFF,0.0,150.0,FbR_M01569522,training,Day_4,2026-04-28T165257Z,training,training_sessions,last_40
71,28274.034496,28311.673504,3.4275199999974575,16,16,Success,OFF,0.0,150.0,FbR_M01569522,training,Day_4,2026-04-28T165257Z,training,training_sessions,last_40
72,28312.673504,28326.432992,4.287007999999332,16,16,Success,OFF,0.0,150.0,FbR_M01569522,training,Day_4,2026-04-28T165257Z,training,training_sessions,last_40
73,28327.432992,28340.388992,2.391007999998692,16,16,Success,OFF,0.0,150.0,FbR_M01569522,training,Day_4,2026-04-28T165257Z,training,training_sessions,last_40
74,28341.388992,28352.600992,1.255008000000089,17,16,Failure,OFF,20.0,150.0,FbR_M01569522,training,Day_4,2026-04-28T165257Z,training,training_sessions,last_40
75,28353.600992,28367.247488,2.801503999999113,16,16,Success,OFF,0.0,150.0,FbR_M01569522,training,Day_4,2026-04-28T165257Z,training,training_sessions,last_40
76,28368.247488,28378.912992,1.6660160000028554,16,16,Success,OFF,0.0,150.0,FbR_M01569522,training,Day_4,2026-04-28T165257Z,training,training_sessions,last_40
77,28379.912992,28399.913984,3.4670079999996233,16,16,Success,OFF,0.0,150.0,FbR_M01569522,training,Day_4,2026-04-28T165257Z,training,training_sessions,last_40
78,28400.913984,28411.013984,2.519007999999303,16,16,Success,OFF,0.0,150.0,FbR_M01569522,training,Day_4,2026-04-28T165257Z,training,training_sessions,last_40
79,28412.013984,28425.368992,4.423007999997935,16,16,Success,OFF,0.0,150.0,FbR_M01569522,training,Day_4,2026-04-28T165257Z,training,training_sessions,last_40
80,28426.368992,28440.366976,3.420991999999387,16,16,Success,OFF,0.0,150.0,FbR_M01569522,training,Day_4,2026-04-28T165257Z,training,training_sessions,last_40
81,28441.366976,28458.666976,4.320992000000842,16,16,Success,OFF,0.0,150.0,FbR_M01569522,training,Day_4,2026-04-28T165257Z,training,training_sessions,last_40
82,28459.666976,28469.266976,1.8209919999972044,16,16,Success,OFF,0.0,150.0,FbR_M01569522,training,Day_4,2026-04-28T165257Z,training,training_sessions,last_40
83,28470.266976,28482.490496,2.1435199999978067,16,16,Success,OFF,0.0,150.0,FbR_M01569522,training,Day_4,2026-04-28T165257Z,training,training_sessions,last_40
84,28483.490496,28493.866496,2.5695039999991423,16,16,Success,OFF,0.0,150.0,FbR_M01569522,training,Day_4,2026-04-28T165257Z,training,training_sessions,last_40
85,28494.866496,28504.745984,2.900000000001455,16,16,Success,OFF,0.0,150.0,FbR_M01569522,training,Day_4,2026-04-28T165257Z,training,training_sessions,last_40
86,28505.745984,28518.437984,2.443007999998372,16,16,Success,OFF,0.0,150.0,FbR_M01569522,training,Day_4,2026-04-28T165257Z,training,training_sessions,last_40
87,28519.437984,28550.97648,1.778496000002633,17,16,Failure,OFF,20.0,150.0,FbR_M01569522,training,Day_4,2026-04-28T165257Z,training,training_sessions,last_40
88,28551.97648,28564.053984,4.207999999998719,16,16,Success,OFF,0.0,150.0,FbR_M01569522,training,Day_4,2026-04-28T165257Z,training,training_sessions,last_40
89,28565.053984,28574.545984,2.3480000000017753,16,16,Success,OFF,0.0,150.0,FbR_M01569522,training,Day_4,2026-04-28T165257Z,training,training_sessions,last_40
90,28575.545984,28583.77248,2.32649599999786,16,16,Success,OFF,0.0,150.0,FbR_M01569522,training,Day_4,2026-04-28T165257Z,training,training_sessions,last_40
91,28584.77248,28597.196992,3.102016000000731,16,16,Success,OFF,0.0,150.0,FbR_M01569522,training,Day_4,2026-04-28T165257Z,training,training_sessions,last_40
92,28598.196992,28609.097984,2.6510080000007292,16,16,Success,OFF,0.0,150.0,FbR_M01569522,training,Day_4,2026-04-28T165257Z,training,training_sessions,last_40
93,28610.097984,28618.344992,1.6980159999984608,16,16,Success,OFF,0.0,150.0,FbR_M01569522,training,Day_4,2026-04-28T165257Z,training,training_sessions,last_40
94,28619.344992,28632.856,2.8100159999994503,16,16,Success,OFF,0.0,150.0,FbR_M01569522,training,Day_4,2026-04-28T165257Z,training,training_sessions,last_40
67,20115.222496,20126.757984,3.037983999998687,12,12,Success,OFF,0.0,150.0,FbR_M01569522,training,Day_5,2026-04-29T153239Z,training,training_sessions,last_40
68,20127.757984,20143.670976,3.752992000001541,12,12,Success,OFF,0.0,150.0,FbR_M01569522,training,Day_5,2026-04-29T153239Z,training,training_sessions,last_40
69,20144.670976,20163.526976,5.00800000000163,-1,12,Miss,OFF,,150.0,FbR_M01569522,training,Day_5,2026-04-29T153239Z,training,training_sessions,last_40
70,20164.526976,20176.156992,2.98700800000006,11,12,Failure,OFF,-20.0,150.0,FbR_M01569522,training,Day_5,2026-04-29T153239Z,training,training_sessions,last_40
71,20177.156992,20186.76448,2.9954880000004778,12,12,Success,OFF,0.0,150.0,FbR_M01569522,training,Day_5,2026-04-29T153239Z,training,training_sessions,last_40
72,20187.76448,20199.54448,2.6244800000022224,12,12,Success,OFF,0.0,150.0,FbR_M01569522,training,Day_5,2026-04-29T153239Z,training,training_sessions,last_40
73,20200.54448,20212.905984,2.2880000000004657,12,12,Success,OFF,0.0,150.0,FbR_M01569522,training,Day_5,2026-04-29T153239Z,training,training_sessions,last_40
74,20213.905984,20235.074976,2.4569919999994454,12,12,Success,OFF,0.0,150.0,FbR_M01569522,training,Day_5,2026-04-29T153239Z,training,training_sessions,last_40
14,20688.258976,20707.644,4.013023999999859,12,12,Success,OFF,0.0,150.0,FbR_M01569522,training,Day_5,2026-04-29T155431Z,training,training_sessions,last_40
15,20708.644,20779.844,5.012000000002445,-1,12,Miss,OFF,,150.0,FbR_M01569522,training,Day_5,2026-04-29T155431Z,training,training_sessions,last_40
16,20780.844,20808.428,2.546016000000236,12,12,Success,OFF,0.0,150.0,FbR_M01569522,training,Day_5,2026-04-29T155431Z,training,training_sessions,last_40
17,20809.428,20829.068992,3.9880000000011933,12,12,Success,OFF,0.0,150.0,FbR_M01569522,training,Day_5,2026-04-29T155431Z,training,training_sessions,last_40
18,20830.068992,20846.446976,2.56499199999962,12,12,Success,OFF,0.0,150.0,FbR_M01569522,training,Day_5,2026-04-29T155431Z,training,training_sessions,last_40
19,20847.446976,20864.05248,2.3714879999970435,12,12,Success,OFF,0.0,150.0,FbR_M01569522,training,Day_5,2026-04-29T155431Z,training,training_sessions,last_40
20,20865.05248,20875.590976,3.2609919999995327,12,12,Success,OFF,0.0,150.0,FbR_M01569522,training,Day_5,2026-04-29T155431Z,training,training_sessions,last_40
21,20876.590976,20895.869984,2.7899839999990945,12,12,Success,OFF,0.0,150.0,FbR_M01569522,training,Day_5,2026-04-29T155431Z,training,training_sessions,last_40
22,20896.869984,20910.412992,3.632000000001426,12,12,Success,OFF,0.0,150.0,FbR_M01569522,training,Day_5,2026-04-29T155431Z,training,training_sessions,last_40
23,20911.412992,20923.451488,3.2685119999987364,12,12,Success,OFF,0.0,150.0,FbR_M01569522,training,Day_5,2026-04-29T155431Z,training,training_sessions,last_40
24,20924.451488,20935.032,2.951999999997497,12,12,Success,OFF,0.0,150.0,FbR_M01569522,training,Day_5,2026-04-29T155431Z,training,training_sessions,last_40
25,20936.032,20961.084992,2.4049919999997655,12,12,Success,OFF,0.0,150.0,FbR_M01569522,training,Day_5,2026-04-29T155431Z,training,training_sessions,last_40
26,20962.084992,20986.658976,2.978975999998511,12,12,Success,OFF,0.0,150.0,FbR_M01569522,training,Day_5,2026-04-29T155431Z,training,training_sessions,last_40
27,20987.658976,20995.906496,1.7245120000006864,12,12,Success,OFF,0.0,150.0,FbR_M01569522,training,Day_5,2026-04-29T155431Z,training,training_sessions,last_40
28,20996.906496,21015.648992,5.01801599999817,-1,12,Miss,OFF,,150.0,FbR_M01569522,training,Day_5,2026-04-29T155431Z,training,training_sessions,last_40
29,21016.648992,21029.0,2.1199999999989814,12,12,Success,OFF,0.0,150.0,FbR_M01569522,training,Day_5,2026-04-29T155431Z,training,training_sessions,last_40
30,21030.0,21049.922976,4.244000000002416,12,12,Success,OFF,0.0,150.0,FbR_M01569522,training,Day_5,2026-04-29T155431Z,training,training_sessions,last_40
31,21050.922976,21066.445984,5.01600000000326,-1,12,Miss,OFF,,150.0,FbR_M01569522,training,Day_5,2026-04-29T155431Z,training,training_sessions,last_40
32,21067.445984,21077.21648,2.5364799999988463,12,12,Success,OFF,0.0,150.0,FbR_M01569522,training,Day_5,2026-04-29T155431Z,training,training_sessions,last_40
33,21078.21648,21095.326976,2.4469759999992675,12,12,Success,OFF,0.0,150.0,FbR_M01569522,training,Day_5,2026-04-29T155431Z,training,training_sessions,last_40
34,21096.326976,21107.482976,2.8529920000000857,12,12,Success,OFF,0.0,150.0,FbR_M01569522,training,Day_5,2026-04-29T155431Z,training,training_sessions,last_40
35,21108.482976,21119.439488,1.9594880000004196,12,12,Success,OFF,0.0,150.0,FbR_M01569522,training,Day_5,2026-04-29T155431Z,training,training_sessions,last_40
36,21120.439488,21137.304992,2.975008000001253,12,12,Success,OFF,0.0,150.0,FbR_M01569522,training,Day_5,2026-04-29T155431Z,training,training_sessions,last_40
37,21138.304992,21153.272992,2.343007999999827,12,12,Success,OFF,0.0,150.0,FbR_M01569522,training,Day_5,2026-04-29T155431Z,training,training_sessions,last_40
38,21154.272992,21173.697984,5.0179839999982505,-1,12,Miss,OFF,,150.0,FbR_M01569522,training,Day_5,2026-04-29T155431Z,training,training_sessions,last_40
39,21174.697984,21186.12,2.687999999998283,12,12,Success,OFF,0.0,150.0,FbR_M01569522,training,Day_5,2026-04-29T155431Z,training,training_sessions,last_40
40,21187.12,21197.665984,3.2369919999982812,12,12,Success,OFF,0.0,150.0,FbR_M01569522,training,Day_5,2026-04-29T155431Z,training,training_sessions,last_40
41,21198.665984,21218.600992,5.020000000000437,-1,12,Miss,OFF,,150.0,FbR_M01569522,training,Day_5,2026-04-29T155431Z,training,training_sessions,last_40
42,21219.600992,21233.157504,3.378527999997459,12,12,Success,OFF,0.0,150.0,FbR_M01569522,training,Day_5,2026-04-29T155431Z,training,training_sessions,last_40
43,21234.157504,21252.621984,3.5889920000008715,12,12,Success,OFF,0.0,150.0,FbR_M01569522,training,Day_5,2026-04-29T155431Z,training,training_sessions,last_40
44,21253.621984,21261.516,2.037024000001111,12,12,Success,OFF,0.0,150.0,FbR_M01569522,training,Day_5,2026-04-29T155431Z,training,training_sessions,last_40
45,21262.516,21280.872,2.8900160000011965,12,12,Success,OFF,0.0,150.0,FbR_M01569522,training,Day_5,2026-04-29T155431Z,training,training_sessions,last_40
35,23461.22,23470.713504,3.4105280000003404,14,14,Success,OFF,0.0,150.0,FLR_M01569521,training,Day_1,2026-04-23T160907Z,training,training_sessions,last_40
36,23471.713504,23484.715488,5.014496000003419,-1,14,Miss,OFF,,150.0,FLR_M01569521,training,Day_1,2026-04-23T160907Z,training,training_sessions,last_40
37,23485.715488,23499.814976,5.01299199999994,-1,14,Miss,OFF,,150.0,FLR_M01569521,training,Day_1,2026-04-23T160907Z,training,training_sessions,last_40
38,23500.814976,23533.014976,5.01299199999994,-1,14,Miss,OFF,,150.0,FLR_M01569521,training,Day_1,2026-04-23T160907Z,training,training_sessions,last_40
39,23534.014976,23542.616,2.966016000002128,14,14,Success,OFF,0.0,150.0,FLR_M01569521,training,Day_1,2026-04-23T160907Z,training,training_sessions,last_40
40,23543.616,23556.76848,5.017503999999462,-1,14,Miss,OFF,,150.0,FLR_M01569521,training,Day_1,2026-04-23T160907Z,training,training_sessions,last_40
41,23557.76848,23567.48448,4.631487999999081,14,14,Success,OFF,0.0,150.0,FLR_M01569521,training,Day_1,2026-04-23T160907Z,training,training_sessions,last_40
42,23568.48448,23591.568992,3.8670080000010785,14,14,Success,OFF,0.0,150.0,FLR_M01569521,training,Day_1,2026-04-23T160907Z,training,training_sessions,last_40
43,23592.568992,23611.12,3.867999999998574,14,14,Success,OFF,0.0,150.0,FLR_M01569521,training,Day_1,2026-04-23T160907Z,training,training_sessions,last_40
44,23612.12,23624.113984,4.760991999999533,13,14,Failure,OFF,-20.0,150.0,FLR_M01569521,training,Day_1,2026-04-23T160907Z,training,training_sessions,last_40
45,23625.113984,23640.717984,5.016992000000755,-1,14,Miss,OFF,,150.0,FLR_M01569521,training,Day_1,2026-04-23T160907Z,training,training_sessions,last_40
46,23641.717984,23656.12,5.020000000000437,-1,14,Miss,OFF,,150.0,FLR_M01569521,training,Day_1,2026-04-23T160907Z,training,training_sessions,last_40
47,23657.12,23722.367488,5.017503999999462,-1,14,Miss,OFF,,150.0,FLR_M01569521,training,Day_1,2026-04-23T160907Z,training,training_sessions,last_40
48,23723.367488,23757.420992,5.020000000000437,-1,14,Miss,OFF,,150.0,FLR_M01569521,training,Day_1,2026-04-23T160907Z,training,training_sessions,last_40
49,23758.420992,23767.390976,3.5409919999983686,14,14,Success,OFF,0.0,150.0,FLR_M01569521,training,Day_1,2026-04-23T160907Z,training,training_sessions,last_40
50,23768.390976,23785.346496,3.495519999996759,14,14,Success,OFF,0.0,150.0,FLR_M01569521,training,Day_1,2026-04-23T160907Z,training,training_sessions,last_40
51,23786.346496,23818.806976,1.9549760000008973,14,14,Success,OFF,0.0,150.0,FLR_M01569521,training,Day_1,2026-04-23T160907Z,training,training_sessions,last_40
52,23819.806976,23969.92,5.021023999997851,-1,14,Miss,OFF,,150.0,FLR_M01569521,training,Day_1,2026-04-23T160907Z,training,training_sessions,last_40
53,23970.92,24008.96848,5.018496000000596,-1,14,Miss,OFF,,150.0,FLR_M01569521,training,Day_1,2026-04-23T160907Z,training,training_sessions,last_40
54,24009.96848,24031.766496,5.017503999999462,-1,14,Miss,OFF,,150.0,FLR_M01569521,training,Day_1,2026-04-23T160907Z,training,training_sessions,last_40
55,24032.766496,24054.372,5.022015999998985,-1,14,Miss,OFF,,150.0,FLR_M01569521,training,Day_1,2026-04-23T160907Z,training,training_sessions,last_40
56,24055.372,24097.956,3.4550079999971786,4,14,Failure,OFF,160.0,150.0,FLR_M01569521,training,Day_1,2026-04-23T160907Z,training,training_sessions,last_40
57,24098.956,24110.716992,5.018016000001808,-1,14,Miss,OFF,,150.0,FLR_M01569521,training,Day_1,2026-04-23T160907Z,training,training_sessions,last_40
58,24111.716992,24121.815488,5.014495999999781,-1,14,Miss,OFF,,150.0,FLR_M01569521,training,Day_1,2026-04-23T160907Z,training,training_sessions,last_40
59,24122.815488,24174.361984,3.9110079999991285,14,14,Success,OFF,0.0,150.0,FLR_M01569521,training,Day_1,2026-04-23T160907Z,training,training_sessions,last_40
60,24175.361984,24190.376992,4.5260159999997995,14,14,Success,OFF,0.0,150.0,FLR_M01569521,training,Day_1,2026-04-23T160907Z,training,training_sessions,last_40
61,24191.376992,24210.460992,2.360000000000582,14,14,Success,OFF,0.0,150.0,FLR_M01569521,training,Day_1,2026-04-23T160907Z,training,training_sessions,last_40
62,24211.460992,24221.714976,4.713983999998163,14,14,Success,OFF,0.0,150.0,FLR_M01569521,training,Day_1,2026-04-23T160907Z,training,training_sessions,last_40
63,24222.714976,24232.312,3.010016000000178,14,14,Success,OFF,0.0,150.0,FLR_M01569521,training,Day_1,2026-04-23T160907Z,training,training_sessions,last_40
64,24233.312,24244.766976,5.0179839999982505,-1,14,Miss,OFF,,150.0,FLR_M01569521,training,Day_1,2026-04-23T160907Z,training,training_sessions,last_40
65,24245.766976,24267.919488,5.019487999998091,-1,14,Miss,OFF,,150.0,FLR_M01569521,training,Day_1,2026-04-23T160907Z,training,training_sessions,last_40
66,24268.919488,24289.32,5.020000000000437,-1,14,Miss,OFF,,150.0,FLR_M01569521,training,Day_1,2026-04-23T160907Z,training,training_sessions,last_40
67,24290.32,24297.870496,2.4715199999991455,14,14,Success,OFF,0.0,150.0,FLR_M01569521,training,Day_1,2026-04-23T160907Z,training,training_sessions,last_40
68,24298.870496,24317.148992,2.8500160000003234,14,14,Success,OFF,0.0,150.0,FLR_M01569521,training,Day_1,2026-04-23T160907Z,training,training_sessions,last_40
69,24318.148992,24337.269984,5.020000000000437,-1,14,Miss,OFF,,150.0,FLR_M01569521,training,Day_1,2026-04-23T160907Z,training,training_sessions,last_40
70,24338.269984,24369.387488,1.6365120000009483,4,14,Failure,OFF,160.0,150.0,FLR_M01569521,training,Day_1,2026-04-23T160907Z,training,training_sessions,last_40
71,24370.387488,24386.676,4.177024000000529,7,14,Failure,OFF,-140.0,150.0,FLR_M01569521,training,Day_1,2026-04-23T160907Z,training,training_sessions,last_40
72,24387.676,24399.009504,1.8605120000029274,4,14,Failure,OFF,160.0,150.0,FLR_M01569521,training,Day_1,2026-04-23T160907Z,training,training_sessions,last_40
73,24400.009504,24452.617504,5.018528000000515,-1,14,Miss,OFF,,150.0,FLR_M01569521,training,Day_1,2026-04-23T160907Z,training,training_sessions,last_40
74,24453.617504,24467.562976,5.013984000001074,-1,14,Miss,OFF,,150.0,FLR_M01569521,training,Day_1,2026-04-23T160907Z,training,training_sessions,last_40
34,21654.92848,21665.486976,3.3480000000017753,8,8,Success,OFF,0.0,150.0,FLR_M01569521,training,Day_2,2026-04-25T190915Z,training,training_sessions,last_40
35,21666.486976,21681.884992,4.396991999998136,8,8,Success,OFF,0.0,150.0,FLR_M01569521,training,Day_2,2026-04-25T190915Z,training,training_sessions,last_40
36,21682.884992,21696.128992,3.4900160000033793,8,8,Success,OFF,0.0,150.0,FLR_M01569521,training,Day_2,2026-04-25T190915Z,training,training_sessions,last_40
37,21697.128992,21727.728992,3.791008000000147,8,8,Success,OFF,0.0,150.0,FLR_M01569521,training,Day_2,2026-04-25T190915Z,training,training_sessions,last_40
38,21728.728992,21739.832992,3.395007999999507,8,8,Success,OFF,0.0,150.0,FLR_M01569521,training,Day_2,2026-04-25T190915Z,training,training_sessions,last_40
39,21740.832992,21756.789984,2.451999999997497,8,8,Success,OFF,0.0,150.0,FLR_M01569521,training,Day_2,2026-04-25T190915Z,training,training_sessions,last_40
40,21757.789984,21804.932992,4.295007999997324,8,8,Success,OFF,0.0,150.0,FLR_M01569521,training,Day_2,2026-04-25T190915Z,training,training_sessions,last_40
41,21805.932992,21817.175488,2.8375039999991714,8,8,Success,OFF,0.0,150.0,FLR_M01569521,training,Day_2,2026-04-25T190915Z,training,training_sessions,last_40
42,21818.175488,21833.871488,2.983488000001671,8,8,Success,OFF,0.0,150.0,FLR_M01569521,training,Day_2,2026-04-25T190915Z,training,training_sessions,last_40
43,21834.871488,21858.936,2.699008000003232,8,8,Success,OFF,0.0,150.0,FLR_M01569521,training,Day_2,2026-04-25T190915Z,training,training_sessions,last_40
44,21859.936,21886.82448,3.2375040000006265,8,8,Success,OFF,0.0,150.0,FLR_M01569521,training,Day_2,2026-04-25T190915Z,training,training_sessions,last_40
45,21887.82448,21900.796992,5.008991999999125,-1,8,Miss,OFF,,150.0,FLR_M01569521,training,Day_2,2026-04-25T190915Z,training,training_sessions,last_40
46,21901.796992,21911.417984,3.6270079999994778,8,8,Success,OFF,0.0,150.0,FLR_M01569521,training,Day_2,2026-04-25T190915Z,training,training_sessions,last_40
47,21912.417984,21926.1,2.161023999997269,8,8,Success,OFF,0.0,150.0,FLR_M01569521,training,Day_2,2026-04-25T190915Z,training,training_sessions,last_40
48,21927.1,21953.053504,3.0655039999983273,8,8,Success,OFF,0.0,150.0,FLR_M01569521,training,Day_2,2026-04-25T190915Z,training,training_sessions,last_40
49,21954.053504,21966.459488,4.322496000000683,8,8,Success,OFF,0.0,150.0,FLR_M01569521,training,Day_2,2026-04-25T190915Z,training,training_sessions,last_40
50,21967.459488,21977.034976,2.44800000000032,8,8,Success,OFF,0.0,150.0,FLR_M01569521,training,Day_2,2026-04-25T190915Z,training,training_sessions,last_40
51,21978.034976,21996.720992,3.383007999997062,8,8,Success,OFF,0.0,150.0,FLR_M01569521,training,Day_2,2026-04-25T190915Z,training,training_sessions,last_40
52,21997.720992,22009.837984,3.7499840000018594,8,8,Success,OFF,0.0,150.0,FLR_M01569521,training,Day_2,2026-04-25T190915Z,training,training_sessions,last_40
53,22010.837984,22104.901984,3.0150079999984882,8,8,Success,OFF,0.0,150.0,FLR_M01569521,training,Day_2,2026-04-25T190915Z,training,training_sessions,last_40
54,22105.901984,22121.656992,5.020000000000437,-1,8,Miss,OFF,,150.0,FLR_M01569521,training,Day_2,2026-04-25T190915Z,training,training_sessions,last_40
55,22122.656992,22135.777504,4.189504000001762,8,8,Success,OFF,0.0,150.0,FLR_M01569521,training,Day_2,2026-04-25T190915Z,training,training_sessions,last_40
56,22136.777504,22188.196,5.007008000000496,-1,8,Miss,OFF,,150.0,FLR_M01569521,training,Day_2,2026-04-25T190915Z,training,training_sessions,last_40
57,22189.196,22245.045984,2.708991999999853,8,8,Success,OFF,0.0,150.0,FLR_M01569521,training,Day_2,2026-04-25T190915Z,training,training_sessions,last_40
58,22246.045984,22256.485984,3.299007999998139,8,8,Success,OFF,0.0,150.0,FLR_M01569521,training,Day_2,2026-04-25T190915Z,training,training_sessions,last_40
59,22257.485984,22279.463488,3.876512000002549,8,8,Success,OFF,0.0,150.0,FLR_M01569521,training,Day_2,2026-04-25T190915Z,training,training_sessions,last_40
60,22280.463488,22288.962976,2.775999999998021,8,8,Success,OFF,0.0,150.0,FLR_M01569521,training,Day_2,2026-04-25T190915Z,training,training_sessions,last_40
61,22289.962976,22324.754496,3.3144960000026913,8,8,Success,OFF,0.0,150.0,FLR_M01569521,training,Day_2,2026-04-25T190915Z,training,training_sessions,last_40
62,22325.754496,22350.662496,4.425504000002547,8,8,Success,OFF,0.0,150.0,FLR_M01569521,training,Day_2,2026-04-25T190915Z,training,training_sessions,last_40
63,22351.662496,22364.009984,3.8729920000005222,8,8,Success,OFF,0.0,150.0,FLR_M01569521,training,Day_2,2026-04-25T190915Z,training,training_sessions,last_40
64,22365.009984,22385.585984,2.0979839999999967,8,8,Success,OFF,0.0,150.0,FLR_M01569521,training,Day_2,2026-04-25T190915Z,training,training_sessions,last_40
65,22386.585984,22402.50848,5.020479999999225,-1,8,Miss,OFF,,150.0,FLR_M01569521,training,Day_2,2026-04-25T190915Z,training,training_sessions,last_40
66,22403.50848,22412.623488,3.1365120000009483,8,8,Success,OFF,0.0,150.0,FLR_M01569521,training,Day_2,2026-04-25T190915Z,training,training_sessions,last_40
67,22413.623488,22425.972,3.6330240000024787,8,8,Success,OFF,0.0,150.0,FLR_M01569521,training,Day_2,2026-04-25T190915Z,training,training_sessions,last_40
68,22426.972,22443.958976,5.021984000002703,-1,8,Miss,OFF,,150.0,FLR_M01569521,training,Day_2,2026-04-25T190915Z,training,training_sessions,last_40
69,22444.958976,22471.26,5.023008000000118,-1,8,Miss,OFF,,150.0,FLR_M01569521,training,Day_2,2026-04-25T190915Z,training,training_sessions,last_40
70,22472.26,22482.868,2.330015999999887,8,8,Success,OFF,0.0,150.0,FLR_M01569521,training,Day_2,2026-04-25T190915Z,training,training_sessions,last_40
71,22483.868,22494.364992,4.478015999997297,8,8,Success,OFF,0.0,150.0,FLR_M01569521,training,Day_2,2026-04-25T190915Z,training,training_sessions,last_40
72,22495.364992,22514.41248,5.025503999997454,-1,8,Miss,OFF,,150.0,FLR_M01569521,training,Day_2,2026-04-25T190915Z,training,training_sessions,last_40
73,22515.41248,22528.222976,4.985984000002645,8,8,Success,OFF,0.0,150.0,FLR_M01569521,training,Day_2,2026-04-25T190915Z,training,training_sessions,last_40
29,13094.188,13121.135488,4.335488000000623,16,16,Success,OFF,0.0,150.0,FLR_M01569521,training,Day_3,2026-04-28T124547Z,training,training_sessions,last_40
30,13122.135488,13139.842976,4.0449919999991835,16,16,Success,OFF,0.0,150.0,FLR_M01569521,training,Day_3,2026-04-28T124547Z,training,training_sessions,last_40
31,13140.842976,13166.621984,3.4230079999997542,16,16,Success,OFF,0.0,150.0,FLR_M01569521,training,Day_3,2026-04-28T124547Z,training,training_sessions,last_40
32,13167.621984,13183.750976,3.4529919999986305,16,16,Success,OFF,0.0,150.0,FLR_M01569521,training,Day_3,2026-04-28T124547Z,training,training_sessions,last_40
33,13184.750976,13217.354976,2.5049920000001293,16,16,Success,OFF,0.0,150.0,FLR_M01569521,training,Day_3,2026-04-28T124547Z,training,training_sessions,last_40
34,13218.354976,13235.826976,3.3800000000010186,16,16,Success,OFF,0.0,150.0,FLR_M01569521,training,Day_3,2026-04-28T124547Z,training,training_sessions,last_40
35,13236.826976,13271.26,5.011007999999492,-1,16,Miss,OFF,,150.0,FLR_M01569521,training,Day_3,2026-04-28T124547Z,training,training_sessions,last_40
36,13272.26,13285.712992,5.015008000000307,-1,16,Miss,OFF,,150.0,FLR_M01569521,training,Day_3,2026-04-28T124547Z,training,training_sessions,last_40
37,13286.712992,13334.72,2.7230079999990267,16,16,Success,OFF,0.0,150.0,FLR_M01569521,training,Day_3,2026-04-28T124547Z,training,training_sessions,last_40
38,13335.72,13348.317984,1.7199999999993452,16,16,Success,OFF,0.0,150.0,FLR_M01569521,training,Day_3,2026-04-28T124547Z,training,training_sessions,last_40
39,13349.317984,13368.921504,4.123519999999189,16,16,Success,OFF,0.0,150.0,FLR_M01569521,training,Day_3,2026-04-28T124547Z,training,training_sessions,last_40
40,13369.921504,13387.631488,4.1285120000011375,16,16,Success,OFF,0.0,150.0,FLR_M01569521,training,Day_3,2026-04-28T124547Z,training,training_sessions,last_40
41,13388.631488,13408.32448,3.376479999998992,16,16,Success,OFF,0.0,150.0,FLR_M01569521,training,Day_3,2026-04-28T124547Z,training,training_sessions,last_40
42,13409.32448,13424.068,2.3170239999999467,16,16,Success,OFF,0.0,150.0,FLR_M01569521,training,Day_3,2026-04-28T124547Z,training,training_sessions,last_40
43,13425.068,13436.430976,2.832991999999649,16,16,Success,OFF,0.0,150.0,FLR_M01569521,training,Day_3,2026-04-28T124547Z,training,training_sessions,last_40
44,13437.430976,13460.107488,2.554495999998835,16,16,Success,OFF,0.0,150.0,FLR_M01569521,training,Day_3,2026-04-28T124547Z,training,training_sessions,last_40
45,13461.107488,13474.676992,2.1300160000009782,16,16,Success,OFF,0.0,150.0,FLR_M01569521,training,Day_3,2026-04-28T124547Z,training,training_sessions,last_40
46,13475.676992,13494.158976,5.010976000001392,-1,16,Miss,OFF,,150.0,FLR_M01569521,training,Day_3,2026-04-28T124547Z,training,training_sessions,last_40
47,13495.158976,13511.921984,2.5739840000005643,16,16,Success,OFF,0.0,150.0,FLR_M01569521,training,Day_3,2026-04-28T124547Z,training,training_sessions,last_40
48,13512.921984,13530.822976,3.4239999999990687,16,16,Success,OFF,0.0,150.0,FLR_M01569521,training,Day_3,2026-04-28T124547Z,training,training_sessions,last_40
49,13531.822976,13583.084992,3.9380160000000615,17,16,Failure,OFF,20.0,150.0,FLR_M01569521,training,Day_3,2026-04-28T124547Z,training,training_sessions,last_40
50,13584.084992,13639.909504,5.012511999999333,-1,16,Miss,OFF,,150.0,FLR_M01569521,training,Day_3,2026-04-28T124547Z,training,training_sessions,last_40
51,13640.909504,13652.962976,5.014976000000388,-1,16,Miss,OFF,,150.0,FLR_M01569521,training,Day_3,2026-04-28T124547Z,training,training_sessions,last_40
52,13653.962976,13661.666976,1.6189759999997477,16,16,Success,OFF,0.0,150.0,FLR_M01569521,training,Day_3,2026-04-28T124547Z,training,training_sessions,last_40
53,13662.666976,13689.16,5.013023999999859,-1,16,Miss,OFF,,150.0,FLR_M01569521,training,Day_3,2026-04-28T124547Z,training,training_sessions,last_40
54,13690.16,13700.758496,5.011520000000019,-1,16,Miss,OFF,,150.0,FLR_M01569521,training,Day_3,2026-04-28T124547Z,training,training_sessions,last_40
55,13701.758496,13713.661984,4.213983999999982,16,16,Success,OFF,0.0,150.0,FLR_M01569521,training,Day_3,2026-04-28T124547Z,training,training_sessions,last_40
56,13714.661984,13790.074496,4.028511999998955,16,16,Success,OFF,0.0,150.0,FLR_M01569521,training,Day_3,2026-04-28T124547Z,training,training_sessions,last_40
57,13791.074496,13820.685984,3.7379839999994147,16,16,Success,OFF,0.0,150.0,FLR_M01569521,training,Day_3,2026-04-28T124547Z,training,training_sessions,last_40
58,13821.685984,13837.546496,2.8005120000016177,16,16,Success,OFF,0.0,150.0,FLR_M01569521,training,Day_3,2026-04-28T124547Z,training,training_sessions,last_40
59,13838.546496,13893.559488,5.0135040000004665,-1,16,Miss,OFF,,150.0,FLR_M01569521,training,Day_3,2026-04-28T124547Z,training,training_sessions,last_40
60,13894.559488,13932.811488,5.015487999999095,-1,16,Miss,OFF,,150.0,FLR_M01569521,training,Day_3,2026-04-28T124547Z,training,training_sessions,last_40
61,13933.811488,13945.457984,5.012000000000626,-1,16,Miss,OFF,,150.0,FLR_M01569521,training,Day_3,2026-04-28T124547Z,training,training_sessions,last_40
62,13946.457984,13960.177984,2.3299839999999676,16,16,Success,OFF,0.0,150.0,FLR_M01569521,training,Day_3,2026-04-28T124547Z,training,training_sessions,last_40
63,13961.177984,13990.418976,3.02099200000157,16,16,Success,OFF,0.0,150.0,FLR_M01569521,training,Day_3,2026-04-28T124547Z,training,training_sessions,last_40
64,13991.418976,14007.484,3.738016000001153,16,16,Success,OFF,0.0,150.0,FLR_M01569521,training,Day_3,2026-04-28T124547Z,training,training_sessions,last_40
65,14008.484,14019.493984,2.7960000000002765,16,16,Success,OFF,0.0,150.0,FLR_M01569521,training,Day_3,2026-04-28T124547Z,training,training_sessions,last_40
66,14020.493984,14158.024992,2.6289919999999256,17,16,Failure,OFF,20.0,150.0,FLR_M01569521,training,Day_3,2026-04-28T124547Z,training,training_sessions,last_40
67,14159.024992,14243.26,5.013023999999859,-1,16,Miss,OFF,,150.0,FLR_M01569521,training,Day_3,2026-04-28T124547Z,training,training_sessions,last_40
68,14244.26,14304.160992,5.011999999998807,-1,16,Miss,OFF,,150.0,FLR_M01569521,training,Day_3,2026-04-28T124547Z,training,training_sessions,last_40
92,23437.729984,23447.641504,3.2285119999978633,17,17,Success,OFF,0.0,150.0,FLR_M01569521,training,Day_4,2026-04-29T161826Z,training,training_sessions,last_40
93,23448.641504,23458.614976,3.049984000001132,17,17,Success,OFF,0.0,150.0,FLR_M01569521,training,Day_4,2026-04-29T161826Z,training,training_sessions,last_40
94,23459.614976,23470.38,2.418015999999625,17,17,Success,OFF,0.0,150.0,FLR_M01569521,training,Day_4,2026-04-29T161826Z,training,training_sessions,last_40
95,23471.38,23492.741984,2.5809919999992417,17,17,Success,OFF,0.0,150.0,FLR_M01569521,training,Day_4,2026-04-29T161826Z,training,training_sessions,last_40
96,23493.741984,23517.016992,4.704991999999038,17,17,Success,OFF,0.0,150.0,FLR_M01569521,training,Day_4,2026-04-29T161826Z,training,training_sessions,last_40
97,23518.016992,23532.108992,3.0969920000025013,17,17,Success,OFF,0.0,150.0,FLR_M01569521,training,Day_4,2026-04-29T161826Z,training,training_sessions,last_40
98,23533.108992,23543.944,2.9320000000006985,17,17,Success,OFF,0.0,150.0,FLR_M01569521,training,Day_4,2026-04-29T161826Z,training,training_sessions,last_40
99,23544.944,23560.652992,3.9910080000008747,17,17,Success,OFF,0.0,150.0,FLR_M01569521,training,Day_4,2026-04-29T161826Z,training,training_sessions,last_40
100,23561.652992,23574.056,3.3440000000009604,17,17,Success,OFF,0.0,150.0,FLR_M01569521,training,Day_4,2026-04-29T161826Z,training,training_sessions,last_40
101,23575.056,23589.409984,4.89600000000064,17,17,Success,OFF,0.0,150.0,FLR_M01569521,training,Day_4,2026-04-29T161826Z,training,training_sessions,last_40
102,23590.409984,23600.720992,3.1100159999987227,17,17,Success,OFF,0.0,150.0,FLR_M01569521,training,Day_4,2026-04-29T161826Z,training,training_sessions,last_40
103,23601.720992,23611.054496,1.8915200000010373,17,17,Success,OFF,0.0,150.0,FLR_M01569521,training,Day_4,2026-04-29T161826Z,training,training_sessions,last_40
104,23612.054496,23644.738976,5.026976000001014,-1,17,Miss,OFF,,150.0,FLR_M01569521,training,Day_4,2026-04-29T161826Z,training,training_sessions,last_40
105,23645.738976,23656.269984,3.3590079999994487,17,17,Success,OFF,0.0,150.0,FLR_M01569521,training,Day_4,2026-04-29T161826Z,training,training_sessions,last_40
106,23657.269984,23670.044,5.032000000002881,-1,17,Miss,OFF,,150.0,FLR_M01569521,training,Day_4,2026-04-29T161826Z,training,training_sessions,last_40
107,23671.044,23680.293984,2.432991999998194,17,17,Success,OFF,0.0,150.0,FLR_M01569521,training,Day_4,2026-04-29T161826Z,training,training_sessions,last_40
108,23681.293984,23693.094976,1.9849920000015118,17,17,Success,OFF,0.0,150.0,FLR_M01569521,training,Day_4,2026-04-29T161826Z,training,training_sessions,last_40
109,23694.094976,23702.658976,2.648991999998543,17,17,Success,OFF,0.0,150.0,FLR_M01569521,training,Day_4,2026-04-29T161826Z,training,training_sessions,last_40
110,23703.658976,23716.476992,2.367999999998574,17,17,Success,OFF,0.0,150.0,FLR_M01569521,training,Day_4,2026-04-29T161826Z,training,training_sessions,last_40
111,23717.476992,23727.772992,2.6100159999987227,17,17,Success,OFF,0.0,150.0,FLR_M01569521,training,Day_4,2026-04-29T161826Z,training,training_sessions,last_40
112,23728.772992,23742.888,3.3270080000002054,17,17,Success,OFF,0.0,150.0,FLR_M01569521,training,Day_4,2026-04-29T161826Z,training,training_sessions,last_40
113,23743.888,23753.249984,3.183999999997468,17,17,Success,OFF,0.0,150.0,FLR_M01569521,training,Day_4,2026-04-29T161826Z,training,training_sessions,last_40
114,23754.249984,23767.88848,2.5264960000022256,17,17,Success,OFF,0.0,150.0,FLR_M01569521,training,Day_4,2026-04-29T161826Z,training,training_sessions,last_40
115,23768.88848,23783.732,1.5200000000004366,17,17,Success,OFF,0.0,150.0,FLR_M01569521,training,Day_4,2026-04-29T161826Z,training,training_sessions,last_40
116,23784.732,23797.276992,4.464991999997437,17,17,Success,OFF,0.0,150.0,FLR_M01569521,training,Day_4,2026-04-29T161826Z,training,training_sessions,last_40
117,23798.276992,23825.744,2.2810239999998885,17,17,Success,OFF,0.0,150.0,FLR_M01569521,training,Day_4,2026-04-29T161826Z,training,training_sessions,last_40
118,23826.744,23863.268992,1.907999999999447,17,17,Success,OFF,0.0,150.0,FLR_M01569521,training,Day_4,2026-04-29T161826Z,training,training_sessions,last_40
119,23864.268992,23876.26,2.749023999997007,17,17,Success,OFF,0.0,150.0,FLR_M01569521,training,Day_4,2026-04-29T161826Z,training,training_sessions,last_40
120,23877.26,23886.500992,2.190016000000469,17,17,Success,OFF,0.0,150.0,FLR_M01569521,training,Day_4,2026-04-29T161826Z,training,training_sessions,last_40
121,23887.500992,23896.016992,1.8070079999997688,17,17,Success,OFF,0.0,150.0,FLR_M01569521,training,Day_4,2026-04-29T161826Z,training,training_sessions,last_40
122,23897.016992,23913.844992,1.6849919999986014,17,17,Success,OFF,0.0,150.0,FLR_M01569521,training,Day_4,2026-04-29T161826Z,training,training_sessions,last_40
123,23914.844992,23931.032,2.272000000000844,17,17,Success,OFF,0.0,150.0,FLR_M01569521,training,Day_4,2026-04-29T161826Z,training,training_sessions,last_40
124,23932.032,23957.124,2.811999999998079,17,17,Success,OFF,0.0,150.0,FLR_M01569521,training,Day_4,2026-04-29T161826Z,training,training_sessions,last_40
125,23958.124,23967.669984,2.308000000000902,17,17,Success,OFF,0.0,150.0,FLR_M01569521,training,Day_4,2026-04-29T161826Z,training,training_sessions,last_40
126,23968.669984,23978.464,2.303007999998954,17,17,Success,OFF,0.0,150.0,FLR_M01569521,training,Day_4,2026-04-29T161826Z,training,training_sessions,last_40
127,23979.464,23988.474976,2.8149760000014794,17,17,Success,OFF,0.0,150.0,FLR_M01569521,training,Day_4,2026-04-29T161826Z,training,training_sessions,last_40
128,23989.474976,23998.100992,2.2399999999979627,17,17,Success,OFF,0.0,150.0,FLR_M01569521,training,Day_4,2026-04-29T161826Z,training,training_sessions,last_40
129,23999.100992,24022.308992,4.7479999999995925,17,17,Success,OFF,0.0,150.0,FLR_M01569521,training,Day_4,2026-04-29T161826Z,training,training_sessions,last_40
130,24023.308992,24037.92,3.211007999998401,17,17,Success,OFF,0.0,150.0,FLR_M01569521,training,Day_4,2026-04-29T161826Z,training,training_sessions,last_40
131,24038.92,24051.361984,4.252991999997903,17,17,Success,OFF,0.0,150.0,FLR_M01569521,training,Day_4,2026-04-29T161826Z,training,training_sessions,last_40
70,1401.991968,1410.768128,2.5391359999998713,0,0,Success,OFF,0.0,150.0,FLR_M01569521,training,Day_5,2026-04-30T151438Z,training,training_sessions,last_40
71,1411.768128,1421.242912,3.0619199999998727,0,0,Success,OFF,0.0,150.0,FLR_M01569521,training,Day_5,2026-04-30T151438Z,training,training_sessions,last_40
72,1422.242912,1430.237632,1.7556480000000647,0,0,Success,OFF,0.0,150.0,FLR_M01569521,training,Day_5,2026-04-30T151438Z,training,training_sessions,last_40
73,1431.237632,1444.081888,2.2528959999999643,0,0,Success,OFF,0.0,150.0,FLR_M01569521,training,Day_5,2026-04-30T151438Z,training,training_sessions,last_40
74,1445.081888,1457.736416,2.3074239999998554,0,0,Success,OFF,0.0,150.0,FLR_M01569521,training,Day_5,2026-04-30T151438Z,training,training_sessions,last_40
75,1458.736416,1472.952768,4.574784000000136,0,0,Success,OFF,0.0,150.0,FLR_M01569521,training,Day_5,2026-04-30T151438Z,training,training_sessions,last_40
76,1473.952768,1502.350496,5.02150400000005,-1,0,Miss,OFF,,150.0,FLR_M01569521,training,Day_5,2026-04-30T151438Z,training,training_sessions,last_40
77,1503.350496,1559.488992,5.008992000000035,-1,0,Miss,OFF,,150.0,FLR_M01569521,training,Day_5,2026-04-30T151438Z,training,training_sessions,last_40
78,1560.488992,1573.070432,1.840447999999924,0,0,Success,OFF,0.0,150.0,FLR_M01569521,training,Day_5,2026-04-30T151438Z,training,training_sessions,last_40
79,1574.070432,1622.423424,2.343424000000141,0,0,Success,OFF,0.0,150.0,FLR_M01569521,training,Day_5,2026-04-30T151438Z,training,training_sessions,last_40
80,1623.423424,1647.10064,3.1226560000000063,0,0,Success,OFF,0.0,150.0,FLR_M01569521,training,Day_5,2026-04-30T151438Z,training,training_sessions,last_40
81,1648.10064,1667.699616,1.9206400000000485,0,0,Success,OFF,0.0,150.0,FLR_M01569521,training,Day_5,2026-04-30T151438Z,training,training_sessions,last_40
82,1668.699616,1686.728416,1.6994239999999081,0,0,Success,OFF,0.0,150.0,FLR_M01569521,training,Day_5,2026-04-30T151438Z,training,training_sessions,last_40
83,1687.728416,1698.080416,2.099423999999999,0,0,Success,OFF,0.0,150.0,FLR_M01569521,training,Day_5,2026-04-30T151438Z,training,training_sessions,last_40
84,1699.080416,1752.167424,3.38742400000001,0,0,Success,OFF,0.0,150.0,FLR_M01569521,training,Day_5,2026-04-30T151438Z,training,training_sessions,last_40
85,1753.167424,1769.325664,3.2956799999999475,0,0,Success,OFF,0.0,150.0,FLR_M01569521,training,Day_5,2026-04-30T151438Z,training,training_sessions,last_40
86,1770.325664,1794.957504,5.028511999999864,-1,0,Miss,OFF,,150.0,FLR_M01569521,training,Day_5,2026-04-30T151438Z,training,training_sessions,last_40
87,1795.957504,1813.170944,1.989951999999903,0,0,Success,OFF,0.0,150.0,FLR_M01569521,training,Day_5,2026-04-30T151438Z,training,training_sessions,last_40
88,1814.170944,1979.105408,4.224415999999792,0,0,Success,OFF,0.0,150.0,FLR_M01569521,training,Day_5,2026-04-30T151438Z,training,training_sessions,last_40
89,1980.105408,2017.779104,2.3981119999998555,0,0,Success,OFF,0.0,150.0,FLR_M01569521,training,Day_5,2026-04-30T151438Z,training,training_sessions,last_40
90,2018.779104,2045.945248,4.81526400000007,0,0,Success,OFF,0.0,150.0,FLR_M01569521,training,Day_5,2026-04-30T151438Z,training,training_sessions,last_40
91,2046.945248,2070.8072,2.476224000000002,0,0,Success,OFF,0.0,150.0,FLR_M01569521,training,Day_5,2026-04-30T151438Z,training,training_sessions,last_40
92,2071.8072,2083.880704,2.6987200000003213,0,0,Success,OFF,0.0,150.0,FLR_M01569521,training,Day_5,2026-04-30T151438Z,training,training_sessions,last_40
93,2084.880704,2126.011072,2.4300799999996343,0,0,Success,OFF,0.0,150.0,FLR_M01569521,training,Day_5,2026-04-30T151438Z,training,training_sessions,last_40
94,2127.011072,2142.300288,3.6192959999998493,0,0,Success,OFF,0.0,150.0,FLR_M01569521,training,Day_5,2026-04-30T151438Z,training,training_sessions,last_40
95,2143.300288,2153.57728,2.4463040000000547,0,0,Success,OFF,0.0,150.0,FLR_M01569521,training,Day_5,2026-04-30T151438Z,training,training_sessions,last_40
96,2154.57728,2172.832928,2.101951999999983,0,0,Success,OFF,0.0,150.0,FLR_M01569521,training,Day_5,2026-04-30T151438Z,training,training_sessions,last_40
97,2173.832928,2182.259072,1.9780799999998635,0,0,Success,OFF,0.0,150.0,FLR_M01569521,training,Day_5,2026-04-30T151438Z,training,training_sessions,last_40
98,2183.259072,2195.037024,3.2570240000000013,0,0,Success,OFF,0.0,150.0,FLR_M01569521,training,Day_5,2026-04-30T151438Z,training,training_sessions,last_40
99,2196.037024,2205.509856,1.8288640000000669,0,0,Success,OFF,0.0,150.0,FLR_M01569521,training,Day_5,2026-04-30T151438Z,training,training_sessions,last_40
100,2206.509856,2217.789952,3.757951999999932,0,0,Success,OFF,0.0,150.0,FLR_M01569521,training,Day_5,2026-04-30T151438Z,training,training_sessions,last_40
101,2218.789952,2295.546208,2.5652160000004187,0,0,Success,OFF,0.0,150.0,FLR_M01569521,training,Day_5,2026-04-30T151438Z,training,training_sessions,last_40
102,2296.546208,2319.55168,2.4216959999998835,0,0,Success,OFF,0.0,150.0,FLR_M01569521,training,Day_5,2026-04-30T151438Z,training,training_sessions,last_40
103,2320.55168,2339.542144,2.2621439999998074,0,0,Success,OFF,0.0,150.0,FLR_M01569521,training,Day_5,2026-04-30T151438Z,training,training_sessions,last_40
104,2340.542144,2351.58064,2.798655999999937,0,0,Success,OFF,0.0,150.0,FLR_M01569521,training,Day_5,2026-04-30T151438Z,training,training_sessions,last_40
105,2352.58064,2361.580992,2.400000000000091,0,0,Success,OFF,0.0,150.0,FLR_M01569521,training,Day_5,2026-04-30T151438Z,training,training_sessions,last_40
106,2362.580992,2372.115328,2.233343999999761,0,0,Success,OFF,0.0,150.0,FLR_M01569521,training,Day_5,2026-04-30T151438Z,training,training_sessions,last_40
107,2373.115328,2414.157504,5.022527999999966,-1,0,Miss,OFF,,150.0,FLR_M01569521,training,Day_5,2026-04-30T151438Z,training,training_sessions,last_40
108,2415.157504,2424.977376,1.4463999999998123,0,0,Success,OFF,0.0,150.0,FLR_M01569521,training,Day_5,2026-04-30T151438Z,training,training_sessions,last_40
109,2425.977376,2450.218528,3.9875520000000506,0,0,Success,OFF,0.0,150.0,FLR_M01569521,training,Day_5,2026-04-30T151438Z,training,training_sessions,last_40
45,23265.18,23292.652992,2.9380160000000615,5,7,Failure,OFF,-40.0,150.0,FbR_M01569522,training,Day_1,2026-04-21T155201Z,training,training_sessions,last_25
46,23293.652992,23307.27648,4.560480000000098,7,7,Success,OFF,0.0,150.0,FbR_M01569522,training,Day_1,2026-04-21T155201Z,training,training_sessions,last_25
47,23308.27648,23323.552,1.186015999999654,7,7,Success,OFF,0.0,150.0,FbR_M01569522,training,Day_1,2026-04-21T155201Z,training,training_sessions,last_25
48,23324.552,23337.592,1.6770240000005288,5,7,Failure,OFF,-40.0,150.0,FbR_M01569522,training,Day_1,2026-04-21T155201Z,training,training_sessions,last_25
49,23338.592,23351.278976,5.01299199999994,-1,7,Miss,OFF,,150.0,FbR_M01569522,training,Day_1,2026-04-21T155201Z,training,training_sessions,last_25
50,23352.278976,23367.221984,5.007008000000496,-1,7,Miss,OFF,,150.0,FbR_M01569522,training,Day_1,2026-04-21T155201Z,training,training_sessions,last_25
51,23368.221984,23395.355488,2.2895040000003064,7,7,Success,OFF,0.0,150.0,FbR_M01569522,training,Day_1,2026-04-21T155201Z,training,training_sessions,last_25
52,23396.355488,23415.476,4.561023999998724,7,7,Success,OFF,0.0,150.0,FbR_M01569522,training,Day_1,2026-04-21T155201Z,training,training_sessions,last_25
53,23416.476,23434.9,1.5850239999999758,5,7,Failure,OFF,-40.0,150.0,FbR_M01569522,training,Day_1,2026-04-21T155201Z,training,training_sessions,last_25
54,23435.9,23453.585984,2.621984000001248,6,7,Failure,OFF,-20.0,150.0,FbR_M01569522,training,Day_1,2026-04-21T155201Z,training,training_sessions,last_25
55,23454.585984,23470.731488,5.016512000001967,-1,7,Miss,OFF,,150.0,FbR_M01569522,training,Day_1,2026-04-21T155201Z,training,training_sessions,last_25
56,23471.731488,23494.174976,5.010975999997754,-1,7,Miss,OFF,,150.0,FbR_M01569522,training,Day_1,2026-04-21T155201Z,training,training_sessions,last_25
57,23495.174976,23572.480992,5.014016000000993,-1,7,Miss,OFF,,150.0,FbR_M01569522,training,Day_1,2026-04-21T155201Z,training,training_sessions,last_25
58,23573.480992,23626.983488,3.470496000001731,7,7,Success,OFF,0.0,150.0,FbR_M01569522,training,Day_1,2026-04-21T155201Z,training,training_sessions,last_25
59,23627.983488,23643.925984,5.012000000002445,-1,7,Miss,OFF,,150.0,FbR_M01569522,training,Day_1,2026-04-21T155201Z,training,training_sessions,last_25
60,23644.925984,23657.417984,3.2520000000004075,8,7,Failure,OFF,20.0,150.0,FbR_M01569522,training,Day_1,2026-04-21T155201Z,training,training_sessions,last_25
61,23658.417984,23669.428,3.9630079999988084,7,7,Success,OFF,0.0,150.0,FbR_M01569522,training,Day_1,2026-04-21T155201Z,training,training_sessions,last_25
62,23670.428,23683.128992,5.015008000002126,-1,7,Miss,OFF,,150.0,FbR_M01569522,training,Day_1,2026-04-21T155201Z,training,training_sessions,last_25
63,23684.128992,23744.727488,5.014495999999781,-1,7,Miss,OFF,,150.0,FbR_M01569522,training,Day_1,2026-04-21T155201Z,training,training_sessions,last_25
64,23745.727488,23758.865984,5.001983999998629,-1,7,Miss,OFF,,150.0,FbR_M01569522,training,Day_1,2026-04-21T155201Z,training,training_sessions,last_25
65,23759.865984,23817.454976,2.592000000000553,7,7,Success,OFF,0.0,150.0,FbR_M01569522,training,Day_1,2026-04-21T155201Z,training,training_sessions,last_25
66,23818.454976,23847.236992,2.2230079999972077,7,7,Success,OFF,0.0,150.0,FbR_M01569522,training,Day_1,2026-04-21T155201Z,training,training_sessions,last_25
67,23848.236992,23924.098976,2.4349760000004608,5,7,Failure,OFF,-40.0,150.0,FbR_M01569522,training,Day_1,2026-04-21T155201Z,training,training_sessions,last_25
68,23925.098976,23961.820992,5.006015999999363,-1,7,Miss,OFF,,150.0,FbR_M01569522,training,Day_1,2026-04-21T155201Z,training,training_sessions,last_25
69,23962.820992,24015.518976,5.004000000000815,-1,7,Miss,OFF,,150.0,FbR_M01569522,training,Day_1,2026-04-21T155201Z,training,training_sessions,last_25
74,26811.506976,26818.833504,1.6225279999998747,14,14,Success,OFF,0.0,150.0,FbR_M01569522,training,Day_2,2026-04-23T165237Z,training,training_sessions,last_25
75,26819.833504,26848.072,2.3630080000002636,14,14,Success,OFF,0.0,150.0,FbR_M01569522,training,Day_2,2026-04-23T165237Z,training,training_sessions,last_25
76,26849.072,26878.404992,3.54399999999805,14,14,Success,OFF,0.0,150.0,FbR_M01569522,training,Day_2,2026-04-23T165237Z,training,training_sessions,last_25
77,26879.404992,26891.549984,1.9889920000023267,14,14,Success,OFF,0.0,150.0,FbR_M01569522,training,Day_2,2026-04-23T165237Z,training,training_sessions,last_25
78,26892.549984,26909.788,3.5280000000020664,14,14,Success,OFF,0.0,150.0,FbR_M01569522,training,Day_2,2026-04-23T165237Z,training,training_sessions,last_25
79,26910.788,26919.310976,2.1480000000010477,14,14,Success,OFF,0.0,150.0,FbR_M01569522,training,Day_2,2026-04-23T165237Z,training,training_sessions,last_25
80,26920.310976,26931.133504,2.271520000002056,14,14,Success,OFF,0.0,150.0,FbR_M01569522,training,Day_2,2026-04-23T165237Z,training,training_sessions,last_25
81,26932.133504,26939.82,1.8590079999994487,14,14,Success,OFF,0.0,150.0,FbR_M01569522,training,Day_2,2026-04-23T165237Z,training,training_sessions,last_25
82,26940.82,26948.756992,1.6470079999999143,14,14,Success,OFF,0.0,150.0,FbR_M01569522,training,Day_2,2026-04-23T165237Z,training,training_sessions,last_25
83,26949.756992,26959.471488,1.962496000000101,14,14,Success,OFF,0.0,150.0,FbR_M01569522,training,Day_2,2026-04-23T165237Z,training,training_sessions,last_25
84,26960.471488,26970.578976,2.5679999999993015,14,14,Success,OFF,0.0,150.0,FbR_M01569522,training,Day_2,2026-04-23T165237Z,training,training_sessions,last_25
85,26971.578976,26990.588,3.6790079999991576,14,14,Success,OFF,0.0,150.0,FbR_M01569522,training,Day_2,2026-04-23T165237Z,training,training_sessions,last_25
86,26991.588,27002.537504,4.1285119999993185,14,14,Success,OFF,0.0,150.0,FbR_M01569522,training,Day_2,2026-04-23T165237Z,training,training_sessions,last_25
87,27003.537504,27014.030496,5.0195199999980105,-1,14,Miss,OFF,,150.0,FbR_M01569522,training,Day_2,2026-04-23T165237Z,training,training_sessions,last_25
88,27015.030496,27032.482976,5.022976000000199,-1,14,Miss,OFF,,150.0,FbR_M01569522,training,Day_2,2026-04-23T165237Z,training,training_sessions,last_25
89,27033.482976,27041.908992,2.2980160000006435,14,14,Success,OFF,0.0,150.0,FbR_M01569522,training,Day_2,2026-04-23T165237Z,training,training_sessions,last_25
90,27042.908992,27051.413984,3.0550079999993613,14,14,Success,OFF,0.0,150.0,FbR_M01569522,training,Day_2,2026-04-23T165237Z,training,training_sessions,last_25
91,27052.413984,27063.362976,3.903999999998632,14,14,Success,OFF,0.0,150.0,FbR_M01569522,training,Day_2,2026-04-23T165237Z,training,training_sessions,last_25
92,27064.362976,27096.18,5.021024000001489,-1,14,Miss,OFF,,150.0,FbR_M01569522,training,Day_2,2026-04-23T165237Z,training,training_sessions,last_25
93,27097.18,27107.280992,5.020000000000437,-1,14,Miss,OFF,,150.0,FbR_M01569522,training,Day_2,2026-04-23T165237Z,training,training_sessions,last_25
94,27108.280992,27160.030496,5.020511999999144,-1,14,Miss,OFF,,150.0,FbR_M01569522,training,Day_2,2026-04-23T165237Z,training,training_sessions,last_25
95,27161.030496,27192.164,4.205023999998957,14,14,Success,OFF,0.0,150.0,FbR_M01569522,training,Day_2,2026-04-23T165237Z,training,training_sessions,last_25
96,27193.164,27215.306496,4.046496000002662,14,14,Success,OFF,0.0,150.0,FbR_M01569522,training,Day_2,2026-04-23T165237Z,training,training_sessions,last_25
97,27216.306496,27238.18,5.020000000000437,-1,14,Miss,OFF,,150.0,FbR_M01569522,training,Day_2,2026-04-23T165237Z,training,training_sessions,last_25
98,27239.18,27255.401984,2.6430079999990994,14,14,Success,OFF,0.0,150.0,FbR_M01569522,training,Day_2,2026-04-23T165237Z,training,training_sessions,last_25
47,19239.179232,19251.076,2.3780160000023898,3,2,Failure,OFF,20.0,150.0,FbR_M01569522,training,Day_3,2026-04-25T182521Z,training,training_sessions,last_25
48,19252.076,19268.660992,5.01299199999994,-1,2,Miss,OFF,,150.0,FbR_M01569522,training,Day_3,2026-04-25T182521Z,training,training_sessions,last_25
49,19269.660992,19279.917088,1.9680959999968763,2,2,Success,OFF,0.0,150.0,FbR_M01569522,training,Day_3,2026-04-25T182521Z,training,training_sessions,last_25
50,19280.917088,19297.764352,3.6663679999983287,2,2,Success,OFF,0.0,150.0,FbR_M01569522,training,Day_3,2026-04-25T182521Z,training,training_sessions,last_25
51,19298.764352,19312.356992,5.008991999999125,-1,2,Miss,OFF,,150.0,FbR_M01569522,training,Day_3,2026-04-25T182521Z,training,training_sessions,last_25
52,19313.356992,19321.855296,2.8072960000026796,2,2,Success,OFF,0.0,150.0,FbR_M01569522,training,Day_3,2026-04-25T182521Z,training,training_sessions,last_25
53,19322.855296,19334.50416,2.504160000000411,2,2,Success,OFF,0.0,150.0,FbR_M01569522,training,Day_3,2026-04-25T182521Z,training,training_sessions,last_25
54,19335.50416,19344.98,2.279999999998836,4,2,Failure,OFF,40.0,150.0,FbR_M01569522,training,Day_3,2026-04-25T182521Z,training,training_sessions,last_25
55,19345.98,19357.172736,2.8747519999997166,2,2,Success,OFF,0.0,150.0,FbR_M01569522,training,Day_3,2026-04-25T182521Z,training,training_sessions,last_25
56,19358.172736,19384.787776,2.188799999999901,2,2,Success,OFF,0.0,150.0,FbR_M01569522,training,Day_3,2026-04-25T182521Z,training,training_sessions,last_25
57,19385.787776,19412.876224,3.876223999999638,2,2,Success,OFF,0.0,150.0,FbR_M01569522,training,Day_3,2026-04-25T182521Z,training,training_sessions,last_25
58,19413.876224,19427.071328,2.523328000002948,2,2,Success,OFF,0.0,150.0,FbR_M01569522,training,Day_3,2026-04-25T182521Z,training,training_sessions,last_25
59,19428.071328,19440.39552,4.345535999997082,2,2,Success,OFF,0.0,150.0,FbR_M01569522,training,Day_3,2026-04-25T182521Z,training,training_sessions,last_25
60,19441.39552,19454.506976,3.506976000000577,2,2,Success,OFF,0.0,150.0,FbR_M01569522,training,Day_3,2026-04-25T182521Z,training,training_sessions,last_25
61,19455.506976,19468.34944,2.0014400000000023,1,2,Failure,OFF,-20.0,150.0,FbR_M01569522,training,Day_3,2026-04-25T182521Z,training,training_sessions,last_25
62,19469.34944,19491.1144,3.6674239999993006,2,2,Success,OFF,0.0,150.0,FbR_M01569522,training,Day_3,2026-04-25T182521Z,training,training_sessions,last_25
63,19492.1144,19514.278432,2.2304320000002917,2,2,Success,OFF,0.0,150.0,FbR_M01569522,training,Day_3,2026-04-25T182521Z,training,training_sessions,last_25
64,19515.278432,19544.80528,3.85628799999904,2,2,Success,OFF,0.0,150.0,FbR_M01569522,training,Day_3,2026-04-25T182521Z,training,training_sessions,last_25
65,19545.80528,19556.66,5.011008000001311,-1,2,Miss,OFF,,150.0,FbR_M01569522,training,Day_3,2026-04-25T182521Z,training,training_sessions,last_25
66,19557.66,19573.22048,5.020479999999225,-1,2,Miss,OFF,,150.0,FbR_M01569522,training,Day_3,2026-04-25T182521Z,training,training_sessions,last_25
67,19574.22048,19606.174912,4.2759359999981825,2,2,Success,OFF,0.0,150.0,FbR_M01569522,training,Day_3,2026-04-25T182521Z,training,training_sessions,last_25
68,19607.174912,19675.206976,5.008992000002763,-1,2,Miss,OFF,,150.0,FbR_M01569522,training,Day_3,2026-04-25T182521Z,training,training_sessions,last_25
69,19676.206976,19708.154752,1.9057599999978265,2,2,Success,OFF,0.0,150.0,FbR_M01569522,training,Day_3,2026-04-25T182521Z,training,training_sessions,last_25
70,19709.154752,19723.1672,3.518208000001323,2,2,Success,OFF,0.0,150.0,FbR_M01569522,training,Day_3,2026-04-25T182521Z,training,training_sessions,last_25
71,19724.1672,19740.482912,3.034911999999167,2,2,Success,OFF,0.0,150.0,FbR_M01569522,training,Day_3,2026-04-25T182521Z,training,training_sessions,last_25
70,28257.812,28273.034496,2.9885119999999006,16,16,Success,OFF,0.0,150.0,FbR_M01569522,training,Day_4,2026-04-28T165257Z,training,training_sessions,last_25
71,28274.034496,28311.673504,3.4275199999974575,16,16,Success,OFF,0.0,150.0,FbR_M01569522,training,Day_4,2026-04-28T165257Z,training,training_sessions,last_25
72,28312.673504,28326.432992,4.287007999999332,16,16,Success,OFF,0.0,150.0,FbR_M01569522,training,Day_4,2026-04-28T165257Z,training,training_sessions,last_25
73,28327.432992,28340.388992,2.391007999998692,16,16,Success,OFF,0.0,150.0,FbR_M01569522,training,Day_4,2026-04-28T165257Z,training,training_sessions,last_25
74,28341.388992,28352.600992,1.255008000000089,17,16,Failure,OFF,20.0,150.0,FbR_M01569522,training,Day_4,2026-04-28T165257Z,training,training_sessions,last_25
75,28353.600992,28367.247488,2.801503999999113,16,16,Success,OFF,0.0,150.0,FbR_M01569522,training,Day_4,2026-04-28T165257Z,training,training_sessions,last_25
76,28368.247488,28378.912992,1.6660160000028554,16,16,Success,OFF,0.0,150.0,FbR_M01569522,training,Day_4,2026-04-28T165257Z,training,training_sessions,last_25
77,28379.912992,28399.913984,3.4670079999996233,16,16,Success,OFF,0.0,150.0,FbR_M01569522,training,Day_4,2026-04-28T165257Z,training,training_sessions,last_25
78,28400.913984,28411.013984,2.519007999999303,16,16,Success,OFF,0.0,150.0,FbR_M01569522,training,Day_4,2026-04-28T165257Z,training,training_sessions,last_25
79,28412.013984,28425.368992,4.423007999997935,16,16,Success,OFF,0.0,150.0,FbR_M01569522,training,Day_4,2026-04-28T165257Z,training,training_sessions,last_25
80,28426.368992,28440.366976,3.420991999999387,16,16,Success,OFF,0.0,150.0,FbR_M01569522,training,Day_4,2026-04-28T165257Z,training,training_sessions,last_25
81,28441.366976,28458.666976,4.320992000000842,16,16,Success,OFF,0.0,150.0,FbR_M01569522,training,Day_4,2026-04-28T165257Z,training,training_sessions,last_25
82,28459.666976,28469.266976,1.8209919999972044,16,16,Success,OFF,0.0,150.0,FbR_M01569522,training,Day_4,2026-04-28T165257Z,training,training_sessions,last_25
83,28470.266976,28482.490496,2.1435199999978067,16,16,Success,OFF,0.0,150.0,FbR_M01569522,training,Day_4,2026-04-28T165257Z,training,training_sessions,last_25
84,28483.490496,28493.866496,2.5695039999991423,16,16,Success,OFF,0.0,150.0,FbR_M01569522,training,Day_4,2026-04-28T165257Z,training,training_sessions,last_25
85,28494.866496,28504.745984,2.900000000001455,16,16,Success,OFF,0.0,150.0,FbR_M01569522,training,Day_4,2026-04-28T165257Z,training,training_sessions,last_25
86,28505.745984,28518.437984,2.443007999998372,16,16,Success,OFF,0.0,150.0,FbR_M01569522,training,Day_4,2026-04-28T165257Z,training,training_sessions,last_25
87,28519.437984,28550.97648,1.778496000002633,17,16,Failure,OFF,20.0,150.0,FbR_M01569522,training,Day_4,2026-04-28T165257Z,training,training_sessions,last_25
88,28551.97648,28564.053984,4.207999999998719,16,16,Success,OFF,0.0,150.0,FbR_M01569522,training,Day_4,2026-04-28T165257Z,training,training_sessions,last_25
89,28565.053984,28574.545984,2.3480000000017753,16,16,Success,OFF,0.0,150.0,FbR_M01569522,training,Day_4,2026-04-28T165257Z,training,training_sessions,last_25
90,28575.545984,28583.77248,2.32649599999786,16,16,Success,OFF,0.0,150.0,FbR_M01569522,training,Day_4,2026-04-28T165257Z,training,training_sessions,last_25
91,28584.77248,28597.196992,3.102016000000731,16,16,Success,OFF,0.0,150.0,FbR_M01569522,training,Day_4,2026-04-28T165257Z,training,training_sessions,last_25
92,28598.196992,28609.097984,2.6510080000007292,16,16,Success,OFF,0.0,150.0,FbR_M01569522,training,Day_4,2026-04-28T165257Z,training,training_sessions,last_25
93,28610.097984,28618.344992,1.6980159999984608,16,16,Success,OFF,0.0,150.0,FbR_M01569522,training,Day_4,2026-04-28T165257Z,training,training_sessions,last_25
94,28619.344992,28632.856,2.8100159999994503,16,16,Success,OFF,0.0,150.0,FbR_M01569522,training,Day_4,2026-04-28T165257Z,training,training_sessions,last_25
21,20876.590976,20895.869984,2.7899839999990945,12,12,Success,OFF,0.0,150.0,FbR_M01569522,training,Day_5,2026-04-29T155431Z,training,training_sessions,last_25
22,20896.869984,20910.412992,3.632000000001426,12,12,Success,OFF,0.0,150.0,FbR_M01569522,training,Day_5,2026-04-29T155431Z,training,training_sessions,last_25
23,20911.412992,20923.451488,3.2685119999987364,12,12,Success,OFF,0.0,150.0,FbR_M01569522,training,Day_5,2026-04-29T155431Z,training,training_sessions,last_25
24,20924.451488,20935.032,2.951999999997497,12,12,Success,OFF,0.0,150.0,FbR_M01569522,training,Day_5,2026-04-29T155431Z,training,training_sessions,last_25
25,20936.032,20961.084992,2.4049919999997655,12,12,Success,OFF,0.0,150.0,FbR_M01569522,training,Day_5,2026-04-29T155431Z,training,training_sessions,last_25
26,20962.084992,20986.658976,2.978975999998511,12,12,Success,OFF,0.0,150.0,FbR_M01569522,training,Day_5,2026-04-29T155431Z,training,training_sessions,last_25
27,20987.658976,20995.906496,1.7245120000006864,12,12,Success,OFF,0.0,150.0,FbR_M01569522,training,Day_5,2026-04-29T155431Z,training,training_sessions,last_25
28,20996.906496,21015.648992,5.01801599999817,-1,12,Miss,OFF,,150.0,FbR_M01569522,training,Day_5,2026-04-29T155431Z,training,training_sessions,last_25
29,21016.648992,21029.0,2.1199999999989814,12,12,Success,OFF,0.0,150.0,FbR_M01569522,training,Day_5,2026-04-29T155431Z,training,training_sessions,last_25
30,21030.0,21049.922976,4.244000000002416,12,12,Success,OFF,0.0,150.0,FbR_M01569522,training,Day_5,2026-04-29T155431Z,training,training_sessions,last_25
31,21050.922976,21066.445984,5.01600000000326,-1,12,Miss,OFF,,150.0,FbR_M01569522,training,Day_5,2026-04-29T155431Z,training,training_sessions,last_25
32,21067.445984,21077.21648,2.5364799999988463,12,12,Success,OFF,0.0,150.0,FbR_M01569522,training,Day_5,2026-04-29T155431Z,training,training_sessions,last_25
33,21078.21648,21095.326976,2.4469759999992675,12,12,Success,OFF,0.0,150.0,FbR_M01569522,training,Day_5,2026-04-29T155431Z,training,training_sessions,last_25
34,21096.326976,21107.482976,2.8529920000000857,12,12,Success,OFF,0.0,150.0,FbR_M01569522,training,Day_5,2026-04-29T155431Z,training,training_sessions,last_25
35,21108.482976,21119.439488,1.9594880000004196,12,12,Success,OFF,0.0,150.0,FbR_M01569522,training,Day_5,2026-04-29T155431Z,training,training_sessions,last_25
36,21120.439488,21137.304992,2.975008000001253,12,12,Success,OFF,0.0,150.0,FbR_M01569522,training,Day_5,2026-04-29T155431Z,training,training_sessions,last_25
37,21138.304992,21153.272992,2.343007999999827,12,12,Success,OFF,0.0,150.0,FbR_M01569522,training,Day_5,2026-04-29T155431Z,training,training_sessions,last_25
38,21154.272992,21173.697984,5.0179839999982505,-1,12,Miss,OFF,,150.0,FbR_M01569522,training,Day_5,2026-04-29T155431Z,training,training_sessions,last_25
39,21174.697984,21186.12,2.687999999998283,12,12,Success,OFF,0.0,150.0,FbR_M01569522,training,Day_5,2026-04-29T155431Z,training,training_sessions,last_25
40,21187.12,21197.665984,3.2369919999982812,12,12,Success,OFF,0.0,150.0,FbR_M01569522,training,Day_5,2026-04-29T155431Z,training,training_sessions,last_25
41,21198.665984,21218.600992,5.020000000000437,-1,12,Miss,OFF,,150.0,FbR_M01569522,training,Day_5,2026-04-29T155431Z,training,training_sessions,last_25
42,21219.600992,21233.157504,3.378527999997459,12,12,Success,OFF,0.0,150.0,FbR_M01569522,training,Day_5,2026-04-29T155431Z,training,training_sessions,last_25
43,21234.157504,21252.621984,3.5889920000008715,12,12,Success,OFF,0.0,150.0,FbR_M01569522,training,Day_5,2026-04-29T155431Z,training,training_sessions,last_25
44,21253.621984,21261.516,2.037024000001111,12,12,Success,OFF,0.0,150.0,FbR_M01569522,training,Day_5,2026-04-29T155431Z,training,training_sessions,last_25
45,21262.516,21280.872,2.8900160000011965,12,12,Success,OFF,0.0,150.0,FbR_M01569522,training,Day_5,2026-04-29T155431Z,training,training_sessions,last_25
50,23768.390976,23785.346496,3.495519999996759,14,14,Success,OFF,0.0,150.0,FLR_M01569521,training,Day_1,2026-04-23T160907Z,training,training_sessions,last_25
51,23786.346496,23818.806976,1.9549760000008973,14,14,Success,OFF,0.0,150.0,FLR_M01569521,training,Day_1,2026-04-23T160907Z,training,training_sessions,last_25
52,23819.806976,23969.92,5.021023999997851,-1,14,Miss,OFF,,150.0,FLR_M01569521,training,Day_1,2026-04-23T160907Z,training,training_sessions,last_25
53,23970.92,24008.96848,5.018496000000596,-1,14,Miss,OFF,,150.0,FLR_M01569521,training,Day_1,2026-04-23T160907Z,training,training_sessions,last_25
54,24009.96848,24031.766496,5.017503999999462,-1,14,Miss,OFF,,150.0,FLR_M01569521,training,Day_1,2026-04-23T160907Z,training,training_sessions,last_25
55,24032.766496,24054.372,5.022015999998985,-1,14,Miss,OFF,,150.0,FLR_M01569521,training,Day_1,2026-04-23T160907Z,training,training_sessions,last_25
56,24055.372,24097.956,3.4550079999971786,4,14,Failure,OFF,160.0,150.0,FLR_M01569521,training,Day_1,2026-04-23T160907Z,training,training_sessions,last_25
57,24098.956,24110.716992,5.018016000001808,-1,14,Miss,OFF,,150.0,FLR_M01569521,training,Day_1,2026-04-23T160907Z,training,training_sessions,last_25
58,24111.716992,24121.815488,5.014495999999781,-1,14,Miss,OFF,,150.0,FLR_M01569521,training,Day_1,2026-04-23T160907Z,training,training_sessions,last_25
59,24122.815488,24174.361984,3.9110079999991285,14,14,Success,OFF,0.0,150.0,FLR_M01569521,training,Day_1,2026-04-23T160907Z,training,training_sessions,last_25
60,24175.361984,24190.376992,4.5260159999997995,14,14,Success,OFF,0.0,150.0,FLR_M01569521,training,Day_1,2026-04-23T160907Z,training,training_sessions,last_25
61,24191.376992,24210.460992,2.360000000000582,14,14,Success,OFF,0.0,150.0,FLR_M01569521,training,Day_1,2026-04-23T160907Z,training,training_sessions,last_25
62,24211.460992,24221.714976,4.713983999998163,14,14,Success,OFF,0.0,150.0,FLR_M01569521,training,Day_1,2026-04-23T160907Z,training,training_sessions,last_25
63,24222.714976,24232.312,3.010016000000178,14,14,Success,OFF,0.0,150.0,FLR_M01569521,training,Day_1,2026-04-23T160907Z,training,training_sessions,last_25
64,24233.312,24244.766976,5.0179839999982505,-1,14,Miss,OFF,,150.0,FLR_M01569521,training,Day_1,2026-04-23T160907Z,training,training_sessions,last_25
65,24245.766976,24267.919488,5.019487999998091,-1,14,Miss,OFF,,150.0,FLR_M01569521,training,Day_1,2026-04-23T160907Z,training,training_sessions,last_25
66,24268.919488,24289.32,5.020000000000437,-1,14,Miss,OFF,,150.0,FLR_M01569521,training,Day_1,2026-04-23T160907Z,training,training_sessions,last_25
67,24290.32,24297.870496,2.4715199999991455,14,14,Success,OFF,0.0,150.0,FLR_M01569521,training,Day_1,2026-04-23T160907Z,training,training_sessions,last_25
68,24298.870496,24317.148992,2.8500160000003234,14,14,Success,OFF,0.0,150.0,FLR_M01569521,training,Day_1,2026-04-23T160907Z,training,training_sessions,last_25
69,24318.148992,24337.269984,5.020000000000437,-1,14,Miss,OFF,,150.0,FLR_M01569521,training,Day_1,2026-04-23T160907Z,training,training_sessions,last_25
70,24338.269984,24369.387488,1.6365120000009483,4,14,Failure,OFF,160.0,150.0,FLR_M01569521,training,Day_1,2026-04-23T160907Z,training,training_sessions,last_25
71,24370.387488,24386.676,4.177024000000529,7,14,Failure,OFF,-140.0,150.0,FLR_M01569521,training,Day_1,2026-04-23T160907Z,training,training_sessions,last_25
72,24387.676,24399.009504,1.8605120000029274,4,14,Failure,OFF,160.0,150.0,FLR_M01569521,training,Day_1,2026-04-23T160907Z,training,training_sessions,last_25
73,24400.009504,24452.617504,5.018528000000515,-1,14,Miss,OFF,,150.0,FLR_M01569521,training,Day_1,2026-04-23T160907Z,training,training_sessions,last_25
74,24453.617504,24467.562976,5.013984000001074,-1,14,Miss,OFF,,150.0,FLR_M01569521,training,Day_1,2026-04-23T160907Z,training,training_sessions,last_25
49,21954.053504,21966.459488,4.322496000000683,8,8,Success,OFF,0.0,150.0,FLR_M01569521,training,Day_2,2026-04-25T190915Z,training,training_sessions,last_25
50,21967.459488,21977.034976,2.44800000000032,8,8,Success,OFF,0.0,150.0,FLR_M01569521,training,Day_2,2026-04-25T190915Z,training,training_sessions,last_25
51,21978.034976,21996.720992,3.383007999997062,8,8,Success,OFF,0.0,150.0,FLR_M01569521,training,Day_2,2026-04-25T190915Z,training,training_sessions,last_25
52,21997.720992,22009.837984,3.7499840000018594,8,8,Success,OFF,0.0,150.0,FLR_M01569521,training,Day_2,2026-04-25T190915Z,training,training_sessions,last_25
53,22010.837984,22104.901984,3.0150079999984882,8,8,Success,OFF,0.0,150.0,FLR_M01569521,training,Day_2,2026-04-25T190915Z,training,training_sessions,last_25
54,22105.901984,22121.656992,5.020000000000437,-1,8,Miss,OFF,,150.0,FLR_M01569521,training,Day_2,2026-04-25T190915Z,training,training_sessions,last_25
55,22122.656992,22135.777504,4.189504000001762,8,8,Success,OFF,0.0,150.0,FLR_M01569521,training,Day_2,2026-04-25T190915Z,training,training_sessions,last_25
56,22136.777504,22188.196,5.007008000000496,-1,8,Miss,OFF,,150.0,FLR_M01569521,training,Day_2,2026-04-25T190915Z,training,training_sessions,last_25
57,22189.196,22245.045984,2.708991999999853,8,8,Success,OFF,0.0,150.0,FLR_M01569521,training,Day_2,2026-04-25T190915Z,training,training_sessions,last_25
58,22246.045984,22256.485984,3.299007999998139,8,8,Success,OFF,0.0,150.0,FLR_M01569521,training,Day_2,2026-04-25T190915Z,training,training_sessions,last_25
59,22257.485984,22279.463488,3.876512000002549,8,8,Success,OFF,0.0,150.0,FLR_M01569521,training,Day_2,2026-04-25T190915Z,training,training_sessions,last_25
60,22280.463488,22288.962976,2.775999999998021,8,8,Success,OFF,0.0,150.0,FLR_M01569521,training,Day_2,2026-04-25T190915Z,training,training_sessions,last_25
61,22289.962976,22324.754496,3.3144960000026913,8,8,Success,OFF,0.0,150.0,FLR_M01569521,training,Day_2,2026-04-25T190915Z,training,training_sessions,last_25
62,22325.754496,22350.662496,4.425504000002547,8,8,Success,OFF,0.0,150.0,FLR_M01569521,training,Day_2,2026-04-25T190915Z,training,training_sessions,last_25
63,22351.662496,22364.009984,3.8729920000005222,8,8,Success,OFF,0.0,150.0,FLR_M01569521,training,Day_2,2026-04-25T190915Z,training,training_sessions,last_25
64,22365.009984,22385.585984,2.0979839999999967,8,8,Success,OFF,0.0,150.0,FLR_M01569521,training,Day_2,2026-04-25T190915Z,training,training_sessions,last_25
65,22386.585984,22402.50848,5.020479999999225,-1,8,Miss,OFF,,150.0,FLR_M01569521,training,Day_2,2026-04-25T190915Z,training,training_sessions,last_25
66,22403.50848,22412.623488,3.1365120000009483,8,8,Success,OFF,0.0,150.0,FLR_M01569521,training,Day_2,2026-04-25T190915Z,training,training_sessions,last_25
67,22413.623488,22425.972,3.6330240000024787,8,8,Success,OFF,0.0,150.0,FLR_M01569521,training,Day_2,2026-04-25T190915Z,training,training_sessions,last_25
68,22426.972,22443.958976,5.021984000002703,-1,8,Miss,OFF,,150.0,FLR_M01569521,training,Day_2,2026-04-25T190915Z,training,training_sessions,last_25
69,22444.958976,22471.26,5.023008000000118,-1,8,Miss,OFF,,150.0,FLR_M01569521,training,Day_2,2026-04-25T190915Z,training,training_sessions,last_25
70,22472.26,22482.868,2.330015999999887,8,8,Success,OFF,0.0,150.0,FLR_M01569521,training,Day_2,2026-04-25T190915Z,training,training_sessions,last_25
71,22483.868,22494.364992,4.478015999997297,8,8,Success,OFF,0.0,150.0,FLR_M01569521,training,Day_2,2026-04-25T190915Z,training,training_sessions,last_25
72,22495.364992,22514.41248,5.025503999997454,-1,8,Miss,OFF,,150.0,FLR_M01569521,training,Day_2,2026-04-25T190915Z,training,training_sessions,last_25
73,22515.41248,22528.222976,4.985984000002645,8,8,Success,OFF,0.0,150.0,FLR_M01569521,training,Day_2,2026-04-25T190915Z,training,training_sessions,last_25
44,13437.430976,13460.107488,2.554495999998835,16,16,Success,OFF,0.0,150.0,FLR_M01569521,training,Day_3,2026-04-28T124547Z,training,training_sessions,last_25
45,13461.107488,13474.676992,2.1300160000009782,16,16,Success,OFF,0.0,150.0,FLR_M01569521,training,Day_3,2026-04-28T124547Z,training,training_sessions,last_25
46,13475.676992,13494.158976,5.010976000001392,-1,16,Miss,OFF,,150.0,FLR_M01569521,training,Day_3,2026-04-28T124547Z,training,training_sessions,last_25
47,13495.158976,13511.921984,2.5739840000005643,16,16,Success,OFF,0.0,150.0,FLR_M01569521,training,Day_3,2026-04-28T124547Z,training,training_sessions,last_25
48,13512.921984,13530.822976,3.4239999999990687,16,16,Success,OFF,0.0,150.0,FLR_M01569521,training,Day_3,2026-04-28T124547Z,training,training_sessions,last_25
49,13531.822976,13583.084992,3.9380160000000615,17,16,Failure,OFF,20.0,150.0,FLR_M01569521,training,Day_3,2026-04-28T124547Z,training,training_sessions,last_25
50,13584.084992,13639.909504,5.012511999999333,-1,16,Miss,OFF,,150.0,FLR_M01569521,training,Day_3,2026-04-28T124547Z,training,training_sessions,last_25
51,13640.909504,13652.962976,5.014976000000388,-1,16,Miss,OFF,,150.0,FLR_M01569521,training,Day_3,2026-04-28T124547Z,training,training_sessions,last_25
52,13653.962976,13661.666976,1.6189759999997477,16,16,Success,OFF,0.0,150.0,FLR_M01569521,training,Day_3,2026-04-28T124547Z,training,training_sessions,last_25
53,13662.666976,13689.16,5.013023999999859,-1,16,Miss,OFF,,150.0,FLR_M01569521,training,Day_3,2026-04-28T124547Z,training,training_sessions,last_25
54,13690.16,13700.758496,5.011520000000019,-1,16,Miss,OFF,,150.0,FLR_M01569521,training,Day_3,2026-04-28T124547Z,training,training_sessions,last_25
55,13701.758496,13713.661984,4.213983999999982,16,16,Success,OFF,0.0,150.0,FLR_M01569521,training,Day_3,2026-04-28T124547Z,training,training_sessions,last_25
56,13714.661984,13790.074496,4.028511999998955,16,16,Success,OFF,0.0,150.0,FLR_M01569521,training,Day_3,2026-04-28T124547Z,training,training_sessions,last_25
57,13791.074496,13820.685984,3.7379839999994147,16,16,Success,OFF,0.0,150.0,FLR_M01569521,training,Day_3,2026-04-28T124547Z,training,training_sessions,last_25
58,13821.685984,13837.546496,2.8005120000016177,16,16,Success,OFF,0.0,150.0,FLR_M01569521,training,Day_3,2026-04-28T124547Z,training,training_sessions,last_25
59,13838.546496,13893.559488,5.0135040000004665,-1,16,Miss,OFF,,150.0,FLR_M01569521,training,Day_3,2026-04-28T124547Z,training,training_sessions,last_25
60,13894.559488,13932.811488,5.015487999999095,-1,16,Miss,OFF,,150.0,FLR_M01569521,training,Day_3,2026-04-28T124547Z,training,training_sessions,last_25
61,13933.811488,13945.457984,5.012000000000626,-1,16,Miss,OFF,,150.0,FLR_M01569521,training,Day_3,2026-04-28T124547Z,training,training_sessions,last_25
62,13946.457984,13960.177984,2.3299839999999676,16,16,Success,OFF,0.0,150.0,FLR_M01569521,training,Day_3,2026-04-28T124547Z,training,training_sessions,last_25
63,13961.177984,13990.418976,3.02099200000157,16,16,Success,OFF,0.0,150.0,FLR_M01569521,training,Day_3,2026-04-28T124547Z,training,training_sessions,last_25
64,13991.418976,14007.484,3.738016000001153,16,16,Success,OFF,0.0,150.0,FLR_M01569521,training,Day_3,2026-04-28T124547Z,training,training_sessions,last_25
65,14008.484,14019.493984,2.7960000000002765,16,16,Success,OFF,0.0,150.0,FLR_M01569521,training,Day_3,2026-04-28T124547Z,training,training_sessions,last_25
66,14020.493984,14158.024992,2.6289919999999256,17,16,Failure,OFF,20.0,150.0,FLR_M01569521,training,Day_3,2026-04-28T124547Z,training,training_sessions,last_25
67,14159.024992,14243.26,5.013023999999859,-1,16,Miss,OFF,,150.0,FLR_M01569521,training,Day_3,2026-04-28T124547Z,training,training_sessions,last_25
68,14244.26,14304.160992,5.011999999998807,-1,16,Miss,OFF,,150.0,FLR_M01569521,training,Day_3,2026-04-28T124547Z,training,training_sessions,last_25
107,23671.044,23680.293984,2.432991999998194,17,17,Success,OFF,0.0,150.0,FLR_M01569521,training,Day_4,2026-04-29T161826Z,training,training_sessions,last_25
108,23681.293984,23693.094976,1.9849920000015118,17,17,Success,OFF,0.0,150.0,FLR_M01569521,training,Day_4,2026-04-29T161826Z,training,training_sessions,last_25
109,23694.094976,23702.658976,2.648991999998543,17,17,Success,OFF,0.0,150.0,FLR_M01569521,training,Day_4,2026-04-29T161826Z,training,training_sessions,last_25
110,23703.658976,23716.476992,2.367999999998574,17,17,Success,OFF,0.0,150.0,FLR_M01569521,training,Day_4,2026-04-29T161826Z,training,training_sessions,last_25
111,23717.476992,23727.772992,2.6100159999987227,17,17,Success,OFF,0.0,150.0,FLR_M01569521,training,Day_4,2026-04-29T161826Z,training,training_sessions,last_25
112,23728.772992,23742.888,3.3270080000002054,17,17,Success,OFF,0.0,150.0,FLR_M01569521,training,Day_4,2026-04-29T161826Z,training,training_sessions,last_25
113,23743.888,23753.249984,3.183999999997468,17,17,Success,OFF,0.0,150.0,FLR_M01569521,training,Day_4,2026-04-29T161826Z,training,training_sessions,last_25
114,23754.249984,23767.88848,2.5264960000022256,17,17,Success,OFF,0.0,150.0,FLR_M01569521,training,Day_4,2026-04-29T161826Z,training,training_sessions,last_25
115,23768.88848,23783.732,1.5200000000004366,17,17,Success,OFF,0.0,150.0,FLR_M01569521,training,Day_4,2026-04-29T161826Z,training,training_sessions,last_25
116,23784.732,23797.276992,4.464991999997437,17,17,Success,OFF,0.0,150.0,FLR_M01569521,training,Day_4,2026-04-29T161826Z,training,training_sessions,last_25
117,23798.276992,23825.744,2.2810239999998885,17,17,Success,OFF,0.0,150.0,FLR_M01569521,training,Day_4,2026-04-29T161826Z,training,training_sessions,last_25
118,23826.744,23863.268992,1.907999999999447,17,17,Success,OFF,0.0,150.0,FLR_M01569521,training,Day_4,2026-04-29T161826Z,training,training_sessions,last_25
119,23864.268992,23876.26,2.749023999997007,17,17,Success,OFF,0.0,150.0,FLR_M01569521,training,Day_4,2026-04-29T161826Z,training,training_sessions,last_25
120,23877.26,23886.500992,2.190016000000469,17,17,Success,OFF,0.0,150.0,FLR_M01569521,training,Day_4,2026-04-29T161826Z,training,training_sessions,last_25
121,23887.500992,23896.016992,1.8070079999997688,17,17,Success,OFF,0.0,150.0,FLR_M01569521,training,Day_4,2026-04-29T161826Z,training,training_sessions,last_25
122,23897.016992,23913.844992,1.6849919999986014,17,17,Success,OFF,0.0,150.0,FLR_M01569521,training,Day_4,2026-04-29T161826Z,training,training_sessions,last_25
123,23914.844992,23931.032,2.272000000000844,17,17,Success,OFF,0.0,150.0,FLR_M01569521,training,Day_4,2026-04-29T161826Z,training,training_sessions,last_25
124,23932.032,23957.124,2.811999999998079,17,17,Success,OFF,0.0,150.0,FLR_M01569521,training,Day_4,2026-04-29T161826Z,training,training_sessions,last_25
125,23958.124,23967.669984,2.308000000000902,17,17,Success,OFF,0.0,150.0,FLR_M01569521,training,Day_4,2026-04-29T161826Z,training,training_sessions,last_25
126,23968.669984,23978.464,2.303007999998954,17,17,Success,OFF,0.0,150.0,FLR_M01569521,training,Day_4,2026-04-29T161826Z,training,training_sessions,last_25
127,23979.464,23988.474976,2.8149760000014794,17,17,Success,OFF,0.0,150.0,FLR_M01569521,training,Day_4,2026-04-29T161826Z,training,training_sessions,last_25
128,23989.474976,23998.100992,2.2399999999979627,17,17,Success,OFF,0.0,150.0,FLR_M01569521,training,Day_4,2026-04-29T161826Z,training,training_sessions,last_25
129,23999.100992,24022.308992,4.7479999999995925,17,17,Success,OFF,0.0,150.0,FLR_M01569521,training,Day_4,2026-04-29T161826Z,training,training_sessions,last_25
130,24023.308992,24037.92,3.211007999998401,17,17,Success,OFF,0.0,150.0,FLR_M01569521,training,Day_4,2026-04-29T161826Z,training,training_sessions,last_25
131,24038.92,24051.361984,4.252991999997903,17,17,Success,OFF,0.0,150.0,FLR_M01569521,training,Day_4,2026-04-29T161826Z,training,training_sessions,last_25
85,1753.167424,1769.325664,3.2956799999999475,0,0,Success,OFF,0.0,150.0,FLR_M01569521,training,Day_5,2026-04-30T151438Z,training,training_sessions,last_25
86,1770.325664,1794.957504,5.028511999999864,-1,0,Miss,OFF,,150.0,FLR_M01569521,training,Day_5,2026-04-30T151438Z,training,training_sessions,last_25
87,1795.957504,1813.170944,1.989951999999903,0,0,Success,OFF,0.0,150.0,FLR_M01569521,training,Day_5,2026-04-30T151438Z,training,training_sessions,last_25
88,1814.170944,1979.105408,4.224415999999792,0,0,Success,OFF,0.0,150.0,FLR_M01569521,training,Day_5,2026-04-30T151438Z,training,training_sessions,last_25
89,1980.105408,2017.779104,2.3981119999998555,0,0,Success,OFF,0.0,150.0,FLR_M01569521,training,Day_5,2026-04-30T151438Z,training,training_sessions,last_25
90,2018.779104,2045.945248,4.81526400000007,0,0,Success,OFF,0.0,150.0,FLR_M01569521,training,Day_5,2026-04-30T151438Z,training,training_sessions,last_25
91,2046.945248,2070.8072,2.476224000000002,0,0,Success,OFF,0.0,150.0,FLR_M01569521,training,Day_5,2026-04-30T151438Z,training,training_sessions,last_25
92,2071.8072,2083.880704,2.6987200000003213,0,0,Success,OFF,0.0,150.0,FLR_M01569521,training,Day_5,2026-04-30T151438Z,training,training_sessions,last_25
93,2084.880704,2126.011072,2.4300799999996343,0,0,Success,OFF,0.0,150.0,FLR_M01569521,training,Day_5,2026-04-30T151438Z,training,training_sessions,last_25
94,2127.011072,2142.300288,3.6192959999998493,0,0,Success,OFF,0.0,150.0,FLR_M01569521,training,Day_5,2026-04-30T151438Z,training,training_sessions,last_25
95,2143.300288,2153.57728,2.4463040000000547,0,0,Success,OFF,0.0,150.0,FLR_M01569521,training,Day_5,2026-04-30T151438Z,training,training_sessions,last_25
96,2154.57728,2172.832928,2.101951999999983,0,0,Success,OFF,0.0,150.0,FLR_M01569521,training,Day_5,2026-04-30T151438Z,training,training_sessions,last_25
97,2173.832928,2182.259072,1.9780799999998635,0,0,Success,OFF,0.0,150.0,FLR_M01569521,training,Day_5,2026-04-30T151438Z,training,training_sessions,last_25
98,2183.259072,2195.037024,3.2570240000000013,0,0,Success,OFF,0.0,150.0,FLR_M01569521,training,Day_5,2026-04-30T151438Z,training,training_sessions,last_25
99,2196.037024,2205.509856,1.8288640000000669,0,0,Success,OFF,0.0,150.0,FLR_M01569521,training,Day_5,2026-04-30T151438Z,training,training_sessions,last_25
100,2206.509856,2217.789952,3.757951999999932,0,0,Success,OFF,0.0,150.0,FLR_M01569521,training,Day_5,2026-04-30T151438Z,training,training_sessions,last_25
101,2218.789952,2295.546208,2.5652160000004187,0,0,Success,OFF,0.0,150.0,FLR_M01569521,training,Day_5,2026-04-30T151438Z,training,training_sessions,last_25
102,2296.546208,2319.55168,2.4216959999998835,0,0,Success,OFF,0.0,150.0,FLR_M01569521,training,Day_5,2026-04-30T151438Z,training,training_sessions,last_25
103,2320.55168,2339.542144,2.2621439999998074,0,0,Success,OFF,0.0,150.0,FLR_M01569521,training,Day_5,2026-04-30T151438Z,training,training_sessions,last_25
104,2340.542144,2351.58064,2.798655999999937,0,0,Success,OFF,0.0,150.0,FLR_M01569521,training,Day_5,2026-04-30T151438Z,training,training_sessions,last_25
105,2352.58064,2361.580992,2.400000000000091,0,0,Success,OFF,0.0,150.0,FLR_M01569521,training,Day_5,2026-04-30T151438Z,training,training_sessions,last_25
106,2362.580992,2372.115328,2.233343999999761,0,0,Success,OFF,0.0,150.0,FLR_M01569521,training,Day_5,2026-04-30T151438Z,training,training_sessions,last_25
107,2373.115328,2414.157504,5.022527999999966,-1,0,Miss,OFF,,150.0,FLR_M01569521,training,Day_5,2026-04-30T151438Z,training,training_sessions,last_25
108,2415.157504,2424.977376,1.4463999999998123,0,0,Success,OFF,0.0,150.0,FLR_M01569521,training,Day_5,2026-04-30T151438Z,training,training_sessions,last_25
109,2425.977376,2450.218528,3.9875520000000506,0,0,Success,OFF,0.0,150.0,FLR_M01569521,training,Day_5,2026-04-30T151438Z,training,training_sessions,last_25
11,6722.886496,6741.365504,5.023520000000644,-1,15,Miss,OFF,,150.0,FbR_M01569522,testing,Day_1,2026-04-30T170040Z,test_last,test_sessions_last,all_trials
12,6742.365504,6753.313504,5.023519999999735,-1,15,Miss,OFF,,150.0,FbR_M01569522,testing,Day_1,2026-04-30T170040Z,test_last,test_sessions_last,all_trials
13,6754.313504,6770.351488,5.011488000000099,-1,15,Miss,OFF,,150.0,FbR_M01569522,testing,Day_1,2026-04-30T170040Z,test_last,test_sessions_last,all_trials
14,6771.351488,6786.436992,3.9960000000000946,15,15,Success,OFF,0.0,150.0,FbR_M01569522,testing,Day_1,2026-04-30T170040Z,test_last,test_sessions_last,all_trials
15,6787.436992,6804.904992,4.212991999999758,15,15,Success,OFF,0.0,150.0,FbR_M01569522,testing,Day_1,2026-04-30T170040Z,test_last,test_sessions_last,all_trials
16,6805.904992,6821.224992,2.1329920000007405,15,15,Success,OFF,0.0,150.0,FbR_M01569522,testing,Day_1,2026-04-30T170040Z,test_last,test_sessions_last,all_trials
17,6822.224992,6835.993504,3.4535040000000663,16,15,Failure,OFF,20.0,150.0,FbR_M01569522,testing,Day_1,2026-04-30T170040Z,test_last,test_sessions_last,all_trials
18,6836.993504,6852.521792,2.1817919999994047,15,15,Success,OFF,0.0,150.0,FbR_M01569522,testing,Day_1,2026-04-30T170040Z,test_last,test_sessions_last,all_trials
19,6853.521792,6863.222496,2.4335040000005392,15,15,Success,OFF,0.0,150.0,FbR_M01569522,testing,Day_1,2026-04-30T170040Z,test_last,test_sessions_last,all_trials
20,6864.222496,6880.08048,3.0404799999996612,15,15,Success,OFF,0.0,150.0,FbR_M01569522,testing,Day_1,2026-04-30T170040Z,test_last,test_sessions_last,all_trials
21,6881.08048,6896.153984,1.7639999999992142,15,15,Success,OFF,0.0,150.0,FbR_M01569522,testing,Day_1,2026-04-30T170040Z,test_last,test_sessions_last,all_trials
22,6897.153984,6933.788,4.647007999999914,15,15,Success,OFF,0.0,150.0,FbR_M01569522,testing,Day_1,2026-04-30T170040Z,test_last,test_sessions_last,all_trials
23,6934.788,6950.084,2.242016000000149,15,15,Success,OFF,0.0,150.0,FbR_M01569522,testing,Day_1,2026-04-30T170040Z,test_last,test_sessions_last,all_trials
24,6951.084,6970.636992,2.6480000000001382,15,15,Success,OFF,0.0,150.0,FbR_M01569522,testing,Day_1,2026-04-30T170040Z,test_last,test_sessions_last,all_trials
25,6971.636992,6984.59648,2.406496000000516,15,15,Success,OFF,0.0,150.0,FbR_M01569522,testing,Day_1,2026-04-30T170040Z,test_last,test_sessions_last,all_trials
26,6985.59648,6999.089984,2.40099199999986,15,15,Success,OFF,0.0,150.0,FbR_M01569522,testing,Day_1,2026-04-30T170040Z,test_last,test_sessions_last,all_trials
27,7000.089984,7008.816992,0.8760000000002037,15,15,Success,OFF,0.0,150.0,FbR_M01569522,testing,Day_1,2026-04-30T170040Z,test_last,test_sessions_last,all_trials
28,7009.816992,7019.725984,2.484991999999693,16,15,Failure,OFF,20.0,150.0,FbR_M01569522,testing,Day_1,2026-04-30T170040Z,test_last,test_sessions_last,all_trials
29,7020.725984,7030.66048,2.6215039999997316,15,15,Success,OFF,0.0,150.0,FbR_M01569522,testing,Day_1,2026-04-30T170040Z,test_last,test_sessions_last,all_trials
30,7031.66048,7050.777504,4.337504000000081,15,15,Success,OFF,0.0,150.0,FbR_M01569522,testing,Day_1,2026-04-30T170040Z,test_last,test_sessions_last,all_trials
31,7051.777504,7060.537984,2.197983999999451,15,15,Success,OFF,0.0,150.0,FbR_M01569522,testing,Day_1,2026-04-30T170040Z,test_last,test_sessions_last,all_trials
32,7061.537984,7075.621984,2.5830080000005182,15,15,Success,OFF,0.0,150.0,FbR_M01569522,testing,Day_1,2026-04-30T170040Z,test_last,test_sessions_last,all_trials
33,7076.621984,7094.425984,3.1859840000006443,15,15,Success,OFF,0.0,150.0,FbR_M01569522,testing,Day_1,2026-04-30T170040Z,test_last,test_sessions_last,all_trials
34,7095.425984,7113.940992,2.500992000000224,16,15,Failure,OFF,20.0,150.0,FbR_M01569522,testing,Day_1,2026-04-30T170040Z,test_last,test_sessions_last,all_trials
35,7114.940992,7133.74,1.5999999999994543,15,15,Success,OFF,0.0,150.0,FbR_M01569522,testing,Day_1,2026-04-30T170040Z,test_last,test_sessions_last,all_trials
36,7134.74,7143.073984,1.8830079999997906,15,15,Success,OFF,0.0,150.0,FbR_M01569522,testing,Day_1,2026-04-30T170040Z,test_last,test_sessions_last,all_trials
37,7144.073984,7161.249984,1.8609919999998965,15,15,Success,OFF,0.0,150.0,FbR_M01569522,testing,Day_1,2026-04-30T170040Z,test_last,test_sessions_last,all_trials
11,30908.701984,30918.05648,2.474495999998908,6,6,Success,OFF,0.0,150.0,FbR_M01569522,testing,Day_2,2026-05-01T182520Z,test_last,test_sessions_last,all_trials
12,30919.05648,30938.137504,2.6555200000002515,7,6,Failure,OFF,20.0,150.0,FbR_M01569522,testing,Day_2,2026-05-01T182520Z,test_last,test_sessions_last,all_trials
13,30939.137504,30955.889504,2.3565119999984745,6,6,Success,OFF,0.0,150.0,FbR_M01569522,testing,Day_2,2026-05-01T182520Z,test_last,test_sessions_last,all_trials
14,30956.889504,30971.921984,1.6899840000005497,6,6,Success,OFF,0.0,150.0,FbR_M01569522,testing,Day_2,2026-05-01T182520Z,test_last,test_sessions_last,all_trials
15,30972.921984,30991.532992,3.4009919999989506,6,6,Success,OFF,0.0,150.0,FbR_M01569522,testing,Day_2,2026-05-01T182520Z,test_last,test_sessions_last,all_trials
16,30992.532992,31008.368992,2.135999999998603,7,6,Failure,OFF,20.0,150.0,FbR_M01569522,testing,Day_2,2026-05-01T182520Z,test_last,test_sessions_last,all_trials
17,31009.368992,31020.298976,2.2669759999989765,6,6,Success,OFF,0.0,150.0,FbR_M01569522,testing,Day_2,2026-05-01T182520Z,test_last,test_sessions_last,all_trials
18,31021.298976,31037.968,1.8840000000018335,6,6,Success,OFF,0.0,150.0,FbR_M01569522,testing,Day_2,2026-05-01T182520Z,test_last,test_sessions_last,all_trials
19,31038.968,31057.316992,1.884991999999329,6,6,Success,OFF,0.0,150.0,FbR_M01569522,testing,Day_2,2026-05-01T182520Z,test_last,test_sessions_last,all_trials
20,31058.316992,31083.029984,3.997984000001452,6,6,Success,OFF,0.0,150.0,FbR_M01569522,testing,Day_2,2026-05-01T182520Z,test_last,test_sessions_last,all_trials
21,31084.029984,31098.650976,2.1160000000018044,7,6,Failure,OFF,20.0,150.0,FbR_M01569522,testing,Day_2,2026-05-01T182520Z,test_last,test_sessions_last,all_trials
22,31099.650976,31124.176992,3.6910080000016023,6,6,Success,OFF,0.0,150.0,FbR_M01569522,testing,Day_2,2026-05-01T182520Z,test_last,test_sessions_last,all_trials
23,31125.176992,31156.343488,5.010495999998966,-1,6,Miss,OFF,,150.0,FbR_M01569522,testing,Day_2,2026-05-01T182520Z,test_last,test_sessions_last,all_trials
24,31157.343488,31176.141984,5.00800000000163,-1,6,Miss,OFF,,150.0,FbR_M01569522,testing,Day_2,2026-05-01T182520Z,test_last,test_sessions_last,all_trials
25,31177.141984,31212.994976,5.012992000003578,-1,6,Miss,OFF,,150.0,FbR_M01569522,testing,Day_2,2026-05-01T182520Z,test_last,test_sessions_last,all_trials
26,31213.994976,31244.458976,1.3760000000002037,7,6,Failure,OFF,20.0,150.0,FbR_M01569522,testing,Day_2,2026-05-01T182520Z,test_last,test_sessions_last,all_trials
27,31245.458976,31261.936992,4.9550080000008165,6,6,Success,OFF,0.0,150.0,FbR_M01569522,testing,Day_2,2026-05-01T182520Z,test_last,test_sessions_last,all_trials
28,31262.936992,31282.929984,2.347007999997004,15,6,Failure,OFF,-180.0,150.0,FbR_M01569522,testing,Day_2,2026-05-01T182520Z,test_last,test_sessions_last,all_trials
29,31283.929984,31301.63248,2.050495999999839,8,6,Failure,OFF,40.0,150.0,FbR_M01569522,testing,Day_2,2026-05-01T182520Z,test_last,test_sessions_last,all_trials
30,31302.63248,31321.26,5.027999999998428,-1,6,Miss,OFF,,150.0,FbR_M01569522,testing,Day_2,2026-05-01T182520Z,test_last,test_sessions_last,all_trials
31,31322.26,31517.157984,5.02598399999988,-1,6,Miss,OFF,,150.0,FbR_M01569522,testing,Day_2,2026-05-01T182520Z,test_last,test_sessions_last,all_trials
32,31518.157984,31548.89248,5.009503999997833,-1,6,Miss,OFF,,150.0,FbR_M01569522,testing,Day_2,2026-05-01T182520Z,test_last,test_sessions_last,all_trials
33,31549.89248,31569.760992,5.027999999998428,-1,6,Miss,OFF,,150.0,FbR_M01569522,testing,Day_2,2026-05-01T182520Z,test_last,test_sessions_last,all_trials
34,31570.760992,31587.748,1.8150080000013986,7,6,Failure,OFF,20.0,150.0,FbR_M01569522,testing,Day_2,2026-05-01T182520Z,test_last,test_sessions_last,all_trials
35,31588.748,31608.672,1.139999999999418,6,6,Success,OFF,0.0,150.0,FbR_M01569522,testing,Day_2,2026-05-01T182520Z,test_last,test_sessions_last,all_trials
36,31609.672,31621.512,4.879999999997381,7,6,Failure,OFF,20.0,150.0,FbR_M01569522,testing,Day_2,2026-05-01T182520Z,test_last,test_sessions_last,all_trials
37,31622.512,31639.557504,4.425503999998909,7,6,Failure,OFF,20.0,150.0,FbR_M01569522,testing,Day_2,2026-05-01T182520Z,test_last,test_sessions_last,all_trials
38,31640.557504,31662.918496,1.3375039999991714,6,6,Success,OFF,0.0,150.0,FbR_M01569522,testing,Day_2,2026-05-01T182520Z,test_last,test_sessions_last,all_trials
39,31663.918496,31682.796,3.7119999999995343,7,6,Failure,OFF,20.0,150.0,FbR_M01569522,testing,Day_2,2026-05-01T182520Z,test_last,test_sessions_last,all_trials
40,31683.796,31700.486976,2.5539840000019467,7,6,Failure,OFF,20.0,150.0,FbR_M01569522,testing,Day_2,2026-05-01T182520Z,test_last,test_sessions_last,all_trials
41,31701.486976,31709.980992,2.5990080000010494,6,6,Success,OFF,0.0,150.0,FbR_M01569522,testing,Day_2,2026-05-01T182520Z,test_last,test_sessions_last,all_trials
42,31710.980992,31718.477984,0.9459840000017721,6,6,Success,OFF,0.0,150.0,FbR_M01569522,testing,Day_2,2026-05-01T182520Z,test_last,test_sessions_last,all_trials
43,31719.477984,31737.644,3.213024000000587,6,6,Success,OFF,0.0,150.0,FbR_M01569522,testing,Day_2,2026-05-01T182520Z,test_last,test_sessions_last,all_trials
44,31738.644,31758.00848,3.025504000001092,7,6,Failure,OFF,20.0,150.0,FbR_M01569522,testing,Day_2,2026-05-01T182520Z,test_last,test_sessions_last,all_trials
45,31759.00848,31777.76048,3.3295040000011795,6,6,Success,OFF,0.0,150.0,FbR_M01569522,testing,Day_2,2026-05-01T182520Z,test_last,test_sessions_last,all_trials
46,31778.76048,31794.133984,2.4529919999986305,6,6,Success,OFF,0.0,150.0,FbR_M01569522,testing,Day_2,2026-05-01T182520Z,test_last,test_sessions_last,all_trials
47,31795.133984,31821.16,5.029023999999481,-1,6,Miss,OFF,,150.0,FbR_M01569522,testing,Day_2,2026-05-01T182520Z,test_last,test_sessions_last,all_trials
48,31822.16,31841.182976,4.851999999998952,6,6,Success,OFF,0.0,150.0,FbR_M01569522,testing,Day_2,2026-05-01T182520Z,test_last,test_sessions_last,all_trials
49,31842.182976,31859.158976,3.0759999999972933,6,6,Success,OFF,0.0,150.0,FbR_M01569522,testing,Day_2,2026-05-01T182520Z,test_last,test_sessions_last,all_trials
50,31860.158976,31885.94,5.0090239999990445,-1,6,Miss,OFF,,150.0,FbR_M01569522,testing,Day_2,2026-05-01T182520Z,test_last,test_sessions_last,all_trials
51,31886.94,31916.532992,2.6520000000018626,16,6,Failure,OFF,-160.0,150.0,FbR_M01569522,testing,Day_2,2026-05-01T182520Z,test_last,test_sessions_last,all_trials
52,31917.532992,32265.657984,5.0240000000012515,-1,6,Miss,OFF,,150.0,FbR_M01569522,testing,Day_2,2026-05-01T182520Z,test_last,test_sessions_last,all_trials
53,32266.657984,32322.143488,5.010496000002604,-1,6,Miss,OFF,,150.0,FbR_M01569522,testing,Day_2,2026-05-01T182520Z,test_last,test_sessions_last,all_trials
11,19134.73248,19156.018496,3.8904959999999846,14,14,Success,OFF,0.0,150.0,FbR_M01569522,testing,Day_3,2026-05-02T170316Z,test_last,test_sessions_last,all_trials
12,19157.018496,19173.628,3.550016000001051,14,14,Success,OFF,0.0,150.0,FbR_M01569522,testing,Day_3,2026-05-02T170316Z,test_last,test_sessions_last,all_trials
13,19174.628,19189.890976,2.412000000000262,14,14,Success,OFF,0.0,150.0,FbR_M01569522,testing,Day_3,2026-05-02T170316Z,test_last,test_sessions_last,all_trials
14,19190.890976,19204.937984,5.011999999998807,-1,14,Miss,OFF,,150.0,FbR_M01569522,testing,Day_3,2026-05-02T170316Z,test_last,test_sessions_last,all_trials
15,19205.937984,19224.132,4.756000000001222,5,14,Failure,OFF,-180.0,150.0,FbR_M01569522,testing,Day_3,2026-05-02T170316Z,test_last,test_sessions_last,all_trials
16,19225.132,19242.60448,4.077504000000772,14,14,Success,OFF,0.0,150.0,FbR_M01569522,testing,Day_3,2026-05-02T170316Z,test_last,test_sessions_last,all_trials
17,19243.60448,19258.924,2.598015999999916,14,14,Success,OFF,0.0,150.0,FbR_M01569522,testing,Day_3,2026-05-02T170316Z,test_last,test_sessions_last,all_trials
18,19259.924,19270.682976,3.355999999999767,14,14,Success,OFF,0.0,150.0,FbR_M01569522,testing,Day_3,2026-05-02T170316Z,test_last,test_sessions_last,all_trials
19,19271.682976,19290.888,5.011999999998807,-1,14,Miss,OFF,,150.0,FbR_M01569522,testing,Day_3,2026-05-02T170316Z,test_last,test_sessions_last,all_trials
20,19291.888,19317.440992,5.015007999998488,-1,14,Miss,OFF,,150.0,FbR_M01569522,testing,Day_3,2026-05-02T170316Z,test_last,test_sessions_last,all_trials
21,19318.440992,19334.193984,5.015008000002126,-1,14,Miss,OFF,,150.0,FbR_M01569522,testing,Day_3,2026-05-02T170316Z,test_last,test_sessions_last,all_trials
22,19335.193984,19349.017504,2.041504000000714,16,14,Failure,OFF,40.0,150.0,FbR_M01569522,testing,Day_3,2026-05-02T170316Z,test_last,test_sessions_last,all_trials
23,19350.017504,19365.788,5.013023999999859,-1,14,Miss,OFF,,150.0,FbR_M01569522,testing,Day_3,2026-05-02T170316Z,test_last,test_sessions_last,all_trials
24,19366.788,19381.688,5.011007999997673,-1,14,Miss,OFF,,150.0,FbR_M01569522,testing,Day_3,2026-05-02T170316Z,test_last,test_sessions_last,all_trials
25,19382.688,19418.141984,5.01600000000326,-1,14,Miss,OFF,,150.0,FbR_M01569522,testing,Day_3,2026-05-02T170316Z,test_last,test_sessions_last,all_trials
26,19419.141984,19458.641984,5.01600000000326,-1,14,Miss,OFF,,150.0,FbR_M01569522,testing,Day_3,2026-05-02T170316Z,test_last,test_sessions_last,all_trials
27,19459.641984,19479.390976,5.014975999998569,-1,14,Miss,OFF,,150.0,FbR_M01569522,testing,Day_3,2026-05-02T170316Z,test_last,test_sessions_last,all_trials
28,19480.390976,19508.690976,5.01299199999994,-1,14,Miss,OFF,,150.0,FbR_M01569522,testing,Day_3,2026-05-02T170316Z,test_last,test_sessions_last,all_trials
29,19509.690976,19530.242976,2.616992000002938,14,14,Success,OFF,0.0,150.0,FbR_M01569522,testing,Day_3,2026-05-02T170316Z,test_last,test_sessions_last,all_trials
30,19531.242976,19560.044992,1.9190080000007583,14,14,Success,OFF,0.0,150.0,FbR_M01569522,testing,Day_3,2026-05-02T170316Z,test_last,test_sessions_last,all_trials
31,19561.044992,19585.968,3.1910080000016023,14,14,Success,OFF,0.0,150.0,FbR_M01569522,testing,Day_3,2026-05-02T170316Z,test_last,test_sessions_last,all_trials
32,19586.968,19602.761504,2.8355199999969045,14,14,Success,OFF,0.0,150.0,FbR_M01569522,testing,Day_3,2026-05-02T170316Z,test_last,test_sessions_last,all_trials
33,19603.761504,19635.609984,2.984991999997874,14,14,Success,OFF,0.0,150.0,FbR_M01569522,testing,Day_3,2026-05-02T170316Z,test_last,test_sessions_last,all_trials
34,19636.609984,19653.616992,3.5910079999994196,14,14,Success,OFF,0.0,150.0,FbR_M01569522,testing,Day_3,2026-05-02T170316Z,test_last,test_sessions_last,all_trials
35,19654.616992,19669.798496,3.0725119999988237,14,14,Success,OFF,0.0,150.0,FbR_M01569522,testing,Day_3,2026-05-02T170316Z,test_last,test_sessions_last,all_trials
36,19670.798496,19709.34848,2.772479999999632,14,14,Success,OFF,0.0,150.0,FbR_M01569522,testing,Day_3,2026-05-02T170316Z,test_last,test_sessions_last,all_trials
37,19710.34848,19737.78,4.205023999998957,14,14,Success,OFF,0.0,150.0,FbR_M01569522,testing,Day_3,2026-05-02T170316Z,test_last,test_sessions_last,all_trials
38,19738.78,19777.388,5.011999999998807,-1,14,Miss,OFF,,150.0,FbR_M01569522,testing,Day_3,2026-05-02T170316Z,test_last,test_sessions_last,all_trials
39,19778.388,19794.642976,5.016992000000755,-1,14,Miss,OFF,,150.0,FbR_M01569522,testing,Day_3,2026-05-02T170316Z,test_last,test_sessions_last,all_trials
40,19795.642976,19808.892,5.01801599999817,-1,14,Miss,OFF,,150.0,FbR_M01569522,testing,Day_3,2026-05-02T170316Z,test_last,test_sessions_last,all_trials
41,19809.892,19832.042976,5.0179840000018885,-1,14,Miss,OFF,,150.0,FbR_M01569522,testing,Day_3,2026-05-02T170316Z,test_last,test_sessions_last,all_trials
42,19833.042976,19861.641984,5.01600000000326,-1,14,Miss,OFF,,150.0,FbR_M01569522,testing,Day_3,2026-05-02T170316Z,test_last,test_sessions_last,all_trials
43,19862.641984,19878.650496,1.876511999998911,14,14,Success,OFF,0.0,150.0,FbR_M01569522,testing,Day_3,2026-05-02T170316Z,test_last,test_sessions_last,all_trials
44,19879.650496,19898.622976,1.547999999998865,14,14,Success,OFF,0.0,150.0,FbR_M01569522,testing,Day_3,2026-05-02T170316Z,test_last,test_sessions_last,all_trials
45,19899.622976,19921.752,3.778016000000207,14,14,Success,OFF,0.0,150.0,FbR_M01569522,testing,Day_3,2026-05-02T170316Z,test_last,test_sessions_last,all_trials
46,19922.752,19945.432992,3.8089919999983977,14,14,Success,OFF,0.0,150.0,FbR_M01569522,testing,Day_3,2026-05-02T170316Z,test_last,test_sessions_last,all_trials
47,19946.432992,19966.176,2.3519999999989523,14,14,Success,OFF,0.0,150.0,FbR_M01569522,testing,Day_3,2026-05-02T170316Z,test_last,test_sessions_last,all_trials
48,19967.176,19993.029984,4.556000000000495,14,14,Success,OFF,0.0,150.0,FbR_M01569522,testing,Day_3,2026-05-02T170316Z,test_last,test_sessions_last,all_trials
49,19994.029984,20015.006976,2.9320000000006985,14,14,Success,OFF,0.0,150.0,FbR_M01569522,testing,Day_3,2026-05-02T170316Z,test_last,test_sessions_last,all_trials
50,20016.006976,20033.458976,4.184992000002239,14,14,Success,OFF,0.0,150.0,FbR_M01569522,testing,Day_3,2026-05-02T170316Z,test_last,test_sessions_last,all_trials
51,20034.458976,20052.94448,1.7714879999984987,14,14,Success,OFF,0.0,150.0,FbR_M01569522,testing,Day_3,2026-05-02T170316Z,test_last,test_sessions_last,all_trials
52,20053.94448,20073.36,1.7370240000018384,14,14,Success,OFF,0.0,150.0,FbR_M01569522,testing,Day_3,2026-05-02T170316Z,test_last,test_sessions_last,all_trials
53,20074.36,20096.385984,3.0619839999999385,14,14,Success,OFF,0.0,150.0,FbR_M01569522,testing,Day_3,2026-05-02T170316Z,test_last,test_sessions_last,all_trials
54,20097.385984,20115.288,5.014016000000993,-1,14,Miss,OFF,,150.0,FbR_M01569522,testing,Day_3,2026-05-02T170316Z,test_last,test_sessions_last,all_trials
55,20116.288,20128.725984,2.2019839999993565,14,14,Success,OFF,0.0,150.0,FbR_M01569522,testing,Day_3,2026-05-02T170316Z,test_last,test_sessions_last,all_trials
56,20129.725984,20191.437984,5.01299199999994,-1,14,Miss,OFF,,150.0,FbR_M01569522,testing,Day_3,2026-05-02T170316Z,test_last,test_sessions_last,all_trials
57,20192.437984,20227.301984,3.625984000002063,14,14,Success,OFF,0.0,150.0,FbR_M01569522,testing,Day_3,2026-05-02T170316Z,test_last,test_sessions_last,all_trials
58,20228.301984,20244.668,2.3919999999998254,14,14,Success,OFF,0.0,150.0,FbR_M01569522,testing,Day_3,2026-05-02T170316Z,test_last,test_sessions_last,all_trials
59,20245.668,20361.461984,4.739008000000467,14,14,Success,OFF,0.0,150.0,FbR_M01569522,testing,Day_3,2026-05-02T170316Z,test_last,test_sessions_last,all_trials
60,20362.461984,20385.668992,2.344991999998456,14,14,Success,OFF,0.0,150.0,FbR_M01569522,testing,Day_3,2026-05-02T170316Z,test_last,test_sessions_last,all_trials
61,20386.668992,20434.548992,2.9759999999987485,15,14,Failure,OFF,20.0,150.0,FbR_M01569522,testing,Day_3,2026-05-02T170316Z,test_last,test_sessions_last,all_trials
62,20435.548992,20452.228,1.504000000000815,14,14,Success,OFF,0.0,150.0,FbR_M01569522,testing,Day_3,2026-05-02T170316Z,test_last,test_sessions_last,all_trials
63,20453.228,20471.572,2.7999999999992724,14,14,Success,OFF,0.0,150.0,FbR_M01569522,testing,Day_3,2026-05-02T170316Z,test_last,test_sessions_last,all_trials
64,20472.572,20490.890496,2.7645120000015595,14,14,Success,OFF,0.0,150.0,FbR_M01569522,testing,Day_3,2026-05-02T170316Z,test_last,test_sessions_last,all_trials
65,20491.890496,20502.896,2.9230080000015732,14,14,Success,OFF,0.0,150.0,FbR_M01569522,testing,Day_3,2026-05-02T170316Z,test_last,test_sessions_last,all_trials
66,20503.896,20530.537984,5.015999999999622,-1,14,Miss,OFF,,150.0,FbR_M01569522,testing,Day_3,2026-05-02T170316Z,test_last,test_sessions_last,all_trials
67,20531.537984,20550.205504,4.833504000001994,14,14,Success,OFF,0.0,150.0,FbR_M01569522,testing,Day_3,2026-05-02T170316Z,test_last,test_sessions_last,all_trials
68,20551.205504,20585.44,5.017023999997036,-1,14,Miss,OFF,,150.0,FbR_M01569522,testing,Day_3,2026-05-02T170316Z,test_last,test_sessions_last,all_trials
69,20586.44,20625.24,2.117024000002857,16,14,Failure,OFF,40.0,150.0,FbR_M01569522,testing,Day_3,2026-05-02T170316Z,test_last,test_sessions_last,all_trials
70,20626.24,20639.090496,2.818495999999868,14,14,Success,OFF,0.0,150.0,FbR_M01569522,testing,Day_3,2026-05-02T170316Z,test_last,test_sessions_last,all_trials
71,20640.090496,20664.942976,5.020991999997932,-1,14,Miss,OFF,,150.0,FbR_M01569522,testing,Day_3,2026-05-02T170316Z,test_last,test_sessions_last,all_trials
72,20665.942976,20687.392,5.01801599999817,-1,14,Miss,OFF,,150.0,FbR_M01569522,testing,Day_3,2026-05-02T170316Z,test_last,test_sessions_last,all_trials
73,20688.392,20715.142976,5.020991999997932,-1,14,Miss,OFF,,150.0,FbR_M01569522,testing,Day_3,2026-05-02T170316Z,test_last,test_sessions_last,all_trials
74,20716.142976,20748.866976,3.7960000000020955,14,14,Success,OFF,0.0,150.0,FbR_M01569522,testing,Day_3,2026-05-02T170316Z,test_last,test_sessions_last,all_trials
75,20749.866976,20776.64448,5.020479999999225,-1,14,Miss,OFF,,150.0,FbR_M01569522,testing,Day_3,2026-05-02T170316Z,test_last,test_sessions_last,all_trials
11,15594.166496,15624.649504,5.010528000000704,-1,5,Miss,OFF,,150.0,FbR_M01569522,testing,Day_4,2026-05-03T164101Z,test_last,test_sessions_last,all_trials
12,15625.649504,15645.601504,5.012511999999333,-1,5,Miss,OFF,,150.0,FbR_M01569522,testing,Day_4,2026-05-03T164101Z,test_last,test_sessions_last,all_trials
13,15646.601504,15667.498976,5.009984000000259,-1,5,Miss,OFF,,150.0,FbR_M01569522,testing,Day_4,2026-05-03T164101Z,test_last,test_sessions_last,all_trials
14,15668.498976,15691.000992,5.011999999998807,-1,5,Miss,OFF,,150.0,FbR_M01569522,testing,Day_4,2026-05-03T164101Z,test_last,test_sessions_last,all_trials
15,15692.000992,15770.998976,5.010976000001392,-1,5,Miss,OFF,,150.0,FbR_M01569522,testing,Day_4,2026-05-03T164101Z,test_last,test_sessions_last,all_trials
16,15771.998976,15850.596992,5.008992000000944,-1,5,Miss,OFF,,150.0,FbR_M01569522,testing,Day_4,2026-05-03T164101Z,test_last,test_sessions_last,all_trials
17,15851.596992,15869.548992,5.010016000000178,-1,5,Miss,OFF,,150.0,FbR_M01569522,testing,Day_4,2026-05-03T164101Z,test_last,test_sessions_last,all_trials
18,15870.548992,15909.744992,3.7580159999997704,5,5,Success,OFF,0.0,150.0,FbR_M01569522,testing,Day_4,2026-05-03T164101Z,test_last,test_sessions_last,all_trials
19,15910.744992,15929.166976,3.177983999999924,5,5,Success,OFF,0.0,150.0,FbR_M01569522,testing,Day_4,2026-05-03T164101Z,test_last,test_sessions_last,all_trials
20,15930.166976,15947.296,2.5090240000008635,5,5,Success,OFF,0.0,150.0,FbR_M01569522,testing,Day_4,2026-05-03T164101Z,test_last,test_sessions_last,all_trials
21,15948.296,15964.376992,4.639999999999418,5,5,Success,OFF,0.0,150.0,FbR_M01569522,testing,Day_4,2026-05-03T164101Z,test_last,test_sessions_last,all_trials
22,15965.376992,15981.744,2.4070080000001326,5,5,Success,OFF,0.0,150.0,FbR_M01569522,testing,Day_4,2026-05-03T164101Z,test_last,test_sessions_last,all_trials
23,15982.744,15996.936,2.4970240000002377,5,5,Success,OFF,0.0,150.0,FbR_M01569522,testing,Day_4,2026-05-03T164101Z,test_last,test_sessions_last,all_trials
24,15997.936,16016.657984,1.3710080000000744,5,5,Success,OFF,0.0,150.0,FbR_M01569522,testing,Day_4,2026-05-03T164101Z,test_last,test_sessions_last,all_trials
25,16017.657984,16030.098976,2.6119999999991705,5,5,Success,OFF,0.0,150.0,FbR_M01569522,testing,Day_4,2026-05-03T164101Z,test_last,test_sessions_last,all_trials
26,16031.098976,16048.890976,3.9029760000012175,5,5,Success,OFF,0.0,150.0,FbR_M01569522,testing,Day_4,2026-05-03T164101Z,test_last,test_sessions_last,all_trials
27,16049.890976,16070.632992,1.9449920000006387,5,5,Success,OFF,0.0,150.0,FbR_M01569522,testing,Day_4,2026-05-03T164101Z,test_last,test_sessions_last,all_trials
28,16071.632992,16090.489984,4.103008000000045,5,5,Success,OFF,0.0,150.0,FbR_M01569522,testing,Day_4,2026-05-03T164101Z,test_last,test_sessions_last,all_trials
29,16091.489984,16107.031488,2.144512000000759,5,5,Success,OFF,0.0,150.0,FbR_M01569522,testing,Day_4,2026-05-03T164101Z,test_last,test_sessions_last,all_trials
30,16108.031488,16117.964,1.6750080000001617,5,5,Success,OFF,0.0,150.0,FbR_M01569522,testing,Day_4,2026-05-03T164101Z,test_last,test_sessions_last,all_trials
31,16118.964,16135.930976,4.4949759999999515,6,5,Failure,OFF,20.0,150.0,FbR_M01569522,testing,Day_4,2026-05-03T164101Z,test_last,test_sessions_last,all_trials
32,16136.930976,16146.601984,2.464992000001075,5,5,Success,OFF,0.0,150.0,FbR_M01569522,testing,Day_4,2026-05-03T164101Z,test_last,test_sessions_last,all_trials
33,16147.601984,16226.822976,3.985983999999007,5,5,Success,OFF,0.0,150.0,FbR_M01569522,testing,Day_4,2026-05-03T164101Z,test_last,test_sessions_last,all_trials
34,16227.822976,16243.838976,2.8529919999982667,5,5,Success,OFF,0.0,150.0,FbR_M01569522,testing,Day_4,2026-05-03T164101Z,test_last,test_sessions_last,all_trials
35,16244.838976,16274.8,5.013023999999859,-1,5,Miss,OFF,,150.0,FbR_M01569522,testing,Day_4,2026-05-03T164101Z,test_last,test_sessions_last,all_trials
36,16275.8,16310.802976,5.016000000001441,-1,5,Miss,OFF,,150.0,FbR_M01569522,testing,Day_4,2026-05-03T164101Z,test_last,test_sessions_last,all_trials
37,16311.802976,16323.752992,5.015008000000307,-1,5,Miss,OFF,,150.0,FbR_M01569522,testing,Day_4,2026-05-03T164101Z,test_last,test_sessions_last,all_trials
38,16324.752992,16358.851488,2.4154880000005505,5,5,Success,OFF,0.0,150.0,FbR_M01569522,testing,Day_4,2026-05-03T164101Z,test_last,test_sessions_last,all_trials
39,16359.851488,16372.648,2.8110079999987647,5,5,Success,OFF,0.0,150.0,FbR_M01569522,testing,Day_4,2026-05-03T164101Z,test_last,test_sessions_last,all_trials
40,16373.648,16392.726976,1.4909760000009555,5,5,Success,OFF,0.0,150.0,FbR_M01569522,testing,Day_4,2026-05-03T164101Z,test_last,test_sessions_last,all_trials
41,16393.726976,16403.309984,2.821983999998338,5,5,Success,OFF,0.0,150.0,FbR_M01569522,testing,Day_4,2026-05-03T164101Z,test_last,test_sessions_last,all_trials
42,16404.309984,16456.742976,3.9569920000030834,5,5,Success,OFF,0.0,150.0,FbR_M01569522,testing,Day_4,2026-05-03T164101Z,test_last,test_sessions_last,all_trials
43,16457.742976,16471.250976,2.263999999999214,5,5,Success,OFF,0.0,150.0,FbR_M01569522,testing,Day_4,2026-05-03T164101Z,test_last,test_sessions_last,all_trials
44,16472.250976,16492.908,2.6199999999989814,5,5,Success,OFF,0.0,150.0,FbR_M01569522,testing,Day_4,2026-05-03T164101Z,test_last,test_sessions_last,all_trials
45,16493.908,16509.024992,4.538015999998606,5,5,Success,OFF,0.0,150.0,FbR_M01569522,testing,Day_4,2026-05-03T164101Z,test_last,test_sessions_last,all_trials
46,16510.024992,16530.592992,4.056992000001628,5,5,Success,OFF,0.0,150.0,FbR_M01569522,testing,Day_4,2026-05-03T164101Z,test_last,test_sessions_last,all_trials
47,16531.592992,16555.66048,4.624479999998584,5,5,Success,OFF,0.0,150.0,FbR_M01569522,testing,Day_4,2026-05-03T164101Z,test_last,test_sessions_last,all_trials
48,16556.66048,16583.264,3.579008000000613,5,5,Success,OFF,0.0,150.0,FbR_M01569522,testing,Day_4,2026-05-03T164101Z,test_last,test_sessions_last,all_trials
49,16584.264,16602.345504,4.154527999999118,5,5,Success,OFF,0.0,150.0,FbR_M01569522,testing,Day_4,2026-05-03T164101Z,test_last,test_sessions_last,all_trials
50,16603.345504,16616.284992,2.3489919999992708,5,5,Success,OFF,0.0,150.0,FbR_M01569522,testing,Day_4,2026-05-03T164101Z,test_last,test_sessions_last,all_trials
51,16617.284992,16630.152,5.015007999998488,-1,5,Miss,OFF,,150.0,FbR_M01569522,testing,Day_4,2026-05-03T164101Z,test_last,test_sessions_last,all_trials
52,16631.152,16654.252992,2.9169920000022103,5,5,Success,OFF,0.0,150.0,FbR_M01569522,testing,Day_4,2026-05-03T164101Z,test_last,test_sessions_last,all_trials
53,16655.252992,16671.526496,3.989503999997396,5,5,Success,OFF,0.0,150.0,FbR_M01569522,testing,Day_4,2026-05-03T164101Z,test_last,test_sessions_last,all_trials
54,16672.526496,16694.621984,1.836992000000464,5,5,Success,OFF,0.0,150.0,FbR_M01569522,testing,Day_4,2026-05-03T164101Z,test_last,test_sessions_last,all_trials
55,16695.621984,16717.949984,2.365984000000026,5,5,Success,OFF,0.0,150.0,FbR_M01569522,testing,Day_4,2026-05-03T164101Z,test_last,test_sessions_last,all_trials
56,16718.949984,16734.297984,2.4110079999991285,4,5,Failure,OFF,-20.0,150.0,FbR_M01569522,testing,Day_4,2026-05-03T164101Z,test_last,test_sessions_last,all_trials
57,16735.297984,16778.949984,4.164991999998165,5,5,Success,OFF,0.0,150.0,FbR_M01569522,testing,Day_4,2026-05-03T164101Z,test_last,test_sessions_last,all_trials
58,16779.949984,16791.492992,2.807007999999769,5,5,Success,OFF,0.0,150.0,FbR_M01569522,testing,Day_4,2026-05-03T164101Z,test_last,test_sessions_last,all_trials
59,16792.492992,16819.025984,1.9910080000008747,5,5,Success,OFF,0.0,150.0,FbR_M01569522,testing,Day_4,2026-05-03T164101Z,test_last,test_sessions_last,all_trials
60,16820.025984,16839.404992,2.5200000000004366,5,5,Success,OFF,0.0,150.0,FbR_M01569522,testing,Day_4,2026-05-03T164101Z,test_last,test_sessions_last,all_trials
61,16840.404992,16869.333984,2.900000000001455,5,5,Success,OFF,0.0,150.0,FbR_M01569522,testing,Day_4,2026-05-03T164101Z,test_last,test_sessions_last,all_trials
62,16870.333984,16889.747488,5.0135040000022855,-1,5,Miss,OFF,,150.0,FbR_M01569522,testing,Day_4,2026-05-03T164101Z,test_last,test_sessions_last,all_trials
63,16890.747488,16916.08,1.0430080000005546,5,5,Success,OFF,0.0,150.0,FbR_M01569522,testing,Day_4,2026-05-03T164101Z,test_last,test_sessions_last,all_trials
64,16917.08,16927.612,1.4780160000009346,5,5,Success,OFF,0.0,150.0,FbR_M01569522,testing,Day_4,2026-05-03T164101Z,test_last,test_sessions_last,all_trials
65,16928.612,16943.928992,1.8449920000020938,5,5,Success,OFF,0.0,150.0,FbR_M01569522,testing,Day_4,2026-05-03T164101Z,test_last,test_sessions_last,all_trials
66,16944.928992,16960.595488,5.009503999997833,-1,5,Miss,OFF,,150.0,FbR_M01569522,testing,Day_4,2026-05-03T164101Z,test_last,test_sessions_last,all_trials
67,16961.595488,16992.397984,3.6640000000006694,5,5,Success,OFF,0.0,150.0,FbR_M01569522,testing,Day_4,2026-05-03T164101Z,test_last,test_sessions_last,all_trials
68,16993.397984,17003.038976,1.6489919999985432,5,5,Success,OFF,0.0,150.0,FbR_M01569522,testing,Day_4,2026-05-03T164101Z,test_last,test_sessions_last,all_trials
69,17004.038976,17015.004,2.4700159999993048,5,5,Success,OFF,0.0,150.0,FbR_M01569522,testing,Day_4,2026-05-03T164101Z,test_last,test_sessions_last,all_trials
70,17016.004,17033.905984,2.669984000000113,5,5,Success,OFF,0.0,150.0,FbR_M01569522,testing,Day_4,2026-05-03T164101Z,test_last,test_sessions_last,all_trials
71,17034.905984,17062.822368,3.4373760000016773,5,5,Success,OFF,0.0,150.0,FbR_M01569522,testing,Day_4,2026-05-03T164101Z,test_last,test_sessions_last,all_trials
6,31076.774496,31098.756,5.019008000002941,-1,17,Miss,OFF,,150.0,FbR_M01569522,testing,Day_6,2026-05-05T182002Z,test_last,test_sessions_last,all_trials
7,31099.756,31107.586496,1.200511999999435,5,17,Failure,OFF,120.0,150.0,FbR_M01569522,testing,Day_6,2026-05-05T182002Z,test_last,test_sessions_last,all_trials
8,31108.586496,31132.276992,4.538015999998606,11,17,Failure,OFF,-120.0,150.0,FbR_M01569522,testing,Day_6,2026-05-05T182002Z,test_last,test_sessions_last,all_trials
9,31133.276992,31156.612,4.8230079999993904,6,17,Failure,OFF,140.0,150.0,FbR_M01569522,testing,Day_6,2026-05-05T182002Z,test_last,test_sessions_last,all_trials
10,31157.612,31174.48832,2.0513280000013765,2,17,Failure,OFF,60.0,150.0,FbR_M01569522,testing,Day_6,2026-05-05T182002Z,test_last,test_sessions_last,all_trials
11,31175.48832,31261.803488,5.016512000001967,-1,17,Miss,OFF,,150.0,FbR_M01569522,testing,Day_6,2026-05-05T182002Z,test_last,test_sessions_last,all_trials
12,31262.803488,31278.801504,5.0145279999997,-1,17,Miss,OFF,,150.0,FbR_M01569522,testing,Day_6,2026-05-05T182002Z,test_last,test_sessions_last,all_trials
13,31279.801504,31310.998496,1.7595199999996112,14,17,Failure,OFF,-60.0,150.0,FbR_M01569522,testing,Day_6,2026-05-05T182002Z,test_last,test_sessions_last,all_trials
14,31311.998496,31559.579488,2.5925119999992603,17,17,Success,OFF,0.0,150.0,FbR_M01569522,testing,Day_6,2026-05-05T182002Z,test_last,test_sessions_last,all_trials
15,31560.579488,31587.05248,5.015487999997276,-1,17,Miss,OFF,,150.0,FbR_M01569522,testing,Day_6,2026-05-05T182002Z,test_last,test_sessions_last,all_trials
16,31588.05248,31603.767488,3.629504000000452,6,17,Failure,OFF,140.0,150.0,FbR_M01569522,testing,Day_6,2026-05-05T182002Z,test_last,test_sessions_last,all_trials
17,31604.767488,31615.801216,2.6132160000015574,1,17,Failure,OFF,40.0,150.0,FbR_M01569522,testing,Day_6,2026-05-05T182002Z,test_last,test_sessions_last,all_trials
18,31616.801216,31631.953504,5.0145279999997,-1,17,Miss,OFF,,150.0,FbR_M01569522,testing,Day_6,2026-05-05T182002Z,test_last,test_sessions_last,all_trials
10,31858.144992,31871.690496,5.0195199999980105,-1,17,Miss,OFF,,150.0,FbR_M01569522,testing,Day_6,2026-05-05T183211Z,test_last,test_sessions_last,all_trials
11,31872.690496,31891.789984,5.0179839999982505,-1,17,Miss,OFF,,150.0,FbR_M01569522,testing,Day_6,2026-05-05T183211Z,test_last,test_sessions_last,all_trials
12,31892.789984,31905.786976,5.011999999998807,-1,17,Miss,OFF,,150.0,FbR_M01569522,testing,Day_6,2026-05-05T183211Z,test_last,test_sessions_last,all_trials
13,31906.786976,31917.044832,2.5738559999990684,0,17,Failure,OFF,20.0,150.0,FbR_M01569522,testing,Day_6,2026-05-05T183211Z,test_last,test_sessions_last,all_trials
14,31918.044832,31933.742976,5.02099200000157,-1,17,Miss,OFF,,150.0,FbR_M01569522,testing,Day_6,2026-05-05T183211Z,test_last,test_sessions_last,all_trials
15,31934.742976,32024.180992,5.00800000000163,-1,17,Miss,OFF,,150.0,FbR_M01569522,testing,Day_6,2026-05-05T183211Z,test_last,test_sessions_last,all_trials
16,32025.180992,32049.433984,3.160992000000988,17,17,Success,OFF,0.0,150.0,FbR_M01569522,testing,Day_6,2026-05-05T183211Z,test_last,test_sessions_last,all_trials
17,32050.433984,32069.816,2.042015999999421,4,17,Failure,OFF,100.0,150.0,FbR_M01569522,testing,Day_6,2026-05-05T183211Z,test_last,test_sessions_last,all_trials
18,32070.816,32137.396,1.1740160000008473,15,17,Failure,OFF,-40.0,150.0,FbR_M01569522,testing,Day_6,2026-05-05T183211Z,test_last,test_sessions_last,all_trials
19,32138.396,32214.611776,3.9387840000017604,2,17,Failure,OFF,60.0,150.0,FbR_M01569522,testing,Day_6,2026-05-05T183211Z,test_last,test_sessions_last,all_trials
20,32215.611776,32277.733984,2.16099199999735,14,17,Failure,OFF,-60.0,150.0,FbR_M01569522,testing,Day_6,2026-05-05T183211Z,test_last,test_sessions_last,all_trials
11,32608.38848,32623.085984,5.011008000001311,-1,17,Miss,OFF,,150.0,FbR_M01569522,testing,Day_6,2026-05-05T184441Z,test_last,test_sessions_last,all_trials
12,32624.085984,32640.408224,4.132223999997223,17,17,Success,OFF,0.0,150.0,FbR_M01569522,testing,Day_6,2026-05-05T184441Z,test_last,test_sessions_last,all_trials
13,32641.408224,32661.442976,5.016991999997117,-1,17,Miss,OFF,,150.0,FbR_M01569522,testing,Day_6,2026-05-05T184441Z,test_last,test_sessions_last,all_trials
14,32662.442976,32684.093984,4.267007999998896,11,17,Failure,OFF,-120.0,150.0,FbR_M01569522,testing,Day_6,2026-05-05T184441Z,test_last,test_sessions_last,all_trials
15,32685.093984,32696.281984,3.855999999999767,14,17,Failure,OFF,-60.0,150.0,FbR_M01569522,testing,Day_6,2026-05-05T184441Z,test_last,test_sessions_last,all_trials
16,32697.281984,32724.539488,2.6135039999971923,17,17,Success,OFF,0.0,150.0,FbR_M01569522,testing,Day_6,2026-05-05T184441Z,test_last,test_sessions_last,all_trials
17,32725.539488,32742.731552,3.5065600000016275,0,17,Failure,OFF,20.0,150.0,FbR_M01569522,testing,Day_6,2026-05-05T184441Z,test_last,test_sessions_last,all_trials
18,32743.731552,32810.338976,5.009983999996621,-1,17,Miss,OFF,,150.0,FbR_M01569522,testing,Day_6,2026-05-05T184441Z,test_last,test_sessions_last,all_trials
19,32811.338976,32863.942976,5.0179839999982505,-1,17,Miss,OFF,,150.0,FbR_M01569522,testing,Day_6,2026-05-05T184441Z,test_last,test_sessions_last,all_trials
20,32864.942976,32921.421984,3.8479999999981374,16,17,Failure,OFF,-20.0,150.0,FbR_M01569522,testing,Day_6,2026-05-05T184441Z,test_last,test_sessions_last,all_trials
11,2766.269504,2782.441984,2.643008000000009,4,4,Success,OFF,0.0,150.0,FbR_M01569522,testing,Day_7,2026-05-06T153817Z,test_last,test_sessions_last,all_trials
12,2783.441984,2796.585504,4.637504000000263,4,4,Success,OFF,0.0,150.0,FbR_M01569522,testing,Day_7,2026-05-06T153817Z,test_last,test_sessions_last,all_trials
13,2797.585504,2808.71648,1.9695040000001427,5,4,Failure,OFF,20.0,150.0,FbR_M01569522,testing,Day_7,2026-05-06T153817Z,test_last,test_sessions_last,all_trials
14,2809.71648,2842.347488,3.349503999999797,4,4,Success,OFF,0.0,150.0,FbR_M01569522,testing,Day_7,2026-05-06T153817Z,test_last,test_sessions_last,all_trials
15,2843.347488,2862.269504,2.0725119999997332,5,4,Failure,OFF,20.0,150.0,FbR_M01569522,testing,Day_7,2026-05-06T153817Z,test_last,test_sessions_last,all_trials
16,2863.269504,2875.114976,5.016991999999846,-1,4,Miss,OFF,,150.0,FbR_M01569522,testing,Day_7,2026-05-06T153817Z,test_last,test_sessions_last,all_trials
17,2876.114976,2902.001984,2.255008000000089,4,4,Success,OFF,0.0,150.0,FbR_M01569522,testing,Day_7,2026-05-06T153817Z,test_last,test_sessions_last,all_trials
18,2903.001984,2919.232,2.433023999999932,5,4,Failure,OFF,20.0,150.0,FbR_M01569522,testing,Day_7,2026-05-06T153817Z,test_last,test_sessions_last,all_trials
19,2920.232,2931.215488,2.11849600000005,4,4,Success,OFF,0.0,150.0,FbR_M01569522,testing,Day_7,2026-05-06T153817Z,test_last,test_sessions_last,all_trials
20,2932.215488,2976.618976,5.020992000000206,-1,4,Miss,OFF,,150.0,FbR_M01569522,testing,Day_7,2026-05-06T153817Z,test_last,test_sessions_last,all_trials
21,2977.618976,3021.016992,5.019007999999758,-1,4,Miss,OFF,,150.0,FbR_M01569522,testing,Day_7,2026-05-06T153817Z,test_last,test_sessions_last,all_trials
22,3022.016992,3138.509504,3.0125120000002426,7,4,Failure,OFF,60.0,150.0,FbR_M01569522,testing,Day_7,2026-05-06T153817Z,test_last,test_sessions_last,all_trials
23,3139.509504,3152.031488,3.3344959999999446,5,4,Failure,OFF,20.0,150.0,FbR_M01569522,testing,Day_7,2026-05-06T153817Z,test_last,test_sessions_last,all_trials
24,3153.031488,3175.356,3.5090240000004087,4,4,Success,OFF,0.0,150.0,FbR_M01569522,testing,Day_7,2026-05-06T153817Z,test_last,test_sessions_last,all_trials
25,3176.356,3202.732544,3.136543999999958,0,4,Failure,OFF,-80.0,150.0,FbR_M01569522,testing,Day_7,2026-05-06T153817Z,test_last,test_sessions_last,all_trials
26,3203.732544,3220.080992,2.4830080000001544,4,4,Success,OFF,0.0,150.0,FbR_M01569522,testing,Day_7,2026-05-06T153817Z,test_last,test_sessions_last,all_trials
27,3221.080992,3234.469504,3.1205119999999624,5,4,Failure,OFF,20.0,150.0,FbR_M01569522,testing,Day_7,2026-05-06T153817Z,test_last,test_sessions_last,all_trials
28,3235.469504,3253.094976,3.2480000000000473,5,4,Failure,OFF,20.0,150.0,FbR_M01569522,testing,Day_7,2026-05-06T153817Z,test_last,test_sessions_last,all_trials
29,3254.094976,3424.93776,3.0417599999996128,2,4,Failure,OFF,-40.0,150.0,FbR_M01569522,testing,Day_7,2026-05-06T153817Z,test_last,test_sessions_last,all_trials
30,3425.93776,3487.965984,3.269984000000022,13,4,Failure,OFF,-180.0,150.0,FbR_M01569522,testing,Day_7,2026-05-06T153817Z,test_last,test_sessions_last,all_trials
31,3488.965984,3528.976,1.7300159999999778,4,4,Success,OFF,0.0,150.0,FbR_M01569522,testing,Day_7,2026-05-06T153817Z,test_last,test_sessions_last,all_trials
32,3529.976,3549.432992,3.436000000000149,13,4,Failure,OFF,-180.0,150.0,FbR_M01569522,testing,Day_7,2026-05-06T153817Z,test_last,test_sessions_last,all_trials
11,9152.229984,9174.984,3.1220160000011674,5,4,Failure,OFF,20.0,150.0,FbR_M01569522,testing,Day_7,2026-05-06T172454Z,test_last,test_sessions_last,all_trials
12,9175.984,9191.768,5.007999999999811,-1,4,Miss,OFF,,150.0,FbR_M01569522,testing,Day_7,2026-05-06T172454Z,test_last,test_sessions_last,all_trials
13,9192.768,9210.877984,5.019008000001122,-1,4,Miss,OFF,,150.0,FbR_M01569522,testing,Day_7,2026-05-06T172454Z,test_last,test_sessions_last,all_trials
14,9211.877984,9240.84,2.531007999999929,4,4,Success,OFF,0.0,150.0,FbR_M01569522,testing,Day_7,2026-05-06T172454Z,test_last,test_sessions_last,all_trials
15,9241.84,9252.870976,4.3109760000006645,5,4,Failure,OFF,20.0,150.0,FbR_M01569522,testing,Day_7,2026-05-06T172454Z,test_last,test_sessions_last,all_trials
16,9253.870976,9266.664,1.554016000000047,5,4,Failure,OFF,20.0,150.0,FbR_M01569522,testing,Day_7,2026-05-06T172454Z,test_last,test_sessions_last,all_trials
17,9267.664,9341.400992,4.090016000000105,17,4,Failure,OFF,-100.0,150.0,FbR_M01569522,testing,Day_7,2026-05-06T172454Z,test_last,test_sessions_last,all_trials
18,9342.400992,9440.078496,5.020512000000963,-1,4,Miss,OFF,,150.0,FbR_M01569522,testing,Day_7,2026-05-06T172454Z,test_last,test_sessions_last,all_trials
19,9441.078496,9497.529984,5.02099200000157,-1,4,Miss,OFF,,150.0,FbR_M01569522,testing,Day_7,2026-05-06T172454Z,test_last,test_sessions_last,all_trials
20,9498.529984,9570.874976,1.9139839999988908,5,4,Failure,OFF,20.0,150.0,FbR_M01569522,testing,Day_7,2026-05-06T172454Z,test_last,test_sessions_last,all_trials
21,9571.874976,9643.764992,3.0559999999986758,7,4,Failure,OFF,60.0,150.0,FbR_M01569522,testing,Day_7,2026-05-06T172454Z,test_last,test_sessions_last,all_trials
22,9644.764992,9772.902976,2.792991999998776,4,4,Success,OFF,0.0,150.0,FbR_M01569522,testing,Day_7,2026-05-06T172454Z,test_last,test_sessions_last,all_trials
23,9773.902976,9869.550976,3.740992000000915,4,4,Success,OFF,0.0,150.0,FbR_M01569522,testing,Day_7,2026-05-06T172454Z,test_last,test_sessions_last,all_trials
24,9870.550976,9892.384,5.0239999999994325,-1,4,Miss,OFF,,150.0,FbR_M01569522,testing,Day_7,2026-05-06T172454Z,test_last,test_sessions_last,all_trials
25,9893.384,9984.420992,5.011999999998807,-1,4,Miss,OFF,,150.0,FbR_M01569522,testing,Day_7,2026-05-06T172454Z,test_last,test_sessions_last,all_trials
26,9985.420992,10014.008,1.7980160000006435,4,4,Success,OFF,0.0,150.0,FbR_M01569522,testing,Day_7,2026-05-06T172454Z,test_last,test_sessions_last,all_trials
27,10015.008,10038.680992,2.92201600000044,16,4,Failure,OFF,-120.0,150.0,FbR_M01569522,testing,Day_7,2026-05-06T172454Z,test_last,test_sessions_last,all_trials
28,10039.680992,10051.800992,2.192992000000231,4,4,Success,OFF,0.0,150.0,FbR_M01569522,testing,Day_7,2026-05-06T172454Z,test_last,test_sessions_last,all_trials
29,10052.800992,10069.02,2.261024000001271,5,4,Failure,OFF,20.0,150.0,FbR_M01569522,testing,Day_7,2026-05-06T172454Z,test_last,test_sessions_last,all_trials
30,10070.02,10081.241504,3.3835199999994074,4,4,Success,OFF,0.0,150.0,FbR_M01569522,testing,Day_7,2026-05-06T172454Z,test_last,test_sessions_last,all_trials
31,10082.241504,10095.154976,2.194976000000679,5,4,Failure,OFF,20.0,150.0,FbR_M01569522,testing,Day_7,2026-05-06T172454Z,test_last,test_sessions_last,all_trials
32,10096.154976,10104.474496,2.7144960000005085,8,4,Failure,OFF,80.0,150.0,FbR_M01569522,testing,Day_7,2026-05-06T172454Z,test_last,test_sessions_last,all_trials
11,25332.488992,25345.352,5.020000000000437,-1,16,Miss,OFF,,150.0,FLR_M01569521,testing,Day_1,2026-05-01T165212Z,test_last,test_sessions_last,all_trials
12,25346.352,25357.656992,5.0260159999997995,-1,16,Miss,OFF,,150.0,FLR_M01569521,testing,Day_1,2026-05-01T165212Z,test_last,test_sessions_last,all_trials
13,25358.656992,25373.039488,5.008512000000337,-1,16,Miss,OFF,,150.0,FLR_M01569521,testing,Day_1,2026-05-01T165212Z,test_last,test_sessions_last,all_trials
14,25374.039488,25406.808,5.027008000000933,-1,16,Miss,OFF,,150.0,FLR_M01569521,testing,Day_1,2026-05-01T165212Z,test_last,test_sessions_last,all_trials
15,25407.808,25417.001504,1.8205119999984163,16,16,Success,OFF,0.0,150.0,FLR_M01569521,testing,Day_1,2026-05-01T165212Z,test_last,test_sessions_last,all_trials
16,25418.001504,25431.905504,3.922527999999147,16,16,Success,OFF,0.0,150.0,FLR_M01569521,testing,Day_1,2026-05-01T165212Z,test_last,test_sessions_last,all_trials
17,25432.905504,25448.852,5.021023999997851,-1,16,Miss,OFF,,150.0,FLR_M01569521,testing,Day_1,2026-05-01T165212Z,test_last,test_sessions_last,all_trials
18,25449.852,25466.398976,1.9680000000007567,16,16,Success,OFF,0.0,150.0,FLR_M01569521,testing,Day_1,2026-05-01T165212Z,test_last,test_sessions_last,all_trials
19,25467.398976,25482.608,5.027008000000933,-1,16,Miss,OFF,,150.0,FLR_M01569521,testing,Day_1,2026-05-01T165212Z,test_last,test_sessions_last,all_trials
20,25483.608,25572.301984,5.020000000000437,-1,16,Miss,OFF,,150.0,FLR_M01569521,testing,Day_1,2026-05-01T165212Z,test_last,test_sessions_last,all_trials
21,25573.301984,25625.304,5.021024000001489,-1,16,Miss,OFF,,150.0,FLR_M01569521,testing,Day_1,2026-05-01T165212Z,test_last,test_sessions_last,all_trials
22,25626.304,25641.441984,5.011008000001311,-1,16,Miss,OFF,,150.0,FLR_M01569521,testing,Day_1,2026-05-01T165212Z,test_last,test_sessions_last,all_trials
23,25642.441984,25654.745504,3.464511999998649,16,16,Success,OFF,0.0,150.0,FLR_M01569521,testing,Day_1,2026-05-01T165212Z,test_last,test_sessions_last,all_trials
24,25655.745504,25671.953504,5.02252800000133,-1,16,Miss,OFF,,150.0,FLR_M01569521,testing,Day_1,2026-05-01T165212Z,test_last,test_sessions_last,all_trials
25,25672.953504,25682.624992,3.094016000002739,16,16,Success,OFF,0.0,150.0,FLR_M01569521,testing,Day_1,2026-05-01T165212Z,test_last,test_sessions_last,all_trials
26,25683.624992,25697.121984,2.8419840000024124,16,16,Success,OFF,0.0,150.0,FLR_M01569521,testing,Day_1,2026-05-01T165212Z,test_last,test_sessions_last,all_trials
27,25698.121984,25708.873504,2.1415039999992587,16,16,Success,OFF,0.0,150.0,FLR_M01569521,testing,Day_1,2026-05-01T165212Z,test_last,test_sessions_last,all_trials
28,25709.873504,25720.524992,3.0430080000005546,16,16,Success,OFF,0.0,150.0,FLR_M01569521,testing,Day_1,2026-05-01T165212Z,test_last,test_sessions_last,all_trials
29,25721.524992,25747.464224,2.5842239999983576,16,16,Success,OFF,0.0,150.0,FLR_M01569521,testing,Day_1,2026-05-01T165212Z,test_last,test_sessions_last,all_trials
30,25748.464224,25766.476992,3.1449920000013663,16,16,Success,OFF,0.0,150.0,FLR_M01569521,testing,Day_1,2026-05-01T165212Z,test_last,test_sessions_last,all_trials
31,25767.476992,25780.63648,2.703488000002835,16,16,Success,OFF,0.0,150.0,FLR_M01569521,testing,Day_1,2026-05-01T165212Z,test_last,test_sessions_last,all_trials
32,25781.63648,25795.046496,4.114495999998326,16,16,Success,OFF,0.0,150.0,FLR_M01569521,testing,Day_1,2026-05-01T165212Z,test_last,test_sessions_last,all_trials
33,25796.046496,25810.01424,2.3812480000015057,16,16,Success,OFF,0.0,150.0,FLR_M01569521,testing,Day_1,2026-05-01T165212Z,test_last,test_sessions_last,all_trials
34,25811.01424,25821.91424,2.383264000000054,16,16,Success,OFF,0.0,150.0,FLR_M01569521,testing,Day_1,2026-05-01T165212Z,test_last,test_sessions_last,all_trials
35,25822.91424,25851.99248,5.012480000001233,-1,16,Miss,OFF,,150.0,FLR_M01569521,testing,Day_1,2026-05-01T165212Z,test_last,test_sessions_last,all_trials
36,25852.99248,25863.988,3.0560000000004948,16,16,Success,OFF,0.0,150.0,FLR_M01569521,testing,Day_1,2026-05-01T165212Z,test_last,test_sessions_last,all_trials
37,25864.988,25878.736992,5.007007999996858,-1,16,Miss,OFF,,150.0,FLR_M01569521,testing,Day_1,2026-05-01T165212Z,test_last,test_sessions_last,all_trials
38,25879.736992,25922.321504,2.736511999999493,16,16,Success,OFF,0.0,150.0,FLR_M01569521,testing,Day_1,2026-05-01T165212Z,test_last,test_sessions_last,all_trials
39,25923.321504,25956.353504,5.020511999999144,-1,16,Miss,OFF,,150.0,FLR_M01569521,testing,Day_1,2026-05-01T165212Z,test_last,test_sessions_last,all_trials
40,25957.353504,25968.366496,2.6365119999973103,16,16,Success,OFF,0.0,150.0,FLR_M01569521,testing,Day_1,2026-05-01T165212Z,test_last,test_sessions_last,all_trials
41,25969.366496,25995.336992,1.8559999999997672,16,16,Success,OFF,0.0,150.0,FLR_M01569521,testing,Day_1,2026-05-01T165212Z,test_last,test_sessions_last,all_trials
42,25996.336992,26008.699488,2.616511999996874,16,16,Success,OFF,0.0,150.0,FLR_M01569521,testing,Day_1,2026-05-01T165212Z,test_last,test_sessions_last,all_trials
43,26009.699488,26022.673984,3.041983999999502,16,16,Success,OFF,0.0,150.0,FLR_M01569521,testing,Day_1,2026-05-01T165212Z,test_last,test_sessions_last,all_trials
44,26023.673984,26048.362976,2.880992000002152,16,16,Success,OFF,0.0,150.0,FLR_M01569521,testing,Day_1,2026-05-01T165212Z,test_last,test_sessions_last,all_trials
45,26049.362976,26059.174976,1.8929919999973208,16,16,Success,OFF,0.0,150.0,FLR_M01569521,testing,Day_1,2026-05-01T165212Z,test_last,test_sessions_last,all_trials
46,26060.174976,26080.988,5.007008000000496,-1,16,Miss,OFF,,150.0,FLR_M01569521,testing,Day_1,2026-05-01T165212Z,test_last,test_sessions_last,all_trials
47,26081.988,26095.04048,5.009504000001471,-1,16,Miss,OFF,,150.0,FLR_M01569521,testing,Day_1,2026-05-01T165212Z,test_last,test_sessions_last,all_trials
48,26096.04048,26107.18848,2.4575040000017907,16,16,Success,OFF,0.0,150.0,FLR_M01569521,testing,Day_1,2026-05-01T165212Z,test_last,test_sessions_last,all_trials
49,26108.18848,26122.553504,3.0725119999988237,16,16,Success,OFF,0.0,150.0,FLR_M01569521,testing,Day_1,2026-05-01T165212Z,test_last,test_sessions_last,all_trials
50,26123.553504,26134.250496,2.3695040000020526,16,16,Success,OFF,0.0,150.0,FLR_M01569521,testing,Day_1,2026-05-01T165212Z,test_last,test_sessions_last,all_trials
51,26135.250496,26146.265504,1.7355199999983597,16,16,Success,OFF,0.0,150.0,FLR_M01569521,testing,Day_1,2026-05-01T165212Z,test_last,test_sessions_last,all_trials
52,26147.265504,26159.633984,4.304000000000087,16,16,Success,OFF,0.0,150.0,FLR_M01569521,testing,Day_1,2026-05-01T165212Z,test_last,test_sessions_last,all_trials
53,26160.633984,26173.481984,3.6009919999996782,16,16,Success,OFF,0.0,150.0,FLR_M01569521,testing,Day_1,2026-05-01T165212Z,test_last,test_sessions_last,all_trials
54,26174.481984,26185.465504,2.884512000000541,16,16,Success,OFF,0.0,150.0,FLR_M01569521,testing,Day_1,2026-05-01T165212Z,test_last,test_sessions_last,all_trials
55,26186.465504,26195.615488,1.6344959999987623,16,16,Success,OFF,0.0,150.0,FLR_M01569521,testing,Day_1,2026-05-01T165212Z,test_last,test_sessions_last,all_trials
56,26196.615488,26205.88848,1.6575040000025183,16,16,Success,OFF,0.0,150.0,FLR_M01569521,testing,Day_1,2026-05-01T165212Z,test_last,test_sessions_last,all_trials
57,26206.88848,26247.341504,2.259519999999611,16,16,Success,OFF,0.0,150.0,FLR_M01569521,testing,Day_1,2026-05-01T165212Z,test_last,test_sessions_last,all_trials
58,26248.341504,26260.66,2.5279999999984284,16,16,Success,OFF,0.0,150.0,FLR_M01569521,testing,Day_1,2026-05-01T165212Z,test_last,test_sessions_last,all_trials
59,26261.66,26279.24,3.2600000000020373,16,16,Success,OFF,0.0,150.0,FLR_M01569521,testing,Day_1,2026-05-01T165212Z,test_last,test_sessions_last,all_trials
60,26280.24,26347.365504,3.7355200000019977,16,16,Success,OFF,0.0,150.0,FLR_M01569521,testing,Day_1,2026-05-01T165212Z,test_last,test_sessions_last,all_trials
61,26348.365504,26360.95248,2.9215040000017325,16,16,Success,OFF,0.0,150.0,FLR_M01569521,testing,Day_1,2026-05-01T165212Z,test_last,test_sessions_last,all_trials
62,26361.95248,26376.766976,2.5869759999986854,16,16,Success,OFF,0.0,150.0,FLR_M01569521,testing,Day_1,2026-05-01T165212Z,test_last,test_sessions_last,all_trials
63,26377.766976,26398.693984,3.861984000002849,16,16,Success,OFF,0.0,150.0,FLR_M01569521,testing,Day_1,2026-05-01T165212Z,test_last,test_sessions_last,all_trials
64,26399.693984,26414.401504,5.021504000000277,-1,16,Miss,OFF,,150.0,FLR_M01569521,testing,Day_1,2026-05-01T165212Z,test_last,test_sessions_last,all_trials
65,26415.401504,26463.929984,2.349983999996766,16,16,Success,OFF,0.0,150.0,FLR_M01569521,testing,Day_1,2026-05-01T165212Z,test_last,test_sessions_last,all_trials
66,26464.929984,26474.958976,2.376992000001337,16,16,Success,OFF,0.0,150.0,FLR_M01569521,testing,Day_1,2026-05-01T165212Z,test_last,test_sessions_last,all_trials
67,26475.958976,26486.858976,2.725984000000608,16,16,Success,OFF,0.0,150.0,FLR_M01569521,testing,Day_1,2026-05-01T165212Z,test_last,test_sessions_last,all_trials
68,26487.858976,26496.77248,2.9904959999985294,16,16,Success,OFF,0.0,150.0,FLR_M01569521,testing,Day_1,2026-05-01T165212Z,test_last,test_sessions_last,all_trials
69,26497.77248,26511.736,5.007008000000496,-1,16,Miss,OFF,,150.0,FLR_M01569521,testing,Day_1,2026-05-01T165212Z,test_last,test_sessions_last,all_trials
11,22415.010496,22428.78848,5.0074879999992845,-1,5,Miss,OFF,,150.0,FLR_M01569521,testing,Day_2,2026-05-02T175834Z,test_last,test_sessions_last,all_trials
12,22429.78848,22440.873504,4.842528000001039,5,5,Success,OFF,0.0,150.0,FLR_M01569521,testing,Day_2,2026-05-02T175834Z,test_last,test_sessions_last,all_trials
13,22441.873504,22459.444,5.014016000000993,-1,5,Miss,OFF,,150.0,FLR_M01569521,testing,Day_2,2026-05-02T175834Z,test_last,test_sessions_last,all_trials
14,22460.444,22478.542496,5.012511999997514,-1,5,Miss,OFF,,150.0,FLR_M01569521,testing,Day_2,2026-05-02T175834Z,test_last,test_sessions_last,all_trials
15,22479.542496,22493.000992,5.020000000000437,-1,5,Miss,OFF,,150.0,FLR_M01569521,testing,Day_2,2026-05-02T175834Z,test_last,test_sessions_last,all_trials
16,22494.000992,22506.555488,5.025504000001092,-1,5,Miss,OFF,,150.0,FLR_M01569521,testing,Day_2,2026-05-02T175834Z,test_last,test_sessions_last,all_trials
17,22507.555488,22521.891488,5.009504000001471,-1,5,Miss,OFF,,150.0,FLR_M01569521,testing,Day_2,2026-05-02T175834Z,test_last,test_sessions_last,all_trials
18,22522.891488,22546.592,5.011999999998807,-1,5,Miss,OFF,,150.0,FLR_M01569521,testing,Day_2,2026-05-02T175834Z,test_last,test_sessions_last,all_trials
19,22547.592,22586.105504,3.526527999998507,5,5,Success,OFF,0.0,150.0,FLR_M01569521,testing,Day_2,2026-05-02T175834Z,test_last,test_sessions_last,all_trials
20,22587.105504,22614.747488,2.667487999999139,5,5,Success,OFF,0.0,150.0,FLR_M01569521,testing,Day_2,2026-05-02T175834Z,test_last,test_sessions_last,all_trials
21,22615.747488,22630.653984,5.0240000000012515,-1,5,Miss,OFF,,150.0,FLR_M01569521,testing,Day_2,2026-05-02T175834Z,test_last,test_sessions_last,all_trials
22,22631.653984,22641.642976,2.6629759999996168,5,5,Success,OFF,0.0,150.0,FLR_M01569521,testing,Day_2,2026-05-02T175834Z,test_last,test_sessions_last,all_trials
23,22642.642976,22655.390496,4.060512000000017,5,5,Success,OFF,0.0,150.0,FLR_M01569521,testing,Day_2,2026-05-02T175834Z,test_last,test_sessions_last,all_trials
24,22656.390496,22673.236992,5.007999999997992,-1,5,Miss,OFF,,150.0,FLR_M01569521,testing,Day_2,2026-05-02T175834Z,test_last,test_sessions_last,all_trials
25,22674.236992,22684.452992,5.022015999998985,-1,5,Miss,OFF,,150.0,FLR_M01569521,testing,Day_2,2026-05-02T175834Z,test_last,test_sessions_last,all_trials
26,22685.452992,22703.188992,5.008991999999125,-1,5,Miss,OFF,,150.0,FLR_M01569521,testing,Day_2,2026-05-02T175834Z,test_last,test_sessions_last,all_trials
27,22704.188992,22714.488992,5.008991999999125,-1,5,Miss,OFF,,150.0,FLR_M01569521,testing,Day_2,2026-05-02T175834Z,test_last,test_sessions_last,all_trials
28,22715.488992,22744.838976,5.009984000000259,-1,5,Miss,OFF,,150.0,FLR_M01569521,testing,Day_2,2026-05-02T175834Z,test_last,test_sessions_last,all_trials
29,22745.838976,22760.95248,5.023487999998906,-1,5,Miss,OFF,,150.0,FLR_M01569521,testing,Day_2,2026-05-02T175834Z,test_last,test_sessions_last,all_trials
30,22761.95248,22812.04048,5.012480000001233,-1,5,Miss,OFF,,150.0,FLR_M01569521,testing,Day_2,2026-05-02T175834Z,test_last,test_sessions_last,all_trials
31,22813.04048,22825.937504,5.008512000000337,-1,5,Miss,OFF,,150.0,FLR_M01569521,testing,Day_2,2026-05-02T175834Z,test_last,test_sessions_last,all_trials
32,22826.937504,22841.192992,5.01299199999994,-1,5,Miss,OFF,,150.0,FLR_M01569521,testing,Day_2,2026-05-02T175834Z,test_last,test_sessions_last,all_trials
33,22842.192992,22856.042976,4.664000000000669,5,5,Success,OFF,0.0,150.0,FLR_M01569521,testing,Day_2,2026-05-02T175834Z,test_last,test_sessions_last,all_trials
34,22857.042976,22875.281504,3.5505279999997583,5,5,Success,OFF,0.0,150.0,FLR_M01569521,testing,Day_2,2026-05-02T175834Z,test_last,test_sessions_last,all_trials
35,22876.281504,22888.856,2.42700799999875,5,5,Success,OFF,0.0,150.0,FLR_M01569521,testing,Day_2,2026-05-02T175834Z,test_last,test_sessions_last,all_trials
36,22889.856,22928.288,5.010016000000178,-1,5,Miss,OFF,,150.0,FLR_M01569521,testing,Day_2,2026-05-02T175834Z,test_last,test_sessions_last,all_trials
37,22929.288,22941.841984,5.013983999997436,-1,5,Miss,OFF,,150.0,FLR_M01569521,testing,Day_2,2026-05-02T175834Z,test_last,test_sessions_last,all_trials
38,22942.841984,22978.34,5.011008000001311,-1,5,Miss,OFF,,150.0,FLR_M01569521,testing,Day_2,2026-05-02T175834Z,test_last,test_sessions_last,all_trials
39,22979.34,23007.053984,5.0239999999976135,-1,5,Miss,OFF,,150.0,FLR_M01569521,testing,Day_2,2026-05-02T175834Z,test_last,test_sessions_last,all_trials
40,23008.053984,23036.634976,5.006976000000577,-1,5,Miss,OFF,,150.0,FLR_M01569521,testing,Day_2,2026-05-02T175834Z,test_last,test_sessions_last,all_trials
41,23037.634976,23201.390976,3.813984000000346,5,5,Success,OFF,0.0,150.0,FLR_M01569521,testing,Day_2,2026-05-02T175834Z,test_last,test_sessions_last,all_trials
42,23202.390976,23214.302976,2.7749760000006063,5,5,Success,OFF,0.0,150.0,FLR_M01569521,testing,Day_2,2026-05-02T175834Z,test_last,test_sessions_last,all_trials
43,23215.302976,23262.57648,4.998496000000159,5,5,Success,OFF,0.0,150.0,FLR_M01569521,testing,Day_2,2026-05-02T175834Z,test_last,test_sessions_last,all_trials
44,23263.57648,23276.238496,4.507520000002842,5,5,Success,OFF,0.0,150.0,FLR_M01569521,testing,Day_2,2026-05-02T175834Z,test_last,test_sessions_last,all_trials
45,23277.238496,23323.690976,5.013984000001074,-1,5,Miss,OFF,,150.0,FLR_M01569521,testing,Day_2,2026-05-02T175834Z,test_last,test_sessions_last,all_trials
46,23324.690976,23399.788992,5.01299199999994,-1,5,Miss,OFF,,150.0,FLR_M01569521,testing,Day_2,2026-05-02T175834Z,test_last,test_sessions_last,all_trials
47,23400.788992,23453.240992,5.014015999997355,-1,5,Miss,OFF,,150.0,FLR_M01569521,testing,Day_2,2026-05-02T175834Z,test_last,test_sessions_last,all_trials
48,23454.240992,23464.338976,4.808991999998398,5,5,Success,OFF,0.0,150.0,FLR_M01569521,testing,Day_2,2026-05-02T175834Z,test_last,test_sessions_last,all_trials
49,23465.338976,23488.588992,5.012000000002445,-1,5,Miss,OFF,,150.0,FLR_M01569521,testing,Day_2,2026-05-02T175834Z,test_last,test_sessions_last,all_trials
50,23489.588992,23509.62,2.194015999997646,5,5,Success,OFF,0.0,150.0,FLR_M01569521,testing,Day_2,2026-05-02T175834Z,test_last,test_sessions_last,all_trials
51,23510.62,23523.214496,3.7375040000006265,5,5,Success,OFF,0.0,150.0,FLR_M01569521,testing,Day_2,2026-05-02T175834Z,test_last,test_sessions_last,all_trials
52,23524.214496,23540.28448,5.0074879999992845,-1,5,Miss,OFF,,150.0,FLR_M01569521,testing,Day_2,2026-05-02T175834Z,test_last,test_sessions_last,all_trials
53,23541.28448,23550.050976,2.5739839999987453,5,5,Success,OFF,0.0,150.0,FLR_M01569521,testing,Day_2,2026-05-02T175834Z,test_last,test_sessions_last,all_trials
54,23551.050976,23563.550976,4.223999999998341,5,5,Success,OFF,0.0,150.0,FLR_M01569521,testing,Day_2,2026-05-02T175834Z,test_last,test_sessions_last,all_trials
55,23564.550976,23574.236,2.860000000000582,5,5,Success,OFF,0.0,150.0,FLR_M01569521,testing,Day_2,2026-05-02T175834Z,test_last,test_sessions_last,all_trials
56,23575.236,23644.787488,5.010496000002604,-1,5,Miss,OFF,,150.0,FLR_M01569521,testing,Day_2,2026-05-02T175834Z,test_last,test_sessions_last,all_trials
57,23645.787488,23709.642976,3.9169919999985723,5,5,Success,OFF,0.0,150.0,FLR_M01569521,testing,Day_2,2026-05-02T175834Z,test_last,test_sessions_last,all_trials
58,23710.642976,23747.834976,5.007999999997992,-1,5,Miss,OFF,,150.0,FLR_M01569521,testing,Day_2,2026-05-02T175834Z,test_last,test_sessions_last,all_trials
59,23748.834976,23805.587488,5.010496000002604,-1,5,Miss,OFF,,150.0,FLR_M01569521,testing,Day_2,2026-05-02T175834Z,test_last,test_sessions_last,all_trials
60,23806.587488,23823.305504,5.016511999998329,-1,5,Miss,OFF,,150.0,FLR_M01569521,testing,Day_2,2026-05-02T175834Z,test_last,test_sessions_last,all_trials
61,23824.305504,23834.308,3.132000000001426,5,5,Success,OFF,0.0,150.0,FLR_M01569521,testing,Day_2,2026-05-02T175834Z,test_last,test_sessions_last,all_trials
62,23835.308,23847.537984,5.011007999997673,-1,5,Miss,OFF,,150.0,FLR_M01569521,testing,Day_2,2026-05-02T175834Z,test_last,test_sessions_last,all_trials
63,23848.537984,23892.44,5.015007999998488,-1,5,Miss,OFF,,150.0,FLR_M01569521,testing,Day_2,2026-05-02T175834Z,test_last,test_sessions_last,all_trials
64,23893.44,23914.988992,5.014015999997355,-1,5,Miss,OFF,,150.0,FLR_M01569521,testing,Day_2,2026-05-02T175834Z,test_last,test_sessions_last,all_trials
65,23915.988992,23930.992992,5.01801599999817,-1,5,Miss,OFF,,150.0,FLR_M01569521,testing,Day_2,2026-05-02T175834Z,test_last,test_sessions_last,all_trials
66,23931.992992,23950.174976,3.698975999999675,5,5,Success,OFF,0.0,150.0,FLR_M01569521,testing,Day_2,2026-05-02T175834Z,test_last,test_sessions_last,all_trials
67,23951.174976,23969.742976,5.014976000002207,-1,5,Miss,OFF,,150.0,FLR_M01569521,testing,Day_2,2026-05-02T175834Z,test_last,test_sessions_last,all_trials
68,23970.742976,23985.337984,5.012000000002445,-1,5,Miss,OFF,,150.0,FLR_M01569521,testing,Day_2,2026-05-02T175834Z,test_last,test_sessions_last,all_trials
69,23986.337984,24000.256,3.1300160000027972,6,5,Failure,OFF,20.0,150.0,FLR_M01569521,testing,Day_2,2026-05-02T175834Z,test_last,test_sessions_last,all_trials
70,24001.256,24014.986976,5.010976000001392,-1,5,Miss,OFF,,150.0,FLR_M01569521,testing,Day_2,2026-05-02T175834Z,test_last,test_sessions_last,all_trials
71,24015.986976,24053.491488,5.016511999998329,-1,5,Miss,OFF,,150.0,FLR_M01569521,testing,Day_2,2026-05-02T175834Z,test_last,test_sessions_last,all_trials
72,24054.491488,24065.136992,5.011008000001311,-1,5,Miss,OFF,,150.0,FLR_M01569521,testing,Day_2,2026-05-02T175834Z,test_last,test_sessions_last,all_trials
73,24066.136992,24092.884992,2.9089920000005804,8,5,Failure,OFF,60.0,150.0,FLR_M01569521,testing,Day_2,2026-05-02T175834Z,test_last,test_sessions_last,all_trials
74,24093.884992,24107.281504,1.7055039999977453,5,5,Success,OFF,0.0,150.0,FLR_M01569521,testing,Day_2,2026-05-02T175834Z,test_last,test_sessions_last,all_trials
75,24108.281504,24136.939488,5.015488000000914,-1,5,Miss,OFF,,150.0,FLR_M01569521,testing,Day_2,2026-05-02T175834Z,test_last,test_sessions_last,all_trials
76,24137.939488,24155.387488,5.012512000001152,-1,5,Miss,OFF,,150.0,FLR_M01569521,testing,Day_2,2026-05-02T175834Z,test_last,test_sessions_last,all_trials
77,24156.387488,24172.141504,5.016511999998329,-1,5,Miss,OFF,,150.0,FLR_M01569521,testing,Day_2,2026-05-02T175834Z,test_last,test_sessions_last,all_trials
78,24173.141504,24184.545504,5.019520000001648,-1,5,Miss,OFF,,150.0,FLR_M01569521,testing,Day_2,2026-05-02T175834Z,test_last,test_sessions_last,all_trials
79,24185.545504,24202.444992,4.16899199999898,5,5,Success,OFF,0.0,150.0,FLR_M01569521,testing,Day_2,2026-05-02T175834Z,test_last,test_sessions_last,all_trials
80,24203.444992,24243.438976,5.013984000001074,-1,5,Miss,OFF,,150.0,FLR_M01569521,testing,Day_2,2026-05-02T175834Z,test_last,test_sessions_last,all_trials
81,24244.438976,24262.742496,5.014495999999781,-1,5,Miss,OFF,,150.0,FLR_M01569521,testing,Day_2,2026-05-02T175834Z,test_last,test_sessions_last,all_trials
82,24263.742496,24273.990976,5.014976000002207,-1,5,Miss,OFF,,150.0,FLR_M01569521,testing,Day_2,2026-05-02T175834Z,test_last,test_sessions_last,all_trials
83,24274.990976,24295.036992,5.012000000002445,-1,5,Miss,OFF,,150.0,FLR_M01569521,testing,Day_2,2026-05-02T175834Z,test_last,test_sessions_last,all_trials
84,24296.036992,24312.337984,5.012000000002445,-1,5,Miss,OFF,,150.0,FLR_M01569521,testing,Day_2,2026-05-02T175834Z,test_last,test_sessions_last,all_trials
85,24313.337984,24373.136992,5.011999999998807,-1,5,Miss,OFF,,150.0,FLR_M01569521,testing,Day_2,2026-05-02T175834Z,test_last,test_sessions_last,all_trials
86,24374.136992,24392.692992,5.016992000000755,-1,5,Miss,OFF,,150.0,FLR_M01569521,testing,Day_2,2026-05-02T175834Z,test_last,test_sessions_last,all_trials
87,24393.692992,24408.442496,5.017503999999462,-1,5,Miss,OFF,,150.0,FLR_M01569521,testing,Day_2,2026-05-02T175834Z,test_last,test_sessions_last,all_trials
88,24409.442496,24432.865504,2.489504000001034,5,5,Success,OFF,0.0,150.0,FLR_M01569521,testing,Day_2,2026-05-02T175834Z,test_last,test_sessions_last,all_trials
89,24433.865504,24447.992,5.015007999998488,-1,5,Miss,OFF,,150.0,FLR_M01569521,testing,Day_2,2026-05-02T175834Z,test_last,test_sessions_last,all_trials
90,24448.992,24457.806976,2.7309759999989183,5,5,Success,OFF,0.0,150.0,FLR_M01569521,testing,Day_2,2026-05-02T175834Z,test_last,test_sessions_last,all_trials
91,24458.806976,24471.38848,5.014495999999781,-1,5,Miss,OFF,,150.0,FLR_M01569521,testing,Day_2,2026-05-02T175834Z,test_last,test_sessions_last,all_trials
92,24472.38848,24483.988,2.914016000002448,5,5,Success,OFF,0.0,150.0,FLR_M01569521,testing,Day_2,2026-05-02T175834Z,test_last,test_sessions_last,all_trials
93,24484.988,24494.113376,2.2893760000006296,8,5,Failure,OFF,60.0,150.0,FLR_M01569521,testing,Day_2,2026-05-02T175834Z,test_last,test_sessions_last,all_trials
94,24495.113376,24508.58048,2.104480000001786,5,5,Success,OFF,0.0,150.0,FLR_M01569521,testing,Day_2,2026-05-02T175834Z,test_last,test_sessions_last,all_trials
95,24509.58048,24517.84848,2.171487999999954,5,5,Success,OFF,0.0,150.0,FLR_M01569521,testing,Day_2,2026-05-02T175834Z,test_last,test_sessions_last,all_trials
96,24518.84848,24529.141984,5.015008000002126,-1,5,Miss,OFF,,150.0,FLR_M01569521,testing,Day_2,2026-05-02T175834Z,test_last,test_sessions_last,all_trials
97,24530.141984,24544.84,5.015999999999622,-1,5,Miss,OFF,,150.0,FLR_M01569521,testing,Day_2,2026-05-02T175834Z,test_last,test_sessions_last,all_trials
98,24545.84,24556.888992,2.41401599999881,5,5,Success,OFF,0.0,150.0,FLR_M01569521,testing,Day_2,2026-05-02T175834Z,test_last,test_sessions_last,all_trials
99,24557.888992,24573.441504,5.017503999999462,-1,5,Miss,OFF,,150.0,FLR_M01569521,testing,Day_2,2026-05-02T175834Z,test_last,test_sessions_last,all_trials
100,24574.441504,24590.488992,5.015007999998488,-1,5,Miss,OFF,,150.0,FLR_M01569521,testing,Day_2,2026-05-02T175834Z,test_last,test_sessions_last,all_trials
101,24591.488992,24634.989504,5.0135040000022855,-1,5,Miss,OFF,,150.0,FLR_M01569521,testing,Day_2,2026-05-02T175834Z,test_last,test_sessions_last,all_trials
102,24635.989504,24651.440992,5.016992000000755,-1,5,Miss,OFF,,150.0,FLR_M01569521,testing,Day_2,2026-05-02T175834Z,test_last,test_sessions_last,all_trials
103,24652.440992,24673.942496,5.017503999999462,-1,5,Miss,OFF,,150.0,FLR_M01569521,testing,Day_2,2026-05-02T175834Z,test_last,test_sessions_last,all_trials
104,24674.942496,24702.535488,5.012512000001152,-1,5,Miss,OFF,,150.0,FLR_M01569521,testing,Day_2,2026-05-02T175834Z,test_last,test_sessions_last,all_trials
105,24703.535488,24730.74048,5.016480000002048,-1,5,Miss,OFF,,150.0,FLR_M01569521,testing,Day_2,2026-05-02T175834Z,test_last,test_sessions_last,all_trials
106,24731.74048,24752.541504,5.018528000000515,-1,5,Miss,OFF,,150.0,FLR_M01569521,testing,Day_2,2026-05-02T175834Z,test_last,test_sessions_last,all_trials
2,22971.419488,22993.148,5.015008000002126,-1,14,Miss,OFF,,150.0,FLR_M01569521,testing,Day_3,2026-05-03T184605Z,test_last,test_sessions_last,all_trials
3,22994.148,23051.849984,4.464992000001075,11,14,Failure,OFF,-60.0,150.0,FLR_M01569521,testing,Day_3,2026-05-03T184605Z,test_last,test_sessions_last,all_trials
4,23052.849984,23096.393984,5.009984000000259,-1,14,Miss,OFF,,150.0,FLR_M01569521,testing,Day_3,2026-05-03T184605Z,test_last,test_sessions_last,all_trials
5,23097.393984,23130.725984,2.8440000000009604,14,14,Success,OFF,0.0,150.0,FLR_M01569521,testing,Day_3,2026-05-03T184605Z,test_last,test_sessions_last,all_trials
6,23131.725984,23142.748992,5.015999999999622,-1,14,Miss,OFF,,150.0,FLR_M01569521,testing,Day_3,2026-05-03T184605Z,test_last,test_sessions_last,all_trials
7,23143.748992,23156.689984,3.8550080000022717,14,14,Success,OFF,0.0,150.0,FLR_M01569521,testing,Day_3,2026-05-03T184605Z,test_last,test_sessions_last,all_trials
8,23157.689984,23184.168,3.734016000002157,14,14,Success,OFF,0.0,150.0,FLR_M01569521,testing,Day_3,2026-05-03T184605Z,test_last,test_sessions_last,all_trials
9,23185.168,23198.293984,5.011999999998807,-1,14,Miss,OFF,,150.0,FLR_M01569521,testing,Day_3,2026-05-03T184605Z,test_last,test_sessions_last,all_trials
10,23199.293984,23261.293984,5.011008000001311,-1,14,Miss,OFF,,150.0,FLR_M01569521,testing,Day_3,2026-05-03T184605Z,test_last,test_sessions_last,all_trials
11,23262.293984,23279.746976,5.013983999997436,-1,14,Miss,OFF,,150.0,FLR_M01569521,testing,Day_3,2026-05-03T184605Z,test_last,test_sessions_last,all_trials
12,23280.746976,23334.796,5.014015999997355,-1,14,Miss,OFF,,150.0,FLR_M01569521,testing,Day_3,2026-05-03T184605Z,test_last,test_sessions_last,all_trials
13,23335.796,23346.987936,1.5049600000020291,1,14,Failure,OFF,100.0,150.0,FLR_M01569521,testing,Day_3,2026-05-03T184605Z,test_last,test_sessions_last,all_trials
14,23347.987936,23372.186976,3.5049920000019483,8,14,Failure,OFF,-120.0,150.0,FLR_M01569521,testing,Day_3,2026-05-03T184605Z,test_last,test_sessions_last,all_trials
15,23373.186976,23495.595488,5.0135039999986475,-1,14,Miss,OFF,,150.0,FLR_M01569521,testing,Day_3,2026-05-03T184605Z,test_last,test_sessions_last,all_trials
16,23496.595488,23517.272,4.590016000001924,14,14,Success,OFF,0.0,150.0,FLR_M01569521,testing,Day_3,2026-05-03T184605Z,test_last,test_sessions_last,all_trials
17,23518.272,23637.547488,5.016512000001967,-1,14,Miss,OFF,,150.0,FLR_M01569521,testing,Day_3,2026-05-03T184605Z,test_last,test_sessions_last,all_trials
18,23638.547488,23737.202976,4.970976000000519,14,14,Success,OFF,0.0,150.0,FLR_M01569521,testing,Day_3,2026-05-03T184605Z,test_last,test_sessions_last,all_trials
19,23738.202976,23757.692,4.5090239999990445,14,14,Success,OFF,0.0,150.0,FLR_M01569521,testing,Day_3,2026-05-03T184605Z,test_last,test_sessions_last,all_trials
20,23758.692,23801.906976,2.8739839999980177,14,14,Success,OFF,0.0,150.0,FLR_M01569521,testing,Day_3,2026-05-03T184605Z,test_last,test_sessions_last,all_trials
21,23802.906976,23864.118976,3.338976000002731,14,14,Success,OFF,0.0,150.0,FLR_M01569521,testing,Day_3,2026-05-03T184605Z,test_last,test_sessions_last,all_trials
22,23865.118976,23887.198496,5.017503999999462,-1,14,Miss,OFF,,150.0,FLR_M01569521,testing,Day_3,2026-05-03T184605Z,test_last,test_sessions_last,all_trials
23,23888.198496,23912.140992,5.010016000000178,14,14,Success,OFF,0.0,150.0,FLR_M01569521,testing,Day_3,2026-05-03T184605Z,test_last,test_sessions_last,all_trials
24,23913.140992,23966.20048,5.019487999998091,-1,14,Miss,OFF,,150.0,FLR_M01569521,testing,Day_3,2026-05-03T184605Z,test_last,test_sessions_last,all_trials
25,23967.20048,23976.761504,3.3295039999975415,14,14,Success,OFF,0.0,150.0,FLR_M01569521,testing,Day_3,2026-05-03T184605Z,test_last,test_sessions_last,all_trials
26,23977.761504,23993.452,2.4200000000018917,14,14,Success,OFF,0.0,150.0,FLR_M01569521,testing,Day_3,2026-05-03T184605Z,test_last,test_sessions_last,all_trials
27,23994.452,24008.625984,2.495999999999185,14,14,Success,OFF,0.0,150.0,FLR_M01569521,testing,Day_3,2026-05-03T184605Z,test_last,test_sessions_last,all_trials
28,24009.625984,24058.555488,3.424512000001414,14,14,Success,OFF,0.0,150.0,FLR_M01569521,testing,Day_3,2026-05-03T184605Z,test_last,test_sessions_last,all_trials
29,24059.555488,24074.984992,2.554016000001866,14,14,Success,OFF,0.0,150.0,FLR_M01569521,testing,Day_3,2026-05-03T184605Z,test_last,test_sessions_last,all_trials
30,24075.984992,24101.01248,4.482496000000538,14,14,Success,OFF,0.0,150.0,FLR_M01569521,testing,Day_3,2026-05-03T184605Z,test_last,test_sessions_last,all_trials
31,24102.01248,24113.70848,2.278496000002633,14,14,Success,OFF,0.0,150.0,FLR_M01569521,testing,Day_3,2026-05-03T184605Z,test_last,test_sessions_last,all_trials
32,24114.70848,24126.923488,4.59251199999926,14,14,Success,OFF,0.0,150.0,FLR_M01569521,testing,Day_3,2026-05-03T184605Z,test_last,test_sessions_last,all_trials
33,24127.923488,24138.272992,2.591999999996915,14,14,Success,OFF,0.0,150.0,FLR_M01569521,testing,Day_3,2026-05-03T184605Z,test_last,test_sessions_last,all_trials
34,24139.272992,24153.972992,4.342015999998694,14,14,Success,OFF,0.0,150.0,FLR_M01569521,testing,Day_3,2026-05-03T184605Z,test_last,test_sessions_last,all_trials
35,24154.972992,24167.496992,1.9670079999996233,14,14,Success,OFF,0.0,150.0,FLR_M01569521,testing,Day_3,2026-05-03T184605Z,test_last,test_sessions_last,all_trials
36,24168.496992,24185.725984,2.495999999999185,14,14,Success,OFF,0.0,150.0,FLR_M01569521,testing,Day_3,2026-05-03T184605Z,test_last,test_sessions_last,all_trials
37,24186.725984,24196.933984,2.4529919999986305,14,14,Success,OFF,0.0,150.0,FLR_M01569521,testing,Day_3,2026-05-03T184605Z,test_last,test_sessions_last,all_trials
38,24197.933984,24212.56,5.030016000000614,-1,14,Miss,OFF,,150.0,FLR_M01569521,testing,Day_3,2026-05-03T184605Z,test_last,test_sessions_last,all_trials
39,24213.56,24233.913504,1.4825280000004568,14,14,Success,OFF,0.0,150.0,FLR_M01569521,testing,Day_3,2026-05-03T184605Z,test_last,test_sessions_last,all_trials
40,24234.913504,24247.236,3.30502400000114,14,14,Success,OFF,0.0,150.0,FLR_M01569521,testing,Day_3,2026-05-03T184605Z,test_last,test_sessions_last,all_trials
41,24248.236,24274.095488,5.014495999999781,-1,14,Miss,OFF,,150.0,FLR_M01569521,testing,Day_3,2026-05-03T184605Z,test_last,test_sessions_last,all_trials
42,24275.095488,24359.138976,4.708991999999853,14,14,Success,OFF,0.0,150.0,FLR_M01569521,testing,Day_3,2026-05-03T184605Z,test_last,test_sessions_last,all_trials
43,24360.138976,24375.244992,2.6140159999995376,14,14,Success,OFF,0.0,150.0,FLR_M01569521,testing,Day_3,2026-05-03T184605Z,test_last,test_sessions_last,all_trials
44,24376.244992,24393.69648,5.017503999999462,-1,14,Miss,OFF,,150.0,FLR_M01569521,testing,Day_3,2026-05-03T184605Z,test_last,test_sessions_last,all_trials
45,24394.69648,24459.408992,4.128992000001745,14,14,Success,OFF,0.0,150.0,FLR_M01569521,testing,Day_3,2026-05-03T184605Z,test_last,test_sessions_last,all_trials
46,24460.408992,24483.349984,4.920991999999387,14,14,Success,OFF,0.0,150.0,FLR_M01569521,testing,Day_3,2026-05-03T184605Z,test_last,test_sessions_last,all_trials
47,24484.349984,24496.112,2.231999999999971,14,14,Success,OFF,0.0,150.0,FLR_M01569521,testing,Day_3,2026-05-03T184605Z,test_last,test_sessions_last,all_trials
48,24497.112,24512.800992,1.9700159999993048,14,14,Success,OFF,0.0,150.0,FLR_M01569521,testing,Day_3,2026-05-03T184605Z,test_last,test_sessions_last,all_trials
49,24513.800992,24528.949984,2.7190080000000307,14,14,Success,OFF,0.0,150.0,FLR_M01569521,testing,Day_3,2026-05-03T184605Z,test_last,test_sessions_last,all_trials
50,24529.949984,24568.94,4.4110079999991285,14,14,Success,OFF,0.0,150.0,FLR_M01569521,testing,Day_3,2026-05-03T184605Z,test_last,test_sessions_last,all_trials
51,24569.94,24578.062496,2.2835199999972247,14,14,Success,OFF,0.0,150.0,FLR_M01569521,testing,Day_3,2026-05-03T184605Z,test_last,test_sessions_last,all_trials
52,24579.062496,24593.278976,3.600000000002183,14,14,Success,OFF,0.0,150.0,FLR_M01569521,testing,Day_3,2026-05-03T184605Z,test_last,test_sessions_last,all_trials
53,24594.278976,24624.450976,5.021983999999065,-1,14,Miss,OFF,,150.0,FLR_M01569521,testing,Day_3,2026-05-03T184605Z,test_last,test_sessions_last,all_trials
11,2387.806976,2407.008,5.013023999999859,-1,3,Miss,OFF,,150.0,FLR_M01569521,testing,Day_4,2026-05-04T160053Z,test_last,test_sessions_last,all_trials
12,2408.008,2429.260992,5.018015999999989,-1,3,Miss,OFF,,150.0,FLR_M01569521,testing,Day_4,2026-05-04T160053Z,test_last,test_sessions_last,all_trials
13,2430.260992,2453.409984,5.016991999999846,-1,3,Miss,OFF,,150.0,FLR_M01569521,testing,Day_4,2026-05-04T160053Z,test_last,test_sessions_last,all_trials
14,2454.409984,2465.778496,4.884512000000086,3,3,Success,OFF,0.0,150.0,FLR_M01569521,testing,Day_4,2026-05-04T160053Z,test_last,test_sessions_last,all_trials
15,2466.778496,2494.22048,4.4784960000001774,6,3,Failure,OFF,60.0,150.0,FLR_M01569521,testing,Day_4,2026-05-04T160053Z,test_last,test_sessions_last,all_trials
16,2495.22048,2539.758976,5.0169920000003,-1,3,Miss,OFF,,150.0,FLR_M01569521,testing,Day_4,2026-05-04T160053Z,test_last,test_sessions_last,all_trials
17,2540.758976,2564.156992,5.015008000000307,-1,3,Miss,OFF,,150.0,FLR_M01569521,testing,Day_4,2026-05-04T160053Z,test_last,test_sessions_last,all_trials
18,2565.156992,2634.479488,2.8354880000001685,5,3,Failure,OFF,40.0,150.0,FLR_M01569521,testing,Day_4,2026-05-04T160053Z,test_last,test_sessions_last,all_trials
19,2635.479488,2651.638176,3.2471999999997934,2,3,Failure,OFF,-20.0,150.0,FLR_M01569521,testing,Day_4,2026-05-04T160053Z,test_last,test_sessions_last,all_trials
20,2652.638176,2664.162496,5.018496000000141,-1,3,Miss,OFF,,150.0,FLR_M01569521,testing,Day_4,2026-05-04T160053Z,test_last,test_sessions_last,all_trials
21,2665.162496,2673.848,1.754015999999865,3,3,Success,OFF,0.0,150.0,FLR_M01569521,testing,Day_4,2026-05-04T160053Z,test_last,test_sessions_last,all_trials
22,2674.848,2694.308992,5.015008000000307,-1,3,Miss,OFF,,150.0,FLR_M01569521,testing,Day_4,2026-05-04T160053Z,test_last,test_sessions_last,all_trials
23,2695.308992,2712.924,2.93100800000002,3,3,Success,OFF,0.0,150.0,FLR_M01569521,testing,Day_4,2026-05-04T160053Z,test_last,test_sessions_last,all_trials
24,2713.924,2733.308,5.0150079999998525,-1,3,Miss,OFF,,150.0,FLR_M01569521,testing,Day_4,2026-05-04T160053Z,test_last,test_sessions_last,all_trials
25,2734.308,2765.993504,3.9995199999998476,4,3,Failure,OFF,20.0,150.0,FLR_M01569521,testing,Day_4,2026-05-04T160053Z,test_last,test_sessions_last,all_trials
26,2766.993504,2790.656992,5.015008000000307,-1,3,Miss,OFF,,150.0,FLR_M01569521,testing,Day_4,2026-05-04T160053Z,test_last,test_sessions_last,all_trials
27,2791.656992,2831.357504,5.014528000000155,-1,3,Miss,OFF,,150.0,FLR_M01569521,testing,Day_4,2026-05-04T160053Z,test_last,test_sessions_last,all_trials
28,2832.357504,2873.688992,4.596000000000004,3,3,Success,OFF,0.0,150.0,FLR_M01569521,testing,Day_4,2026-05-04T160053Z,test_last,test_sessions_last,all_trials
29,2874.688992,2890.147488,2.3544959999999264,3,3,Success,OFF,0.0,150.0,FLR_M01569521,testing,Day_4,2026-05-04T160053Z,test_last,test_sessions_last,all_trials
30,2891.147488,2902.729984,2.587007999999969,3,3,Success,OFF,0.0,150.0,FLR_M01569521,testing,Day_4,2026-05-04T160053Z,test_last,test_sessions_last,all_trials
31,2903.729984,2913.873504,2.9785280000000967,4,3,Failure,OFF,20.0,150.0,FLR_M01569521,testing,Day_4,2026-05-04T160053Z,test_last,test_sessions_last,all_trials
32,2914.873504,2928.372992,3.5289920000000166,3,3,Success,OFF,0.0,150.0,FLR_M01569521,testing,Day_4,2026-05-04T160053Z,test_last,test_sessions_last,all_trials
33,2929.372992,2945.217504,3.1755200000002333,3,3,Success,OFF,0.0,150.0,FLR_M01569521,testing,Day_4,2026-05-04T160053Z,test_last,test_sessions_last,all_trials
34,2946.217504,2955.878976,2.0859839999998258,3,3,Success,OFF,0.0,150.0,FLR_M01569521,testing,Day_4,2026-05-04T160053Z,test_last,test_sessions_last,all_trials
35,2956.878976,2970.209504,5.015519999999924,-1,3,Miss,OFF,,150.0,FLR_M01569521,testing,Day_4,2026-05-04T160053Z,test_last,test_sessions_last,all_trials
36,2971.209504,2983.259488,2.81651200000033,3,3,Success,OFF,0.0,150.0,FLR_M01569521,testing,Day_4,2026-05-04T160053Z,test_last,test_sessions_last,all_trials
37,2984.259488,3013.778976,2.834976000000097,3,3,Success,OFF,0.0,150.0,FLR_M01569521,testing,Day_4,2026-05-04T160053Z,test_last,test_sessions_last,all_trials
38,3014.778976,3026.781984,2.388992000000144,3,3,Success,OFF,0.0,150.0,FLR_M01569521,testing,Day_4,2026-05-04T160053Z,test_last,test_sessions_last,all_trials
39,3027.781984,3045.313984,1.7719999999999345,3,3,Success,OFF,0.0,150.0,FLR_M01569521,testing,Day_4,2026-05-04T160053Z,test_last,test_sessions_last,all_trials
40,3046.313984,3055.03248,2.23948799999971,3,3,Success,OFF,0.0,150.0,FLR_M01569521,testing,Day_4,2026-05-04T160053Z,test_last,test_sessions_last,all_trials
41,3056.03248,3069.30848,1.917504000000008,3,3,Success,OFF,0.0,150.0,FLR_M01569521,testing,Day_4,2026-05-04T160053Z,test_last,test_sessions_last,all_trials
42,3070.30848,3083.900992,3.2080000000000837,3,3,Success,OFF,0.0,150.0,FLR_M01569521,testing,Day_4,2026-05-04T160053Z,test_last,test_sessions_last,all_trials
43,3084.900992,3096.748,2.6050239999999576,3,3,Success,OFF,0.0,150.0,FLR_M01569521,testing,Day_4,2026-05-04T160053Z,test_last,test_sessions_last,all_trials
44,3097.748,3108.562976,1.7709760000002461,3,3,Success,OFF,0.0,150.0,FLR_M01569521,testing,Day_4,2026-05-04T160053Z,test_last,test_sessions_last,all_trials
45,3109.562976,3144.356992,5.014016000000083,-1,3,Miss,OFF,,150.0,FLR_M01569521,testing,Day_4,2026-05-04T160053Z,test_last,test_sessions_last,all_trials
46,3145.356992,3160.938976,2.346975999999813,3,3,Success,OFF,0.0,150.0,FLR_M01569521,testing,Day_4,2026-05-04T160053Z,test_last,test_sessions_last,all_trials
47,3161.938976,3170.610496,3.417504000000008,3,3,Success,OFF,0.0,150.0,FLR_M01569521,testing,Day_4,2026-05-04T160053Z,test_last,test_sessions_last,all_trials
48,3171.610496,3184.828992,2.3880000000003747,3,3,Success,OFF,0.0,150.0,FLR_M01569521,testing,Day_4,2026-05-04T160053Z,test_last,test_sessions_last,all_trials
49,3185.828992,3195.432,2.2910079999996924,3,3,Success,OFF,0.0,150.0,FLR_M01569521,testing,Day_4,2026-05-04T160053Z,test_last,test_sessions_last,all_trials
50,3196.432,3215.48048,2.8895040000002155,3,3,Success,OFF,0.0,150.0,FLR_M01569521,testing,Day_4,2026-05-04T160053Z,test_last,test_sessions_last,all_trials
51,3216.48048,3229.560992,3.4180160000000797,3,3,Success,OFF,0.0,150.0,FLR_M01569521,testing,Day_4,2026-05-04T160053Z,test_last,test_sessions_last,all_trials
52,3230.560992,3242.109504,3.0665279999998347,3,3,Success,OFF,0.0,150.0,FLR_M01569521,testing,Day_4,2026-05-04T160053Z,test_last,test_sessions_last,all_trials
53,3243.109504,3266.068,2.424000000000433,3,3,Success,OFF,0.0,150.0,FLR_M01569521,testing,Day_4,2026-05-04T160053Z,test_last,test_sessions_last,all_trials
54,3267.068,3280.606976,5.013984000000164,-1,3,Miss,OFF,,150.0,FLR_M01569521,testing,Day_4,2026-05-04T160053Z,test_last,test_sessions_last,all_trials
55,3281.606976,3298.333504,1.3905280000003586,3,3,Success,OFF,0.0,150.0,FLR_M01569521,testing,Day_4,2026-05-04T160053Z,test_last,test_sessions_last,all_trials
56,3299.333504,3309.838976,2.345984000000044,3,3,Success,OFF,0.0,150.0,FLR_M01569521,testing,Day_4,2026-05-04T160053Z,test_last,test_sessions_last,all_trials
57,3310.838976,3323.208992,3.067007999999987,3,3,Success,OFF,0.0,150.0,FLR_M01569521,testing,Day_4,2026-05-04T160053Z,test_last,test_sessions_last,all_trials
58,3324.208992,3335.816992,2.522015999999894,3,3,Success,OFF,0.0,150.0,FLR_M01569521,testing,Day_4,2026-05-04T160053Z,test_last,test_sessions_last,all_trials
59,3336.816992,3348.364,1.1730240000001686,3,3,Success,OFF,0.0,150.0,FLR_M01569521,testing,Day_4,2026-05-04T160053Z,test_last,test_sessions_last,all_trials
60,3349.364,3361.632992,1.7409920000000056,3,3,Success,OFF,0.0,150.0,FLR_M01569521,testing,Day_4,2026-05-04T160053Z,test_last,test_sessions_last,all_trials
61,3362.632992,3381.897984,4.105984000000262,3,3,Success,OFF,0.0,150.0,FLR_M01569521,testing,Day_4,2026-05-04T160053Z,test_last,test_sessions_last,all_trials
62,3382.897984,3391.154496,1.862496000000192,3,3,Success,OFF,0.0,150.0,FLR_M01569521,testing,Day_4,2026-05-04T160053Z,test_last,test_sessions_last,all_trials
63,3392.154496,3413.304,3.3630080000002636,3,3,Success,OFF,0.0,150.0,FLR_M01569521,testing,Day_4,2026-05-04T160053Z,test_last,test_sessions_last,all_trials
64,3414.304,3436.767488,2.5754879999999503,3,3,Success,OFF,0.0,150.0,FLR_M01569521,testing,Day_4,2026-05-04T160053Z,test_last,test_sessions_last,all_trials
65,3437.767488,3450.993984,1.4529919999999947,3,3,Success,OFF,0.0,150.0,FLR_M01569521,testing,Day_4,2026-05-04T160053Z,test_last,test_sessions_last,all_trials
66,3451.993984,3469.520992,3.480000000000018,3,3,Success,OFF,0.0,150.0,FLR_M01569521,testing,Day_4,2026-05-04T160053Z,test_last,test_sessions_last,all_trials
67,3470.520992,3482.98,2.286016000000018,3,3,Success,OFF,0.0,150.0,FLR_M01569521,testing,Day_4,2026-05-04T160053Z,test_last,test_sessions_last,all_trials
68,3483.98,3492.93248,2.238495999999941,3,3,Success,OFF,0.0,150.0,FLR_M01569521,testing,Day_4,2026-05-04T160053Z,test_last,test_sessions_last,all_trials
69,3493.93248,3502.869984,1.8279999999999745,3,3,Success,OFF,0.0,150.0,FLR_M01569521,testing,Day_4,2026-05-04T160053Z,test_last,test_sessions_last,all_trials
70,3503.869984,3527.976,2.034016000000065,3,3,Success,OFF,0.0,150.0,FLR_M01569521,testing,Day_4,2026-05-04T160053Z,test_last,test_sessions_last,all_trials
71,3528.976,3550.241984,2.7009919999995873,3,3,Success,OFF,0.0,150.0,FLR_M01569521,testing,Day_4,2026-05-04T160053Z,test_last,test_sessions_last,all_trials
72,3551.241984,3559.928,3.4359999999996944,3,3,Success,OFF,0.0,150.0,FLR_M01569521,testing,Day_4,2026-05-04T160053Z,test_last,test_sessions_last,all_trials
73,3560.928,3581.690976,1.9499839999998585,3,3,Success,OFF,0.0,150.0,FLR_M01569521,testing,Day_4,2026-05-04T160053Z,test_last,test_sessions_last,all_trials
74,3582.690976,3592.77248,3.0314880000000812,3,3,Success,OFF,0.0,150.0,FLR_M01569521,testing,Day_4,2026-05-04T160053Z,test_last,test_sessions_last,all_trials
75,3593.77248,3605.148992,2.007999999999811,3,3,Success,OFF,0.0,150.0,FLR_M01569521,testing,Day_4,2026-05-04T160053Z,test_last,test_sessions_last,all_trials
76,3606.148992,3614.942976,2.998975999999857,3,3,Success,OFF,0.0,150.0,FLR_M01569521,testing,Day_4,2026-05-04T160053Z,test_last,test_sessions_last,all_trials
77,3615.942976,3628.074976,2.4839999999999236,3,3,Success,OFF,0.0,150.0,FLR_M01569521,testing,Day_4,2026-05-04T160053Z,test_last,test_sessions_last,all_trials
78,3629.074976,3637.296992,2.3040000000000873,3,3,Success,OFF,0.0,150.0,FLR_M01569521,testing,Day_4,2026-05-04T160053Z,test_last,test_sessions_last,all_trials
79,3638.296992,3651.896,1.5550080000002708,3,3,Success,OFF,0.0,150.0,FLR_M01569521,testing,Day_4,2026-05-04T160053Z,test_last,test_sessions_last,all_trials
80,3652.896,3662.564,1.2230079999999361,3,3,Success,OFF,0.0,150.0,FLR_M01569521,testing,Day_4,2026-05-04T160053Z,test_last,test_sessions_last,all_trials
81,3663.564,3677.004,5.010015999999723,-1,3,Miss,OFF,,150.0,FLR_M01569521,testing,Day_4,2026-05-04T160053Z,test_last,test_sessions_last,all_trials
82,3678.004,3774.540992,2.748992000000271,3,3,Success,OFF,0.0,150.0,FLR_M01569521,testing,Day_4,2026-05-04T160053Z,test_last,test_sessions_last,all_trials
83,3775.540992,3787.688,3.646016000000145,3,3,Success,OFF,0.0,150.0,FLR_M01569521,testing,Day_4,2026-05-04T160053Z,test_last,test_sessions_last,all_trials
84,3788.688,3797.784992,2.0430080000001,3,3,Success,OFF,0.0,150.0,FLR_M01569521,testing,Day_4,2026-05-04T160053Z,test_last,test_sessions_last,all_trials
85,3798.784992,3807.492,3.0500160000001415,3,3,Success,OFF,0.0,150.0,FLR_M01569521,testing,Day_4,2026-05-04T160053Z,test_last,test_sessions_last,all_trials
86,3808.492,3817.092992,1.5510079999999107,3,3,Success,OFF,0.0,150.0,FLR_M01569521,testing,Day_4,2026-05-04T160053Z,test_last,test_sessions_last,all_trials
87,3818.092992,3828.046976,3.104000000000269,3,3,Success,OFF,0.0,150.0,FLR_M01569521,testing,Day_4,2026-05-04T160053Z,test_last,test_sessions_last,all_trials
88,3829.046976,3844.622976,3.180000000000291,3,3,Success,OFF,0.0,150.0,FLR_M01569521,testing,Day_4,2026-05-04T160053Z,test_last,test_sessions_last,all_trials
89,3845.622976,3857.156992,2.612992000000304,3,3,Success,OFF,0.0,150.0,FLR_M01569521,testing,Day_4,2026-05-04T160053Z,test_last,test_sessions_last,all_trials
90,3858.156992,3869.228992,3.087007999999969,3,3,Success,OFF,0.0,150.0,FLR_M01569521,testing,Day_4,2026-05-04T160053Z,test_last,test_sessions_last,all_trials
91,3870.228992,3880.76448,2.1234879999997247,3,3,Success,OFF,0.0,150.0,FLR_M01569521,testing,Day_4,2026-05-04T160053Z,test_last,test_sessions_last,all_trials
92,3881.76448,3892.412,2.519007999999758,3,3,Success,OFF,0.0,150.0,FLR_M01569521,testing,Day_4,2026-05-04T160053Z,test_last,test_sessions_last,all_trials
93,3893.412,3903.258976,4.16800000000012,3,3,Success,OFF,0.0,150.0,FLR_M01569521,testing,Day_4,2026-05-04T160053Z,test_last,test_sessions_last,all_trials
94,3904.258976,3916.344992,2.5039999999999054,3,3,Success,OFF,0.0,150.0,FLR_M01569521,testing,Day_4,2026-05-04T160053Z,test_last,test_sessions_last,all_trials
95,3917.344992,3928.841984,3.300991999999951,3,3,Success,OFF,0.0,150.0,FLR_M01569521,testing,Day_4,2026-05-04T160053Z,test_last,test_sessions_last,all_trials
96,3929.841984,3940.040992,4.750016000000414,3,3,Success,OFF,0.0,150.0,FLR_M01569521,testing,Day_4,2026-05-04T160053Z,test_last,test_sessions_last,all_trials
97,3941.040992,3952.904,1.811008000000129,3,3,Success,OFF,0.0,150.0,FLR_M01569521,testing,Day_4,2026-05-04T160053Z,test_last,test_sessions_last,all_trials
98,3953.904,3971.873984,2.7830079999998816,3,3,Success,OFF,0.0,150.0,FLR_M01569521,testing,Day_4,2026-05-04T160053Z,test_last,test_sessions_last,all_trials
99,3972.873984,3983.414976,2.422975999999835,3,3,Success,OFF,0.0,150.0,FLR_M01569521,testing,Day_4,2026-05-04T160053Z,test_last,test_sessions_last,all_trials
100,3984.414976,4000.41248,5.0224960000000465,-1,3,Miss,OFF,,150.0,FLR_M01569521,testing,Day_4,2026-05-04T160053Z,test_last,test_sessions_last,all_trials
101,4001.41248,4015.080288,2.738303999999971,3,3,Success,OFF,0.0,150.0,FLR_M01569521,testing,Day_4,2026-05-04T160053Z,test_last,test_sessions_last,all_trials
102,4016.080288,4031.264992,2.6710079999998015,3,3,Success,OFF,0.0,150.0,FLR_M01569521,testing,Day_4,2026-05-04T160053Z,test_last,test_sessions_last,all_trials
103,4032.264992,4045.421984,2.580992000000151,3,3,Success,OFF,0.0,150.0,FLR_M01569521,testing,Day_4,2026-05-04T160053Z,test_last,test_sessions_last,all_trials
104,4046.421984,4061.038976,3.346975999999813,3,3,Success,OFF,0.0,150.0,FLR_M01569521,testing,Day_4,2026-05-04T160053Z,test_last,test_sessions_last,all_trials
11,4889.732992,4902.716,5.0290240000003905,-1,12,Miss,OFF,,150.0,FLR_M01569521,testing,Day_6,2026-05-06T161348Z,test_last,test_sessions_last,all_trials
12,4903.716,4930.054976,3.217984000000797,12,12,Success,OFF,0.0,150.0,FLR_M01569521,testing,Day_6,2026-05-06T161348Z,test_last,test_sessions_last,all_trials
13,4931.054976,4943.546976,5.010975999999573,-1,12,Miss,OFF,,150.0,FLR_M01569521,testing,Day_6,2026-05-06T161348Z,test_last,test_sessions_last,all_trials
14,4944.546976,5001.482976,4.096992000000682,9,12,Failure,OFF,-60.0,150.0,FLR_M01569521,testing,Day_6,2026-05-06T161348Z,test_last,test_sessions_last,all_trials
15,5002.482976,5021.596,5.009023999999954,-1,12,Miss,OFF,,150.0,FLR_M01569521,testing,Day_6,2026-05-06T161348Z,test_last,test_sessions_last,all_trials
16,5022.596,5080.049984,5.01299199999994,-1,12,Miss,OFF,,150.0,FLR_M01569521,testing,Day_6,2026-05-06T161348Z,test_last,test_sessions_last,all_trials
17,5081.049984,5220.801984,5.016991999999846,-1,12,Miss,OFF,,150.0,FLR_M01569521,testing,Day_6,2026-05-06T161348Z,test_last,test_sessions_last,all_trials
18,5221.801984,5237.198976,5.008992000000035,-1,12,Miss,OFF,,150.0,FLR_M01569521,testing,Day_6,2026-05-06T161348Z,test_last,test_sessions_last,all_trials
19,5238.198976,5251.002976,5.016991999999846,-1,12,Miss,OFF,,150.0,FLR_M01569521,testing,Day_6,2026-05-06T161348Z,test_last,test_sessions_last,all_trials
20,5252.002976,5307.798976,5.01299199999994,-1,12,Miss,OFF,,150.0,FLR_M01569521,testing,Day_6,2026-05-06T161348Z,test_last,test_sessions_last,all_trials
21,5308.798976,5330.769984,3.2359999999998763,7,12,Failure,OFF,-100.0,150.0,FLR_M01569521,testing,Day_6,2026-05-06T161348Z,test_last,test_sessions_last,all_trials
22,5331.769984,5354.598496,5.013503999999557,-1,12,Miss,OFF,,150.0,FLR_M01569521,testing,Day_6,2026-05-06T161348Z,test_last,test_sessions_last,all_trials
23,5355.598496,5364.604,2.169024000000718,12,12,Success,OFF,0.0,150.0,FLR_M01569521,testing,Day_6,2026-05-06T161348Z,test_last,test_sessions_last,all_trials
24,5365.604,5378.397504,5.011520000000019,-1,12,Miss,OFF,,150.0,FLR_M01569521,testing,Day_6,2026-05-06T161348Z,test_last,test_sessions_last,all_trials
25,5379.397504,5402.446976,5.010976000000483,-1,12,Miss,OFF,,150.0,FLR_M01569521,testing,Day_6,2026-05-06T161348Z,test_last,test_sessions_last,all_trials
26,5403.446976,5500.796992,5.010015999999268,-1,12,Miss,OFF,,150.0,FLR_M01569521,testing,Day_6,2026-05-06T161348Z,test_last,test_sessions_last,all_trials
27,5501.796992,5543.400992,5.015008000000307,-1,12,Miss,OFF,,150.0,FLR_M01569521,testing,Day_6,2026-05-06T161348Z,test_last,test_sessions_last,all_trials
28,5544.400992,5560.048992,5.015008000000307,-1,12,Miss,OFF,,150.0,FLR_M01569521,testing,Day_6,2026-05-06T161348Z,test_last,test_sessions_last,all_trials
29,5561.048992,5598.7472,2.9622079999999187,0,12,Failure,OFF,120.0,150.0,FLR_M01569521,testing,Day_6,2026-05-06T161348Z,test_last,test_sessions_last,all_trials
30,5599.7472,5655.996,5.011008000000402,-1,12,Miss,OFF,,150.0,FLR_M01569521,testing,Day_6,2026-05-06T161348Z,test_last,test_sessions_last,all_trials
31,5656.996,5718.448992,5.015007999999398,-1,12,Miss,OFF,,150.0,FLR_M01569521,testing,Day_6,2026-05-06T161348Z,test_last,test_sessions_last,all_trials
32,5719.448992,5740.696,5.011999999999716,-1,12,Miss,OFF,,150.0,FLR_M01569521,testing,Day_6,2026-05-06T161348Z,test_last,test_sessions_last,all_trials
33,5741.696,5756.017984,4.433984000000237,12,12,Success,OFF,0.0,150.0,FLR_M01569521,testing,Day_6,2026-05-06T161348Z,test_last,test_sessions_last,all_trials
34,5757.017984,5773.169984,2.2849919999998747,12,12,Success,OFF,0.0,150.0,FLR_M01569521,testing,Day_6,2026-05-06T161348Z,test_last,test_sessions_last,all_trials
35,5774.169984,5804.562976,3.4299840000003314,12,12,Success,OFF,0.0,150.0,FLR_M01569521,testing,Day_6,2026-05-06T161348Z,test_last,test_sessions_last,all_trials
36,5805.562976,5815.547488,1.6645120000002862,12,12,Success,OFF,0.0,150.0,FLR_M01569521,testing,Day_6,2026-05-06T161348Z,test_last,test_sessions_last,all_trials
37,5816.547488,5868.348,5.011999999999716,-1,12,Miss,OFF,,150.0,FLR_M01569521,testing,Day_6,2026-05-06T161348Z,test_last,test_sessions_last,all_trials
38,5869.348,5884.853504,5.0185279999996055,-1,12,Miss,OFF,,150.0,FLR_M01569521,testing,Day_6,2026-05-06T161348Z,test_last,test_sessions_last,all_trials
39,5885.853504,5918.653984,5.020991999999751,-1,12,Miss,OFF,,150.0,FLR_M01569521,testing,Day_6,2026-05-06T161348Z,test_last,test_sessions_last,all_trials
40,5919.653984,5973.098976,5.013984000000164,-1,12,Miss,OFF,,150.0,FLR_M01569521,testing,Day_6,2026-05-06T161348Z,test_last,test_sessions_last,all_trials
41,5974.098976,6000.150496,5.017504000000372,-1,12,Miss,OFF,,150.0,FLR_M01569521,testing,Day_6,2026-05-06T161348Z,test_last,test_sessions_last,all_trials
42,6001.150496,6014.500992,5.018015999999989,-1,12,Miss,OFF,,150.0,FLR_M01569521,testing,Day_6,2026-05-06T161348Z,test_last,test_sessions_last,all_trials
43,6015.500992,6027.5,3.866015999999945,6,12,Failure,OFF,-120.0,150.0,FLR_M01569521,testing,Day_6,2026-05-06T161348Z,test_last,test_sessions_last,all_trials
11,11531.164,11544.732992,5.011999999998807,-1,12,Miss,OFF,,150.0,FLR_M01569521,testing,Day_6,2026-05-06T180453Z,test_last,test_sessions_last,all_trials
12,11545.732992,11579.636992,2.1159999999999854,6,12,Failure,OFF,-120.0,150.0,FLR_M01569521,testing,Day_6,2026-05-06T180453Z,test_last,test_sessions_last,all_trials
13,11580.636992,11618.993984,5.021984000000884,-1,12,Miss,OFF,,150.0,FLR_M01569521,testing,Day_6,2026-05-06T180453Z,test_last,test_sessions_last,all_trials
14,11619.993984,11635.580992,5.010015999998359,-1,12,Miss,OFF,,150.0,FLR_M01569521,testing,Day_6,2026-05-06T180453Z,test_last,test_sessions_last,all_trials
15,11636.580992,11688.409504,3.537503999999899,10,12,Failure,OFF,-40.0,150.0,FLR_M01569521,testing,Day_6,2026-05-06T180453Z,test_last,test_sessions_last,all_trials
16,11689.409504,11713.844992,5.022016000000804,-1,12,Miss,OFF,,150.0,FLR_M01569521,testing,Day_6,2026-05-06T180453Z,test_last,test_sessions_last,all_trials
17,11714.844992,11729.73248,5.009504000001471,-1,12,Miss,OFF,,150.0,FLR_M01569521,testing,Day_6,2026-05-06T180453Z,test_last,test_sessions_last,all_trials
18,11730.73248,11746.712,3.8919999999998254,12,12,Success,OFF,0.0,150.0,FLR_M01569521,testing,Day_6,2026-05-06T180453Z,test_last,test_sessions_last,all_trials
19,11747.712,11765.1,5.028000000000247,-1,12,Miss,OFF,,150.0,FLR_M01569521,testing,Day_6,2026-05-06T180453Z,test_last,test_sessions_last,all_trials
20,11766.1,11834.28,1.7590080000009038,12,12,Success,OFF,0.0,150.0,FLR_M01569521,testing,Day_6,2026-05-06T180453Z,test_last,test_sessions_last,all_trials
21,11835.28,11845.566976,3.1459840000006807,12,12,Success,OFF,0.0,150.0,FLR_M01569521,testing,Day_6,2026-05-06T180453Z,test_last,test_sessions_last,all_trials
22,11846.566976,11861.980992,5.010016000000178,-1,12,Miss,OFF,,150.0,FLR_M01569521,testing,Day_6,2026-05-06T180453Z,test_last,test_sessions_last,all_trials
23,11862.980992,11877.002496,3.4315199999982724,11,12,Failure,OFF,-20.0,150.0,FLR_M01569521,testing,Day_6,2026-05-06T180453Z,test_last,test_sessions_last,all_trials
24,11878.002496,11894.529984,5.008992000000944,-1,12,Miss,OFF,,150.0,FLR_M01569521,testing,Day_6,2026-05-06T180453Z,test_last,test_sessions_last,all_trials
25,11895.529984,11920.381504,5.010528000000704,-1,12,Miss,OFF,,150.0,FLR_M01569521,testing,Day_6,2026-05-06T180453Z,test_last,test_sessions_last,all_trials
26,11921.381504,11940.612,3.9399999999986903,12,12,Success,OFF,0.0,150.0,FLR_M01569521,testing,Day_6,2026-05-06T180453Z,test_last,test_sessions_last,all_trials
27,11941.612,11956.181504,5.010528000000704,-1,12,Miss,OFF,,150.0,FLR_M01569521,testing,Day_6,2026-05-06T180453Z,test_last,test_sessions_last,all_trials
28,11957.181504,11975.387488,2.7165120000008756,12,12,Success,OFF,0.0,150.0,FLR_M01569521,testing,Day_6,2026-05-06T180453Z,test_last,test_sessions_last,all_trials
29,11976.387488,11991.35648,4.383487999999488,12,12,Success,OFF,0.0,150.0,FLR_M01569521,testing,Day_6,2026-05-06T180453Z,test_last,test_sessions_last,all_trials
30,11992.35648,12012.078976,5.007999999999811,-1,12,Miss,OFF,,150.0,FLR_M01569521,testing,Day_6,2026-05-06T180453Z,test_last,test_sessions_last,all_trials
31,12013.078976,12024.784992,5.01299199999994,-1,12,Miss,OFF,,150.0,FLR_M01569521,testing,Day_6,2026-05-06T180453Z,test_last,test_sessions_last,all_trials
32,12025.784992,12038.948,5.027008000000933,-1,12,Miss,OFF,,150.0,FLR_M01569521,testing,Day_6,2026-05-06T180453Z,test_last,test_sessions_last,all_trials
33,12039.948,12066.044,2.023008000000118,12,12,Success,OFF,0.0,150.0,FLR_M01569521,testing,Day_6,2026-05-06T180453Z,test_last,test_sessions_last,all_trials
34,12067.044,12078.497984,5.02598399999988,-1,12,Miss,OFF,,150.0,FLR_M01569521,testing,Day_6,2026-05-06T180453Z,test_last,test_sessions_last,all_trials
35,12079.497984,12104.68,5.007999999999811,-1,12,Miss,OFF,,150.0,FLR_M01569521,testing,Day_6,2026-05-06T180453Z,test_last,test_sessions_last,all_trials
36,12105.68,12122.833984,5.012000000000626,-1,12,Miss,OFF,,150.0,FLR_M01569521,testing,Day_6,2026-05-06T180453Z,test_last,test_sessions_last,all_trials
37,12123.833984,12141.400992,5.027008000000933,-1,12,Miss,OFF,,150.0,FLR_M01569521,testing,Day_6,2026-05-06T180453Z,test_last,test_sessions_last,all_trials
38,12142.400992,12159.730976,5.008992000000944,-1,12,Miss,OFF,,150.0,FLR_M01569521,testing,Day_6,2026-05-06T180453Z,test_last,test_sessions_last,all_trials
39,12160.730976,12175.243488,5.021504000000277,-1,12,Miss,OFF,,150.0,FLR_M01569521,testing,Day_6,2026-05-06T180453Z,test_last,test_sessions_last,all_trials
40,12176.243488,12194.024992,4.303008000000773,12,12,Success,OFF,0.0,150.0,FLR_M01569521,testing,Day_6,2026-05-06T180453Z,test_last,test_sessions_last,all_trials
41,12195.024992,12209.64448,5.019488000001729,-1,12,Miss,OFF,,150.0,FLR_M01569521,testing,Day_6,2026-05-06T180453Z,test_last,test_sessions_last,all_trials
42,12210.64448,12223.633984,2.71100800000022,12,12,Success,OFF,0.0,150.0,FLR_M01569521,testing,Day_6,2026-05-06T180453Z,test_last,test_sessions_last,all_trials
43,12224.633984,12238.794976,3.2229759999991074,12,12,Success,OFF,0.0,150.0,FLR_M01569521,testing,Day_6,2026-05-06T180453Z,test_last,test_sessions_last,all_trials
44,12239.794976,12250.770976,4.196991999999227,12,12,Success,OFF,0.0,150.0,FLR_M01569521,testing,Day_6,2026-05-06T180453Z,test_last,test_sessions_last,all_trials
45,12251.770976,12264.580992,4.559007999998357,12,12,Success,OFF,0.0,150.0,FLR_M01569521,testing,Day_6,2026-05-06T180453Z,test_last,test_sessions_last,all_trials
46,12265.580992,12276.863488,2.3904959999999846,12,12,Success,OFF,0.0,150.0,FLR_M01569521,testing,Day_6,2026-05-06T180453Z,test_last,test_sessions_last,all_trials
47,12277.863488,12292.036,5.010016000000178,-1,12,Miss,OFF,,150.0,FLR_M01569521,testing,Day_6,2026-05-06T180453Z,test_last,test_sessions_last,all_trials
48,12293.036,12309.988992,5.019008000001122,-1,12,Miss,OFF,,150.0,FLR_M01569521,testing,Day_6,2026-05-06T180453Z,test_last,test_sessions_last,all_trials
49,12310.988992,12330.989984,3.5200000000004366,12,12,Success,OFF,0.0,150.0,FLR_M01569521,testing,Day_6,2026-05-06T180453Z,test_last,test_sessions_last,all_trials
50,12331.989984,12346.01248,4.291487999998935,12,12,Success,OFF,0.0,150.0,FLR_M01569521,testing,Day_6,2026-05-06T180453Z,test_last,test_sessions_last,all_trials
51,12347.01248,12357.865984,4.393984000000273,12,12,Success,OFF,0.0,150.0,FLR_M01569521,testing,Day_6,2026-05-06T180453Z,test_last,test_sessions_last,all_trials
52,12358.865984,12376.358016,2.537023999999292,12,12,Success,OFF,0.0,150.0,FLR_M01569521,testing,Day_6,2026-05-06T180453Z,test_last,test_sessions_last,all_trials
53,12377.358016,12390.109504,2.1375040000002627,12,12,Success,OFF,0.0,150.0,FLR_M01569521,testing,Day_6,2026-05-06T180453Z,test_last,test_sessions_last,all_trials
54,12391.109504,12401.425984,3.703008000000409,12,12,Success,OFF,0.0,150.0,FLR_M01569521,testing,Day_6,2026-05-06T180453Z,test_last,test_sessions_last,all_trials
55,12402.425984,12411.845984,1.575007999999798,12,12,Success,OFF,0.0,150.0,FLR_M01569521,testing,Day_6,2026-05-06T180453Z,test_last,test_sessions_last,all_trials
56,12412.845984,12425.108192,3.6862079999991693,12,12,Success,OFF,0.0,150.0,FLR_M01569521,testing,Day_6,2026-05-06T180453Z,test_last,test_sessions_last,all_trials
57,12426.108192,12441.425984,3.4550079999989975,12,12,Success,OFF,0.0,150.0,FLR_M01569521,testing,Day_6,2026-05-06T180453Z,test_last,test_sessions_last,all_trials
58,12442.425984,12460.640992,2.9200000000000728,12,12,Success,OFF,0.0,150.0,FLR_M01569521,testing,Day_6,2026-05-06T180453Z,test_last,test_sessions_last,all_trials
59,12461.640992,12482.941504,5.018528000000515,-1,12,Miss,OFF,,150.0,FLR_M01569521,testing,Day_6,2026-05-06T180453Z,test_last,test_sessions_last,all_trials
60,12483.941504,12498.250976,4.978975999998511,12,12,Success,OFF,0.0,150.0,FLR_M01569521,testing,Day_6,2026-05-06T180453Z,test_last,test_sessions_last,all_trials
61,12499.250976,12509.250496,3.029504000000088,12,12,Success,OFF,0.0,150.0,FLR_M01569521,testing,Day_6,2026-05-06T180453Z,test_last,test_sessions_last,all_trials
62,12510.250496,12522.40848,2.537503999999899,12,12,Success,OFF,0.0,150.0,FLR_M01569521,testing,Day_6,2026-05-06T180453Z,test_last,test_sessions_last,all_trials
63,12523.40848,12536.345984,2.125984000000244,12,12,Success,OFF,0.0,150.0,FLR_M01569521,testing,Day_6,2026-05-06T180453Z,test_last,test_sessions_last,all_trials
64,12537.345984,12548.624992,2.403999999998632,12,12,Success,OFF,0.0,150.0,FLR_M01569521,testing,Day_6,2026-05-06T180453Z,test_last,test_sessions_last,all_trials
65,12549.624992,12559.52,1.8000000000010914,12,12,Success,OFF,0.0,150.0,FLR_M01569521,testing,Day_6,2026-05-06T180453Z,test_last,test_sessions_last,all_trials
66,12560.52,12572.445984,2.3249919999998383,12,12,Success,OFF,0.0,150.0,FLR_M01569521,testing,Day_6,2026-05-06T180453Z,test_last,test_sessions_last,all_trials
67,12573.445984,12596.35648,4.385503999999855,12,12,Success,OFF,0.0,150.0,FLR_M01569521,testing,Day_6,2026-05-06T180453Z,test_last,test_sessions_last,all_trials
68,12597.35648,12762.252992,5.031007999999929,-1,12,Miss,OFF,,150.0,FLR_M01569521,testing,Day_6,2026-05-06T180453Z,test_last,test_sessions_last,all_trials
69,12763.252992,12783.257504,4.737503999998808,12,12,Success,OFF,0.0,150.0,FLR_M01569521,testing,Day_6,2026-05-06T180453Z,test_last,test_sessions_last,all_trials
70,12784.257504,12795.372992,2.6009919999996782,12,12,Success,OFF,0.0,150.0,FLR_M01569521,testing,Day_6,2026-05-06T180453Z,test_last,test_sessions_last,all_trials
71,12796.372992,12810.240992,3.870015999998941,12,12,Success,OFF,0.0,150.0,FLR_M01569521,testing,Day_6,2026-05-06T180453Z,test_last,test_sessions_last,all_trials
72,12811.240992,12848.832,5.0090240000008635,-1,12,Miss,OFF,,150.0,FLR_M01569521,testing,Day_6,2026-05-06T180453Z,test_last,test_sessions_last,all_trials
73,12849.832,12860.094496,1.8715200000006007,12,12,Success,OFF,0.0,150.0,FLR_M01569521,testing,Day_6,2026-05-06T180453Z,test_last,test_sessions_last,all_trials
74,12861.094496,12876.981984,5.012000000000626,-1,12,Miss,OFF,,150.0,FLR_M01569521,testing,Day_6,2026-05-06T180453Z,test_last,test_sessions_last,all_trials
75,12877.981984,12892.674976,2.004000000000815,12,12,Success,OFF,0.0,150.0,FLR_M01569521,testing,Day_6,2026-05-06T180453Z,test_last,test_sessions_last,all_trials
76,12893.674976,12904.98,2.209023999999772,12,12,Success,OFF,0.0,150.0,FLR_M01569521,testing,Day_6,2026-05-06T180453Z,test_last,test_sessions_last,all_trials
77,12905.98,12917.880992,3.7609919999995327,12,12,Success,OFF,0.0,150.0,FLR_M01569521,testing,Day_6,2026-05-06T180453Z,test_last,test_sessions_last,all_trials
78,12918.880992,12927.6,2.079008000000613,12,12,Success,OFF,0.0,150.0,FLR_M01569521,testing,Day_6,2026-05-06T180453Z,test_last,test_sessions_last,all_trials
79,12928.6,12940.682496,3.7605119999989256,12,12,Success,OFF,0.0,150.0,FLR_M01569521,testing,Day_6,2026-05-06T180453Z,test_last,test_sessions_last,all_trials
80,12941.682496,12957.485984,1.4639999999999418,12,12,Success,OFF,0.0,150.0,FLR_M01569521,testing,Day_6,2026-05-06T180453Z,test_last,test_sessions_last,all_trials
81,12958.485984,12986.902976,2.0809919999992417,12,12,Success,OFF,0.0,150.0,FLR_M01569521,testing,Day_6,2026-05-06T180453Z,test_last,test_sessions_last,all_trials
82,12987.902976,13001.622976,4.452000000001135,12,12,Success,OFF,0.0,150.0,FLR_M01569521,testing,Day_6,2026-05-06T180453Z,test_last,test_sessions_last,all_trials
83,13002.622976,13013.90848,2.2855039999994915,12,12,Success,OFF,0.0,150.0,FLR_M01569521,testing,Day_6,2026-05-06T180453Z,test_last,test_sessions_last,all_trials
84,13014.90848,13034.049984,4.22899199999847,12,12,Success,OFF,0.0,150.0,FLR_M01569521,testing,Day_6,2026-05-06T180453Z,test_last,test_sessions_last,all_trials
85,13035.049984,13044.814496,3.443520000000717,12,12,Success,OFF,0.0,150.0,FLR_M01569521,testing,Day_6,2026-05-06T180453Z,test_last,test_sessions_last,all_trials
86,13045.814496,13073.781984,5.011999999998807,-1,12,Miss,OFF,,150.0,FLR_M01569521,testing,Day_6,2026-05-06T180453Z,test_last,test_sessions_last,all_trials
87,13074.781984,13214.821984,3.9009920000007696,12,12,Success,OFF,0.0,150.0,FLR_M01569521,testing,Day_6,2026-05-06T180453Z,test_last,test_sessions_last,all_trials
88,13215.821984,13490.178976,4.008991999999125,12,12,Success,OFF,0.0,150.0,FLR_M01569521,testing,Day_6,2026-05-06T180453Z,test_last,test_sessions_last,all_trials
89,13491.178976,13517.881984,5.011999999998807,-1,12,Miss,OFF,,150.0,FLR_M01569521,testing,Day_6,2026-05-06T180453Z,test_last,test_sessions_last,all_trials
90,13518.881984,13667.683488,5.012512000001152,-1,12,Miss,OFF,,150.0,FLR_M01569521,testing,Day_6,2026-05-06T180453Z,test_last,test_sessions_last,all_trials
91,13668.683488,13680.439488,2.1184959999991406,12,12,Success,OFF,0.0,150.0,FLR_M01569521,testing,Day_6,2026-05-06T180453Z,test_last,test_sessions_last,all_trials
92,13681.439488,13707.181984,5.01299199999994,-1,12,Miss,OFF,,150.0,FLR_M01569521,testing,Day_6,2026-05-06T180453Z,test_last,test_sessions_last,all_trials
93,13708.181984,13740.736992,4.015999999999622,12,12,Success,OFF,0.0,150.0,FLR_M01569521,testing,Day_6,2026-05-06T180453Z,test_last,test_sessions_last,all_trials
94,13741.736992,13779.903488,4.383487999999488,12,12,Success,OFF,0.0,150.0,FLR_M01569521,testing,Day_6,2026-05-06T180453Z,test_last,test_sessions_last,all_trials
95,13780.903488,13836.097504,2.4775039999985893,12,12,Success,OFF,0.0,150.0,FLR_M01569521,testing,Day_6,2026-05-06T180453Z,test_last,test_sessions_last,all_trials
96,13837.097504,13855.332992,5.01299199999994,-1,12,Miss,OFF,,150.0,FLR_M01569521,testing,Day_6,2026-05-06T180453Z,test_last,test_sessions_last,all_trials
97,13856.332992,13874.024992,3.9550080000008165,12,12,Success,OFF,0.0,150.0,FLR_M01569521,testing,Day_6,2026-05-06T180453Z,test_last,test_sessions_last,all_trials
98,13875.024992,13888.764,3.6410239999986516,12,12,Success,OFF,0.0,150.0,FLR_M01569521,testing,Day_6,2026-05-06T180453Z,test_last,test_sessions_last,all_trials
99,13889.764,13901.101984,1.9819840000000113,12,12,Success,OFF,0.0,150.0,FLR_M01569521,testing,Day_6,2026-05-06T180453Z,test_last,test_sessions_last,all_trials
100,13902.101984,13916.468992,3.8980159999991884,12,12,Success,OFF,0.0,150.0,FLR_M01569521,testing,Day_6,2026-05-06T180453Z,test_last,test_sessions_last,all_trials
101,13917.468992,13931.818976,2.5979839999999967,12,12,Success,OFF,0.0,150.0,FLR_M01569521,testing,Day_6,2026-05-06T180453Z,test_last,test_sessions_last,all_trials
102,13932.818976,13943.874976,3.2039999999997235,12,12,Success,OFF,0.0,150.0,FLR_M01569521,testing,Day_6,2026-05-06T180453Z,test_last,test_sessions_last,all_trials
103,13944.874976,13958.232,5.012000000000626,12,12,Success,OFF,0.0,150.0,FLR_M01569521,testing,Day_6,2026-05-06T180453Z,test_last,test_sessions_last,all_trials
104,13959.232,13982.733984,2.963999999999942,12,12,Success,OFF,0.0,150.0,FLR_M01569521,testing,Day_6,2026-05-06T180453Z,test_last,test_sessions_last,all_trials
105,13983.733984,13995.252,1.0810240000009799,12,12,Success,OFF,0.0,150.0,FLR_M01569521,testing,Day_6,2026-05-06T180453Z,test_last,test_sessions_last,all_trials
106,13996.252,14010.452992,4.283999999999651,12,12,Success,OFF,0.0,150.0,FLR_M01569521,testing,Day_6,2026-05-06T180453Z,test_last,test_sessions_last,all_trials
107,14011.452992,14021.046976,2.426975999998831,12,12,Success,OFF,0.0,150.0,FLR_M01569521,testing,Day_6,2026-05-06T180453Z,test_last,test_sessions_last,all_trials
108,14022.046976,14045.184992,5.015008000000307,-1,12,Miss,OFF,,150.0,FLR_M01569521,testing,Day_6,2026-05-06T180453Z,test_last,test_sessions_last,all_trials
109,14046.184992,14061.634496,3.763520000000426,12,12,Success,OFF,0.0,150.0,FLR_M01569521,testing,Day_6,2026-05-06T180453Z,test_last,test_sessions_last,all_trials
110,14062.634496,14074.950976,2.930975999999646,12,12,Success,OFF,0.0,150.0,FLR_M01569521,testing,Day_6,2026-05-06T180453Z,test_last,test_sessions_last,all_trials
111,14075.950976,14086.593984,1.8239999999987049,12,12,Success,OFF,0.0,150.0,FLR_M01569521,testing,Day_6,2026-05-06T180453Z,test_last,test_sessions_last,all_trials
112,14087.593984,14105.628,3.157024000000092,12,12,Success,OFF,0.0,150.0,FLR_M01569521,testing,Day_6,2026-05-06T180453Z,test_last,test_sessions_last,all_trials
113,14106.628,14146.036,5.015999999999622,-1,12,Miss,OFF,,150.0,FLR_M01569521,testing,Day_6,2026-05-06T180453Z,test_last,test_sessions_last,all_trials
22,36612.082976,36621.58848,5.021503999996639,-1,6,Miss,OFF,,400.0,FLR_M01569521,testing,Day_7,2026-05-07T184152Z,test_last,test_sessions_last,all_trials
23,36622.58848,36628.684,5.017024000000674,-1,6,Miss,OFF,,400.0,FLR_M01569521,testing,Day_7,2026-05-07T184152Z,test_last,test_sessions_last,all_trials
24,36629.684,36635.787488,5.020512000002782,-1,6,Miss,OFF,,400.0,FLR_M01569521,testing,Day_7,2026-05-07T184152Z,test_last,test_sessions_last,all_trials
25,36636.787488,36644.882976,5.016992000004393,-1,6,Miss,OFF,,400.0,FLR_M01569521,testing,Day_7,2026-05-07T184152Z,test_last,test_sessions_last,all_trials
26,36645.882976,36652.528,5.011008000001311,-1,6,Miss,OFF,,400.0,FLR_M01569521,testing,Day_7,2026-05-07T184152Z,test_last,test_sessions_last,all_trials
27,36653.528,36667.808992,3.392992000000959,6,6,Success,OFF,0.0,150.0,FLR_M01569521,testing,Day_7,2026-05-07T184152Z,test_last,test_sessions_last,all_trials
28,36668.808992,36683.080992,3.563008000004629,6,6,Success,OFF,0.0,150.0,FLR_M01569521,testing,Day_7,2026-05-07T184152Z,test_last,test_sessions_last,all_trials
29,36684.080992,36701.682976,5.013983999997436,-1,6,Miss,OFF,,150.0,FLR_M01569521,testing,Day_7,2026-05-07T184152Z,test_last,test_sessions_last,all_trials
30,36702.682976,36716.288992,2.7230080000008456,6,6,Success,OFF,0.0,150.0,FLR_M01569521,testing,Day_7,2026-05-07T184152Z,test_last,test_sessions_last,all_trials
31,36717.288992,36732.18848,5.021503999996639,-1,6,Miss,OFF,,150.0,FLR_M01569521,testing,Day_7,2026-05-07T184152Z,test_last,test_sessions_last,all_trials
32,36733.18848,36765.370976,4.354975999995077,6,6,Success,OFF,0.0,150.0,FLR_M01569521,testing,Day_7,2026-05-07T184152Z,test_last,test_sessions_last,all_trials
33,36766.370976,36778.459488,3.742495999998937,6,6,Success,OFF,0.0,150.0,FLR_M01569521,testing,Day_7,2026-05-07T184152Z,test_last,test_sessions_last,all_trials
34,36779.459488,36797.570976,3.0049920000019483,6,6,Success,OFF,0.0,150.0,FLR_M01569521,testing,Day_7,2026-05-07T184152Z,test_last,test_sessions_last,all_trials
35,36798.570976,36808.177984,2.7609920000031707,6,6,Success,OFF,0.0,150.0,FLR_M01569521,testing,Day_7,2026-05-07T184152Z,test_last,test_sessions_last,all_trials
36,36809.177984,36823.580992,2.1640000000043074,6,6,Success,OFF,0.0,150.0,FLR_M01569521,testing,Day_7,2026-05-07T184152Z,test_last,test_sessions_last,all_trials
37,36824.580992,36838.503488,3.387488000000303,6,6,Success,OFF,0.0,150.0,FLR_M01569521,testing,Day_7,2026-05-07T184152Z,test_last,test_sessions_last,all_trials
38,36839.503488,36849.90848,2.541504000000714,6,6,Success,OFF,0.0,150.0,FLR_M01569521,testing,Day_7,2026-05-07T184152Z,test_last,test_sessions_last,all_trials
39,36850.90848,36869.116,3.599999999998545,6,6,Success,OFF,0.0,150.0,FLR_M01569521,testing,Day_7,2026-05-07T184152Z,test_last,test_sessions_last,all_trials
40,36870.116,36881.145984,2.479008000002068,6,6,Success,OFF,0.0,150.0,FLR_M01569521,testing,Day_7,2026-05-07T184152Z,test_last,test_sessions_last,all_trials
41,36882.145984,36902.138976,5.020992000005208,-1,6,Miss,OFF,,150.0,FLR_M01569521,testing,Day_7,2026-05-07T184152Z,test_last,test_sessions_last,all_trials
42,36903.138976,36917.292,3.475008000001253,6,6,Success,OFF,0.0,150.0,FLR_M01569521,testing,Day_7,2026-05-07T184152Z,test_last,test_sessions_last,all_trials
43,36918.292,36928.886976,5.020992000005208,-1,6,Miss,OFF,,150.0,FLR_M01569521,testing,Day_7,2026-05-07T184152Z,test_last,test_sessions_last,all_trials
44,36929.886976,36942.152992,3.836992000004102,6,6,Success,OFF,0.0,150.0,FLR_M01569521,testing,Day_7,2026-05-07T184152Z,test_last,test_sessions_last,all_trials
45,36943.152992,36953.402496,2.485504000003857,6,6,Success,OFF,0.0,150.0,FLR_M01569521,testing,Day_7,2026-05-07T184152Z,test_last,test_sessions_last,all_trials
46,36954.402496,36969.333504,5.0175040000031,-1,6,Miss,OFF,,150.0,FLR_M01569521,testing,Day_7,2026-05-07T184152Z,test_last,test_sessions_last,all_trials
47,36970.333504,36982.296,1.4780160000009346,6,6,Success,OFF,0.0,150.0,FLR_M01569521,testing,Day_7,2026-05-07T184152Z,test_last,test_sessions_last,all_trials
48,36983.296,36996.288992,2.872000000003027,6,6,Success,OFF,0.0,150.0,FLR_M01569521,testing,Day_7,2026-05-07T184152Z,test_last,test_sessions_last,all_trials
49,36997.288992,37014.6,5.033023999996658,-1,6,Miss,OFF,,150.0,FLR_M01569521,testing,Day_7,2026-05-07T184152Z,test_last,test_sessions_last,all_trials
50,37015.6,37032.681984,5.013984000004712,-1,6,Miss,OFF,,150.0,FLR_M01569521,testing,Day_7,2026-05-07T184152Z,test_last,test_sessions_last,all_trials
51,37033.681984,37048.933984,4.0680000000065775,6,6,Success,OFF,0.0,150.0,FLR_M01569521,testing,Day_7,2026-05-07T184152Z,test_last,test_sessions_last,all_trials
52,37049.933984,37062.033984,3.7169920000014827,6,6,Success,OFF,0.0,150.0,FLR_M01569521,testing,Day_7,2026-05-07T184152Z,test_last,test_sessions_last,all_trials
53,37063.033984,37079.741504,2.6765119999981835,6,6,Success,OFF,0.0,150.0,FLR_M01569521,testing,Day_7,2026-05-07T184152Z,test_last,test_sessions_last,all_trials
54,37080.741504,37093.528,3.9590079999979935,6,6,Success,OFF,0.0,150.0,FLR_M01569521,testing,Day_7,2026-05-07T184152Z,test_last,test_sessions_last,all_trials
55,37094.528,37109.58448,5.014495999996143,-1,6,Miss,OFF,,150.0,FLR_M01569521,testing,Day_7,2026-05-07T184152Z,test_last,test_sessions_last,all_trials
56,37110.58448,37131.046976,3.3299839999963297,6,6,Success,OFF,0.0,150.0,FLR_M01569521,testing,Day_7,2026-05-07T184152Z,test_last,test_sessions_last,all_trials
57,37132.046976,37146.13648,5.020479999999225,-1,6,Miss,OFF,,150.0,FLR_M01569521,testing,Day_7,2026-05-07T184152Z,test_last,test_sessions_last,all_trials
58,37147.13648,37162.316992,3.400000000001455,6,6,Success,OFF,0.0,150.0,FLR_M01569521,testing,Day_7,2026-05-07T184152Z,test_last,test_sessions_last,all_trials
59,37163.316992,37173.336,2.569024000003992,6,6,Success,OFF,0.0,150.0,FLR_M01569521,testing,Day_7,2026-05-07T184152Z,test_last,test_sessions_last,all_trials
60,37174.336,37184.754976,3.0889919999972335,6,6,Success,OFF,0.0,150.0,FLR_M01569521,testing,Day_7,2026-05-07T184152Z,test_last,test_sessions_last,all_trials
61,37185.754976,37195.374976,2.2079999999987194,6,6,Success,OFF,0.0,150.0,FLR_M01569521,testing,Day_7,2026-05-07T184152Z,test_last,test_sessions_last,all_trials
62,37196.374976,37207.433504,1.9665279999971972,6,6,Success,OFF,0.0,150.0,FLR_M01569521,testing,Day_7,2026-05-07T184152Z,test_last,test_sessions_last,all_trials
63,37208.433504,37226.528,3.4110079999954905,6,6,Success,OFF,0.0,150.0,FLR_M01569521,testing,Day_7,2026-05-07T184152Z,test_last,test_sessions_last,all_trials
64,37227.528,37246.568992,4.900992000002589,6,6,Success,OFF,0.0,150.0,FLR_M01569521,testing,Day_7,2026-05-07T184152Z,test_last,test_sessions_last,all_trials
65,37247.568992,37261.452,4.034015999997791,6,6,Success,OFF,0.0,150.0,FLR_M01569521,testing,Day_7,2026-05-07T184152Z,test_last,test_sessions_last,all_trials
66,37262.452,37274.216992,3.7500159999981406,6,6,Success,OFF,0.0,150.0,FLR_M01569521,testing,Day_7,2026-05-07T184152Z,test_last,test_sessions_last,all_trials
67,37275.216992,37285.764992,2.696991999997408,6,6,Success,OFF,0.0,150.0,FLR_M01569521,testing,Day_7,2026-05-07T184152Z,test_last,test_sessions_last,all_trials
68,37286.764992,37298.084992,5.019007999995665,-1,6,Miss,OFF,,150.0,FLR_M01569521,testing,Day_7,2026-05-07T184152Z,test_last,test_sessions_last,all_trials
69,37299.084992,37312.245984,3.5299840000006952,6,6,Success,OFF,0.0,150.0,FLR_M01569521,testing,Day_7,2026-05-07T184152Z,test_last,test_sessions_last,all_trials
70,37313.245984,37323.486976,2.020991999997932,6,6,Success,OFF,0.0,150.0,FLR_M01569521,testing,Day_7,2026-05-07T184152Z,test_last,test_sessions_last,all_trials
71,37324.486976,37335.006496,2.738496000005398,6,6,Success,OFF,0.0,150.0,FLR_M01569521,testing,Day_7,2026-05-07T184152Z,test_last,test_sessions_last,all_trials
72,37336.006496,37347.638496,1.9235199999966426,6,6,Success,OFF,0.0,150.0,FLR_M01569521,testing,Day_7,2026-05-07T184152Z,test_last,test_sessions_last,all_trials
73,37348.638496,37361.806976,2.3909760000024107,6,6,Success,OFF,0.0,150.0,FLR_M01569521,testing,Day_7,2026-05-07T184152Z,test_last,test_sessions_last,all_trials
1,37436.926976,37452.220992,5.084000000002561,-1,6,Miss,OFF,,150.0,FLR_M01569521,testing,Day_7,2026-05-07T190228Z,test_last,test_sessions_last,all_trials
2,37453.220992,37463.756992,2.3169920000000275,6,6,Success,OFF,0.0,150.0,FLR_M01569521,testing,Day_7,2026-05-07T190228Z,test_last,test_sessions_last,all_trials
3,37464.756992,37476.976,3.088000000003376,6,6,Success,OFF,0.0,150.0,FLR_M01569521,testing,Day_7,2026-05-07T190228Z,test_last,test_sessions_last,all_trials
4,37477.976,37488.856,3.418016000003263,6,6,Success,OFF,0.0,150.0,FLR_M01569521,testing,Day_7,2026-05-07T190228Z,test_last,test_sessions_last,all_trials
5,37489.856,37509.260992,2.972992000002705,6,6,Success,OFF,0.0,150.0,FLR_M01569521,testing,Day_7,2026-05-07T190228Z,test_last,test_sessions_last,all_trials
6,37510.260992,37527.957984,5.019008000002941,-1,6,Miss,OFF,,150.0,FLR_M01569521,testing,Day_7,2026-05-07T190228Z,test_last,test_sessions_last,all_trials
7,37528.957984,37558.257984,3.817984000001161,6,6,Success,OFF,0.0,150.0,FLR_M01569521,testing,Day_7,2026-05-07T190228Z,test_last,test_sessions_last,all_trials
8,37559.257984,37575.200992,5.011999999995169,-1,6,Miss,OFF,,150.0,FLR_M01569521,testing,Day_7,2026-05-07T190228Z,test_last,test_sessions_last,all_trials
9,37576.200992,37598.276992,1.788992000001599,6,6,Success,OFF,0.0,150.0,FLR_M01569521,testing,Day_7,2026-05-07T190228Z,test_last,test_sessions_last,all_trials
10,37599.276992,37633.356992,5.019008000002941,-1,6,Miss,OFF,,150.0,FLR_M01569521,testing,Day_7,2026-05-07T190228Z,test_last,test_sessions_last,all_trials
11,37634.356992,37682.936,2.598016000003554,6,6,Success,OFF,0.0,150.0,FLR_M01569521,testing,Day_7,2026-05-07T190228Z,test_last,test_sessions_last,all_trials
12,37683.936,37721.450976,5.010975999997754,-1,6,Miss,OFF,,150.0,FLR_M01569521,testing,Day_7,2026-05-07T190228Z,test_last,test_sessions_last,all_trials
13,37722.450976,37733.244992,2.5049920000019483,6,6,Success,OFF,0.0,150.0,FLR_M01569521,testing,Day_7,2026-05-07T190228Z,test_last,test_sessions_last,all_trials
14,37734.244992,37747.817984,3.1310080000039306,6,6,Success,OFF,0.0,150.0,FLR_M01569521,testing,Day_7,2026-05-07T190228Z,test_last,test_sessions_last,all_trials
15,37748.817984,37770.557984,2.619008000001486,6,6,Success,OFF,0.0,150.0,FLR_M01569521,testing,Day_7,2026-05-07T190228Z,test_last,test_sessions_last,all_trials
16,37771.557984,37788.304992,2.4670079999996233,6,6,Success,OFF,0.0,150.0,FLR_M01569521,testing,Day_7,2026-05-07T190228Z,test_last,test_sessions_last,all_trials
17,37789.304992,37810.518976,3.1809920000014245,6,6,Success,OFF,0.0,150.0,FLR_M01569521,testing,Day_7,2026-05-07T190228Z,test_last,test_sessions_last,all_trials
18,37811.518976,37827.016,3.6770240000041667,6,6,Success,OFF,0.0,150.0,FLR_M01569521,testing,Day_7,2026-05-07T190228Z,test_last,test_sessions_last,all_trials
19,37828.016,37853.153504,2.6635200000018813,6,6,Success,OFF,0.0,150.0,FLR_M01569521,testing,Day_7,2026-05-07T190228Z,test_last,test_sessions_last,all_trials
20,37854.153504,37872.461984,2.475008000001253,6,6,Success,OFF,0.0,150.0,FLR_M01569521,testing,Day_7,2026-05-07T190228Z,test_last,test_sessions_last,all_trials
21,37873.461984,37900.630496,3.393503999999666,6,6,Success,OFF,0.0,150.0,FLR_M01569521,testing,Day_7,2026-05-07T190228Z,test_last,test_sessions_last,all_trials
22,37901.630496,37910.249984,2.0139840000047116,6,6,Success,OFF,0.0,150.0,FLR_M01569521,testing,Day_7,2026-05-07T190228Z,test_last,test_sessions_last,all_trials
23,37911.249984,37958.496992,4.810016000003088,6,6,Success,OFF,0.0,150.0,FLR_M01569521,testing,Day_7,2026-05-07T190228Z,test_last,test_sessions_last,all_trials
24,37959.496992,37969.892992,2.455999999998312,6,6,Success,OFF,0.0,150.0,FLR_M01569521,testing,Day_7,2026-05-07T190228Z,test_last,test_sessions_last,all_trials
25,37970.892992,37983.325504,1.9365120000002207,6,6,Success,OFF,0.0,150.0,FLR_M01569521,testing,Day_7,2026-05-07T190228Z,test_last,test_sessions_last,all_trials
26,37984.325504,37994.872,1.6340160000036121,6,6,Success,OFF,0.0,150.0,FLR_M01569521,testing,Day_7,2026-05-07T190228Z,test_last,test_sessions_last,all_trials
27,37995.872,38007.213984,1.2769919999991544,6,6,Success,OFF,0.0,150.0,FLR_M01569521,testing,Day_7,2026-05-07T190228Z,test_last,test_sessions_last,all_trials
28,38008.213984,38019.985984,1.449983999998949,6,6,Success,OFF,0.0,150.0,FLR_M01569521,testing,Day_7,2026-05-07T190228Z,test_last,test_sessions_last,all_trials
29,38020.985984,38035.377984,3.6899839999969117,6,6,Success,OFF,0.0,150.0,FLR_M01569521,testing,Day_7,2026-05-07T190228Z,test_last,test_sessions_last,all_trials
30,38036.377984,38052.124,2.18601600000693,6,6,Success,OFF,0.0,150.0,FLR_M01569521,testing,Day_7,2026-05-07T190228Z,test_last,test_sessions_last,all_trials
31,38053.124,38085.454976,2.3689920000033453,6,6,Success,OFF,0.0,150.0,FLR_M01569521,testing,Day_7,2026-05-07T190228Z,test_last,test_sessions_last,all_trials
32,38086.454976,38118.025504,2.4865279999939958,6,6,Success,OFF,0.0,150.0,FLR_M01569521,testing,Day_7,2026-05-07T190228Z,test_last,test_sessions_last,all_trials
33,38119.025504,38129.492992,3.0049920000019483,6,6,Success,OFF,0.0,150.0,FLR_M01569521,testing,Day_7,2026-05-07T190228Z,test_last,test_sessions_last,all_trials
34,38130.492992,38151.764992,2.330015999999887,6,6,Success,OFF,0.0,150.0,FLR_M01569521,testing,Day_7,2026-05-07T190228Z,test_last,test_sessions_last,all_trials
35,38152.764992,38168.604,2.217023999997764,6,6,Success,OFF,0.0,150.0,FLR_M01569521,testing,Day_7,2026-05-07T190228Z,test_last,test_sessions_last,all_trials
36,38169.604,38181.698976,3.462976000002527,6,6,Success,OFF,0.0,150.0,FLR_M01569521,testing,Day_7,2026-05-07T190228Z,test_last,test_sessions_last,all_trials
37,38182.698976,38197.160992,2.422015999996802,6,6,Success,OFF,0.0,150.0,FLR_M01569521,testing,Day_7,2026-05-07T190228Z,test_last,test_sessions_last,all_trials
38,38198.160992,38294.051488,5.015487999997276,-1,6,Miss,OFF,,150.0,FLR_M01569521,testing,Day_7,2026-05-07T190228Z,test_last,test_sessions_last,all_trials
11,6722.886496,6741.365504,5.023520000000644,-1,15,Miss,OFF,,150.0,FbR_M01569522,testing,Day_1,2026-04-30T170040Z,test_last,test_sessions_last,last_40
12,6742.365504,6753.313504,5.023519999999735,-1,15,Miss,OFF,,150.0,FbR_M01569522,testing,Day_1,2026-04-30T170040Z,test_last,test_sessions_last,last_40
13,6754.313504,6770.351488,5.011488000000099,-1,15,Miss,OFF,,150.0,FbR_M01569522,testing,Day_1,2026-04-30T170040Z,test_last,test_sessions_last,last_40
14,6771.351488,6786.436992,3.9960000000000946,15,15,Success,OFF,0.0,150.0,FbR_M01569522,testing,Day_1,2026-04-30T170040Z,test_last,test_sessions_last,last_40
15,6787.436992,6804.904992,4.212991999999758,15,15,Success,OFF,0.0,150.0,FbR_M01569522,testing,Day_1,2026-04-30T170040Z,test_last,test_sessions_last,last_40
16,6805.904992,6821.224992,2.1329920000007405,15,15,Success,OFF,0.0,150.0,FbR_M01569522,testing,Day_1,2026-04-30T170040Z,test_last,test_sessions_last,last_40
17,6822.224992,6835.993504,3.4535040000000663,16,15,Failure,OFF,20.0,150.0,FbR_M01569522,testing,Day_1,2026-04-30T170040Z,test_last,test_sessions_last,last_40
18,6836.993504,6852.521792,2.1817919999994047,15,15,Success,OFF,0.0,150.0,FbR_M01569522,testing,Day_1,2026-04-30T170040Z,test_last,test_sessions_last,last_40
19,6853.521792,6863.222496,2.4335040000005392,15,15,Success,OFF,0.0,150.0,FbR_M01569522,testing,Day_1,2026-04-30T170040Z,test_last,test_sessions_last,last_40
20,6864.222496,6880.08048,3.0404799999996612,15,15,Success,OFF,0.0,150.0,FbR_M01569522,testing,Day_1,2026-04-30T170040Z,test_last,test_sessions_last,last_40
21,6881.08048,6896.153984,1.7639999999992142,15,15,Success,OFF,0.0,150.0,FbR_M01569522,testing,Day_1,2026-04-30T170040Z,test_last,test_sessions_last,last_40
22,6897.153984,6933.788,4.647007999999914,15,15,Success,OFF,0.0,150.0,FbR_M01569522,testing,Day_1,2026-04-30T170040Z,test_last,test_sessions_last,last_40
23,6934.788,6950.084,2.242016000000149,15,15,Success,OFF,0.0,150.0,FbR_M01569522,testing,Day_1,2026-04-30T170040Z,test_last,test_sessions_last,last_40
24,6951.084,6970.636992,2.6480000000001382,15,15,Success,OFF,0.0,150.0,FbR_M01569522,testing,Day_1,2026-04-30T170040Z,test_last,test_sessions_last,last_40
25,6971.636992,6984.59648,2.406496000000516,15,15,Success,OFF,0.0,150.0,FbR_M01569522,testing,Day_1,2026-04-30T170040Z,test_last,test_sessions_last,last_40
26,6985.59648,6999.089984,2.40099199999986,15,15,Success,OFF,0.0,150.0,FbR_M01569522,testing,Day_1,2026-04-30T170040Z,test_last,test_sessions_last,last_40
27,7000.089984,7008.816992,0.8760000000002037,15,15,Success,OFF,0.0,150.0,FbR_M01569522,testing,Day_1,2026-04-30T170040Z,test_last,test_sessions_last,last_40
28,7009.816992,7019.725984,2.484991999999693,16,15,Failure,OFF,20.0,150.0,FbR_M01569522,testing,Day_1,2026-04-30T170040Z,test_last,test_sessions_last,last_40
29,7020.725984,7030.66048,2.6215039999997316,15,15,Success,OFF,0.0,150.0,FbR_M01569522,testing,Day_1,2026-04-30T170040Z,test_last,test_sessions_last,last_40
30,7031.66048,7050.777504,4.337504000000081,15,15,Success,OFF,0.0,150.0,FbR_M01569522,testing,Day_1,2026-04-30T170040Z,test_last,test_sessions_last,last_40
31,7051.777504,7060.537984,2.197983999999451,15,15,Success,OFF,0.0,150.0,FbR_M01569522,testing,Day_1,2026-04-30T170040Z,test_last,test_sessions_last,last_40
32,7061.537984,7075.621984,2.5830080000005182,15,15,Success,OFF,0.0,150.0,FbR_M01569522,testing,Day_1,2026-04-30T170040Z,test_last,test_sessions_last,last_40
33,7076.621984,7094.425984,3.1859840000006443,15,15,Success,OFF,0.0,150.0,FbR_M01569522,testing,Day_1,2026-04-30T170040Z,test_last,test_sessions_last,last_40
34,7095.425984,7113.940992,2.500992000000224,16,15,Failure,OFF,20.0,150.0,FbR_M01569522,testing,Day_1,2026-04-30T170040Z,test_last,test_sessions_last,last_40
35,7114.940992,7133.74,1.5999999999994543,15,15,Success,OFF,0.0,150.0,FbR_M01569522,testing,Day_1,2026-04-30T170040Z,test_last,test_sessions_last,last_40
36,7134.74,7143.073984,1.8830079999997906,15,15,Success,OFF,0.0,150.0,FbR_M01569522,testing,Day_1,2026-04-30T170040Z,test_last,test_sessions_last,last_40
37,7144.073984,7161.249984,1.8609919999998965,15,15,Success,OFF,0.0,150.0,FbR_M01569522,testing,Day_1,2026-04-30T170040Z,test_last,test_sessions_last,last_40
14,30956.889504,30971.921984,1.6899840000005497,6,6,Success,OFF,0.0,150.0,FbR_M01569522,testing,Day_2,2026-05-01T182520Z,test_last,test_sessions_last,last_40
15,30972.921984,30991.532992,3.4009919999989506,6,6,Success,OFF,0.0,150.0,FbR_M01569522,testing,Day_2,2026-05-01T182520Z,test_last,test_sessions_last,last_40
16,30992.532992,31008.368992,2.135999999998603,7,6,Failure,OFF,20.0,150.0,FbR_M01569522,testing,Day_2,2026-05-01T182520Z,test_last,test_sessions_last,last_40
17,31009.368992,31020.298976,2.2669759999989765,6,6,Success,OFF,0.0,150.0,FbR_M01569522,testing,Day_2,2026-05-01T182520Z,test_last,test_sessions_last,last_40
18,31021.298976,31037.968,1.8840000000018335,6,6,Success,OFF,0.0,150.0,FbR_M01569522,testing,Day_2,2026-05-01T182520Z,test_last,test_sessions_last,last_40
19,31038.968,31057.316992,1.884991999999329,6,6,Success,OFF,0.0,150.0,FbR_M01569522,testing,Day_2,2026-05-01T182520Z,test_last,test_sessions_last,last_40
20,31058.316992,31083.029984,3.997984000001452,6,6,Success,OFF,0.0,150.0,FbR_M01569522,testing,Day_2,2026-05-01T182520Z,test_last,test_sessions_last,last_40
21,31084.029984,31098.650976,2.1160000000018044,7,6,Failure,OFF,20.0,150.0,FbR_M01569522,testing,Day_2,2026-05-01T182520Z,test_last,test_sessions_last,last_40
22,31099.650976,31124.176992,3.6910080000016023,6,6,Success,OFF,0.0,150.0,FbR_M01569522,testing,Day_2,2026-05-01T182520Z,test_last,test_sessions_last,last_40
23,31125.176992,31156.343488,5.010495999998966,-1,6,Miss,OFF,,150.0,FbR_M01569522,testing,Day_2,2026-05-01T182520Z,test_last,test_sessions_last,last_40
24,31157.343488,31176.141984,5.00800000000163,-1,6,Miss,OFF,,150.0,FbR_M01569522,testing,Day_2,2026-05-01T182520Z,test_last,test_sessions_last,last_40
25,31177.141984,31212.994976,5.012992000003578,-1,6,Miss,OFF,,150.0,FbR_M01569522,testing,Day_2,2026-05-01T182520Z,test_last,test_sessions_last,last_40
26,31213.994976,31244.458976,1.3760000000002037,7,6,Failure,OFF,20.0,150.0,FbR_M01569522,testing,Day_2,2026-05-01T182520Z,test_last,test_sessions_last,last_40
27,31245.458976,31261.936992,4.9550080000008165,6,6,Success,OFF,0.0,150.0,FbR_M01569522,testing,Day_2,2026-05-01T182520Z,test_last,test_sessions_last,last_40
28,31262.936992,31282.929984,2.347007999997004,15,6,Failure,OFF,-180.0,150.0,FbR_M01569522,testing,Day_2,2026-05-01T182520Z,test_last,test_sessions_last,last_40
29,31283.929984,31301.63248,2.050495999999839,8,6,Failure,OFF,40.0,150.0,FbR_M01569522,testing,Day_2,2026-05-01T182520Z,test_last,test_sessions_last,last_40
30,31302.63248,31321.26,5.027999999998428,-1,6,Miss,OFF,,150.0,FbR_M01569522,testing,Day_2,2026-05-01T182520Z,test_last,test_sessions_last,last_40
31,31322.26,31517.157984,5.02598399999988,-1,6,Miss,OFF,,150.0,FbR_M01569522,testing,Day_2,2026-05-01T182520Z,test_last,test_sessions_last,last_40
32,31518.157984,31548.89248,5.009503999997833,-1,6,Miss,OFF,,150.0,FbR_M01569522,testing,Day_2,2026-05-01T182520Z,test_last,test_sessions_last,last_40
33,31549.89248,31569.760992,5.027999999998428,-1,6,Miss,OFF,,150.0,FbR_M01569522,testing,Day_2,2026-05-01T182520Z,test_last,test_sessions_last,last_40
34,31570.760992,31587.748,1.8150080000013986,7,6,Failure,OFF,20.0,150.0,FbR_M01569522,testing,Day_2,2026-05-01T182520Z,test_last,test_sessions_last,last_40
35,31588.748,31608.672,1.139999999999418,6,6,Success,OFF,0.0,150.0,FbR_M01569522,testing,Day_2,2026-05-01T182520Z,test_last,test_sessions_last,last_40
36,31609.672,31621.512,4.879999999997381,7,6,Failure,OFF,20.0,150.0,FbR_M01569522,testing,Day_2,2026-05-01T182520Z,test_last,test_sessions_last,last_40
37,31622.512,31639.557504,4.425503999998909,7,6,Failure,OFF,20.0,150.0,FbR_M01569522,testing,Day_2,2026-05-01T182520Z,test_last,test_sessions_last,last_40
38,31640.557504,31662.918496,1.3375039999991714,6,6,Success,OFF,0.0,150.0,FbR_M01569522,testing,Day_2,2026-05-01T182520Z,test_last,test_sessions_last,last_40
39,31663.918496,31682.796,3.7119999999995343,7,6,Failure,OFF,20.0,150.0,FbR_M01569522,testing,Day_2,2026-05-01T182520Z,test_last,test_sessions_last,last_40
40,31683.796,31700.486976,2.5539840000019467,7,6,Failure,OFF,20.0,150.0,FbR_M01569522,testing,Day_2,2026-05-01T182520Z,test_last,test_sessions_last,last_40
41,31701.486976,31709.980992,2.5990080000010494,6,6,Success,OFF,0.0,150.0,FbR_M01569522,testing,Day_2,2026-05-01T182520Z,test_last,test_sessions_last,last_40
42,31710.980992,31718.477984,0.9459840000017721,6,6,Success,OFF,0.0,150.0,FbR_M01569522,testing,Day_2,2026-05-01T182520Z,test_last,test_sessions_last,last_40
43,31719.477984,31737.644,3.213024000000587,6,6,Success,OFF,0.0,150.0,FbR_M01569522,testing,Day_2,2026-05-01T182520Z,test_last,test_sessions_last,last_40
44,31738.644,31758.00848,3.025504000001092,7,6,Failure,OFF,20.0,150.0,FbR_M01569522,testing,Day_2,2026-05-01T182520Z,test_last,test_sessions_last,last_40
45,31759.00848,31777.76048,3.3295040000011795,6,6,Success,OFF,0.0,150.0,FbR_M01569522,testing,Day_2,2026-05-01T182520Z,test_last,test_sessions_last,last_40
46,31778.76048,31794.133984,2.4529919999986305,6,6,Success,OFF,0.0,150.0,FbR_M01569522,testing,Day_2,2026-05-01T182520Z,test_last,test_sessions_last,last_40
47,31795.133984,31821.16,5.029023999999481,-1,6,Miss,OFF,,150.0,FbR_M01569522,testing,Day_2,2026-05-01T182520Z,test_last,test_sessions_last,last_40
48,31822.16,31841.182976,4.851999999998952,6,6,Success,OFF,0.0,150.0,FbR_M01569522,testing,Day_2,2026-05-01T182520Z,test_last,test_sessions_last,last_40
49,31842.182976,31859.158976,3.0759999999972933,6,6,Success,OFF,0.0,150.0,FbR_M01569522,testing,Day_2,2026-05-01T182520Z,test_last,test_sessions_last,last_40
50,31860.158976,31885.94,5.0090239999990445,-1,6,Miss,OFF,,150.0,FbR_M01569522,testing,Day_2,2026-05-01T182520Z,test_last,test_sessions_last,last_40
51,31886.94,31916.532992,2.6520000000018626,16,6,Failure,OFF,-160.0,150.0,FbR_M01569522,testing,Day_2,2026-05-01T182520Z,test_last,test_sessions_last,last_40
52,31917.532992,32265.657984,5.0240000000012515,-1,6,Miss,OFF,,150.0,FbR_M01569522,testing,Day_2,2026-05-01T182520Z,test_last,test_sessions_last,last_40
53,32266.657984,32322.143488,5.010496000002604,-1,6,Miss,OFF,,150.0,FbR_M01569522,testing,Day_2,2026-05-01T182520Z,test_last,test_sessions_last,last_40
36,19670.798496,19709.34848,2.772479999999632,14,14,Success,OFF,0.0,150.0,FbR_M01569522,testing,Day_3,2026-05-02T170316Z,test_last,test_sessions_last,last_40
37,19710.34848,19737.78,4.205023999998957,14,14,Success,OFF,0.0,150.0,FbR_M01569522,testing,Day_3,2026-05-02T170316Z,test_last,test_sessions_last,last_40
38,19738.78,19777.388,5.011999999998807,-1,14,Miss,OFF,,150.0,FbR_M01569522,testing,Day_3,2026-05-02T170316Z,test_last,test_sessions_last,last_40
39,19778.388,19794.642976,5.016992000000755,-1,14,Miss,OFF,,150.0,FbR_M01569522,testing,Day_3,2026-05-02T170316Z,test_last,test_sessions_last,last_40
40,19795.642976,19808.892,5.01801599999817,-1,14,Miss,OFF,,150.0,FbR_M01569522,testing,Day_3,2026-05-02T170316Z,test_last,test_sessions_last,last_40
41,19809.892,19832.042976,5.0179840000018885,-1,14,Miss,OFF,,150.0,FbR_M01569522,testing,Day_3,2026-05-02T170316Z,test_last,test_sessions_last,last_40
42,19833.042976,19861.641984,5.01600000000326,-1,14,Miss,OFF,,150.0,FbR_M01569522,testing,Day_3,2026-05-02T170316Z,test_last,test_sessions_last,last_40
43,19862.641984,19878.650496,1.876511999998911,14,14,Success,OFF,0.0,150.0,FbR_M01569522,testing,Day_3,2026-05-02T170316Z,test_last,test_sessions_last,last_40
44,19879.650496,19898.622976,1.547999999998865,14,14,Success,OFF,0.0,150.0,FbR_M01569522,testing,Day_3,2026-05-02T170316Z,test_last,test_sessions_last,last_40
45,19899.622976,19921.752,3.778016000000207,14,14,Success,OFF,0.0,150.0,FbR_M01569522,testing,Day_3,2026-05-02T170316Z,test_last,test_sessions_last,last_40
46,19922.752,19945.432992,3.8089919999983977,14,14,Success,OFF,0.0,150.0,FbR_M01569522,testing,Day_3,2026-05-02T170316Z,test_last,test_sessions_last,last_40
47,19946.432992,19966.176,2.3519999999989523,14,14,Success,OFF,0.0,150.0,FbR_M01569522,testing,Day_3,2026-05-02T170316Z,test_last,test_sessions_last,last_40
48,19967.176,19993.029984,4.556000000000495,14,14,Success,OFF,0.0,150.0,FbR_M01569522,testing,Day_3,2026-05-02T170316Z,test_last,test_sessions_last,last_40
49,19994.029984,20015.006976,2.9320000000006985,14,14,Success,OFF,0.0,150.0,FbR_M01569522,testing,Day_3,2026-05-02T170316Z,test_last,test_sessions_last,last_40
50,20016.006976,20033.458976,4.184992000002239,14,14,Success,OFF,0.0,150.0,FbR_M01569522,testing,Day_3,2026-05-02T170316Z,test_last,test_sessions_last,last_40
51,20034.458976,20052.94448,1.7714879999984987,14,14,Success,OFF,0.0,150.0,FbR_M01569522,testing,Day_3,2026-05-02T170316Z,test_last,test_sessions_last,last_40
52,20053.94448,20073.36,1.7370240000018384,14,14,Success,OFF,0.0,150.0,FbR_M01569522,testing,Day_3,2026-05-02T170316Z,test_last,test_sessions_last,last_40
53,20074.36,20096.385984,3.0619839999999385,14,14,Success,OFF,0.0,150.0,FbR_M01569522,testing,Day_3,2026-05-02T170316Z,test_last,test_sessions_last,last_40
54,20097.385984,20115.288,5.014016000000993,-1,14,Miss,OFF,,150.0,FbR_M01569522,testing,Day_3,2026-05-02T170316Z,test_last,test_sessions_last,last_40
55,20116.288,20128.725984,2.2019839999993565,14,14,Success,OFF,0.0,150.0,FbR_M01569522,testing,Day_3,2026-05-02T170316Z,test_last,test_sessions_last,last_40
56,20129.725984,20191.437984,5.01299199999994,-1,14,Miss,OFF,,150.0,FbR_M01569522,testing,Day_3,2026-05-02T170316Z,test_last,test_sessions_last,last_40
57,20192.437984,20227.301984,3.625984000002063,14,14,Success,OFF,0.0,150.0,FbR_M01569522,testing,Day_3,2026-05-02T170316Z,test_last,test_sessions_last,last_40
58,20228.301984,20244.668,2.3919999999998254,14,14,Success,OFF,0.0,150.0,FbR_M01569522,testing,Day_3,2026-05-02T170316Z,test_last,test_sessions_last,last_40
59,20245.668,20361.461984,4.739008000000467,14,14,Success,OFF,0.0,150.0,FbR_M01569522,testing,Day_3,2026-05-02T170316Z,test_last,test_sessions_last,last_40
60,20362.461984,20385.668992,2.344991999998456,14,14,Success,OFF,0.0,150.0,FbR_M01569522,testing,Day_3,2026-05-02T170316Z,test_last,test_sessions_last,last_40
61,20386.668992,20434.548992,2.9759999999987485,15,14,Failure,OFF,20.0,150.0,FbR_M01569522,testing,Day_3,2026-05-02T170316Z,test_last,test_sessions_last,last_40
62,20435.548992,20452.228,1.504000000000815,14,14,Success,OFF,0.0,150.0,FbR_M01569522,testing,Day_3,2026-05-02T170316Z,test_last,test_sessions_last,last_40
63,20453.228,20471.572,2.7999999999992724,14,14,Success,OFF,0.0,150.0,FbR_M01569522,testing,Day_3,2026-05-02T170316Z,test_last,test_sessions_last,last_40
64,20472.572,20490.890496,2.7645120000015595,14,14,Success,OFF,0.0,150.0,FbR_M01569522,testing,Day_3,2026-05-02T170316Z,test_last,test_sessions_last,last_40
65,20491.890496,20502.896,2.9230080000015732,14,14,Success,OFF,0.0,150.0,FbR_M01569522,testing,Day_3,2026-05-02T170316Z,test_last,test_sessions_last,last_40
66,20503.896,20530.537984,5.015999999999622,-1,14,Miss,OFF,,150.0,FbR_M01569522,testing,Day_3,2026-05-02T170316Z,test_last,test_sessions_last,last_40
67,20531.537984,20550.205504,4.833504000001994,14,14,Success,OFF,0.0,150.0,FbR_M01569522,testing,Day_3,2026-05-02T170316Z,test_last,test_sessions_last,last_40
68,20551.205504,20585.44,5.017023999997036,-1,14,Miss,OFF,,150.0,FbR_M01569522,testing,Day_3,2026-05-02T170316Z,test_last,test_sessions_last,last_40
69,20586.44,20625.24,2.117024000002857,16,14,Failure,OFF,40.0,150.0,FbR_M01569522,testing,Day_3,2026-05-02T170316Z,test_last,test_sessions_last,last_40
70,20626.24,20639.090496,2.818495999999868,14,14,Success,OFF,0.0,150.0,FbR_M01569522,testing,Day_3,2026-05-02T170316Z,test_last,test_sessions_last,last_40
71,20640.090496,20664.942976,5.020991999997932,-1,14,Miss,OFF,,150.0,FbR_M01569522,testing,Day_3,2026-05-02T170316Z,test_last,test_sessions_last,last_40
72,20665.942976,20687.392,5.01801599999817,-1,14,Miss,OFF,,150.0,FbR_M01569522,testing,Day_3,2026-05-02T170316Z,test_last,test_sessions_last,last_40
73,20688.392,20715.142976,5.020991999997932,-1,14,Miss,OFF,,150.0,FbR_M01569522,testing,Day_3,2026-05-02T170316Z,test_last,test_sessions_last,last_40
74,20716.142976,20748.866976,3.7960000000020955,14,14,Success,OFF,0.0,150.0,FbR_M01569522,testing,Day_3,2026-05-02T170316Z,test_last,test_sessions_last,last_40
75,20749.866976,20776.64448,5.020479999999225,-1,14,Miss,OFF,,150.0,FbR_M01569522,testing,Day_3,2026-05-02T170316Z,test_last,test_sessions_last,last_40
32,16136.930976,16146.601984,2.464992000001075,5,5,Success,OFF,0.0,150.0,FbR_M01569522,testing,Day_4,2026-05-03T164101Z,test_last,test_sessions_last,last_40
33,16147.601984,16226.822976,3.985983999999007,5,5,Success,OFF,0.0,150.0,FbR_M01569522,testing,Day_4,2026-05-03T164101Z,test_last,test_sessions_last,last_40
34,16227.822976,16243.838976,2.8529919999982667,5,5,Success,OFF,0.0,150.0,FbR_M01569522,testing,Day_4,2026-05-03T164101Z,test_last,test_sessions_last,last_40
35,16244.838976,16274.8,5.013023999999859,-1,5,Miss,OFF,,150.0,FbR_M01569522,testing,Day_4,2026-05-03T164101Z,test_last,test_sessions_last,last_40
36,16275.8,16310.802976,5.016000000001441,-1,5,Miss,OFF,,150.0,FbR_M01569522,testing,Day_4,2026-05-03T164101Z,test_last,test_sessions_last,last_40
37,16311.802976,16323.752992,5.015008000000307,-1,5,Miss,OFF,,150.0,FbR_M01569522,testing,Day_4,2026-05-03T164101Z,test_last,test_sessions_last,last_40
38,16324.752992,16358.851488,2.4154880000005505,5,5,Success,OFF,0.0,150.0,FbR_M01569522,testing,Day_4,2026-05-03T164101Z,test_last,test_sessions_last,last_40
39,16359.851488,16372.648,2.8110079999987647,5,5,Success,OFF,0.0,150.0,FbR_M01569522,testing,Day_4,2026-05-03T164101Z,test_last,test_sessions_last,last_40
40,16373.648,16392.726976,1.4909760000009555,5,5,Success,OFF,0.0,150.0,FbR_M01569522,testing,Day_4,2026-05-03T164101Z,test_last,test_sessions_last,last_40
41,16393.726976,16403.309984,2.821983999998338,5,5,Success,OFF,0.0,150.0,FbR_M01569522,testing,Day_4,2026-05-03T164101Z,test_last,test_sessions_last,last_40
42,16404.309984,16456.742976,3.9569920000030834,5,5,Success,OFF,0.0,150.0,FbR_M01569522,testing,Day_4,2026-05-03T164101Z,test_last,test_sessions_last,last_40
43,16457.742976,16471.250976,2.263999999999214,5,5,Success,OFF,0.0,150.0,FbR_M01569522,testing,Day_4,2026-05-03T164101Z,test_last,test_sessions_last,last_40
44,16472.250976,16492.908,2.6199999999989814,5,5,Success,OFF,0.0,150.0,FbR_M01569522,testing,Day_4,2026-05-03T164101Z,test_last,test_sessions_last,last_40
45,16493.908,16509.024992,4.538015999998606,5,5,Success,OFF,0.0,150.0,FbR_M01569522,testing,Day_4,2026-05-03T164101Z,test_last,test_sessions_last,last_40
46,16510.024992,16530.592992,4.056992000001628,5,5,Success,OFF,0.0,150.0,FbR_M01569522,testing,Day_4,2026-05-03T164101Z,test_last,test_sessions_last,last_40
47,16531.592992,16555.66048,4.624479999998584,5,5,Success,OFF,0.0,150.0,FbR_M01569522,testing,Day_4,2026-05-03T164101Z,test_last,test_sessions_last,last_40
48,16556.66048,16583.264,3.579008000000613,5,5,Success,OFF,0.0,150.0,FbR_M01569522,testing,Day_4,2026-05-03T164101Z,test_last,test_sessions_last,last_40
49,16584.264,16602.345504,4.154527999999118,5,5,Success,OFF,0.0,150.0,FbR_M01569522,testing,Day_4,2026-05-03T164101Z,test_last,test_sessions_last,last_40
50,16603.345504,16616.284992,2.3489919999992708,5,5,Success,OFF,0.0,150.0,FbR_M01569522,testing,Day_4,2026-05-03T164101Z,test_last,test_sessions_last,last_40
51,16617.284992,16630.152,5.015007999998488,-1,5,Miss,OFF,,150.0,FbR_M01569522,testing,Day_4,2026-05-03T164101Z,test_last,test_sessions_last,last_40
52,16631.152,16654.252992,2.9169920000022103,5,5,Success,OFF,0.0,150.0,FbR_M01569522,testing,Day_4,2026-05-03T164101Z,test_last,test_sessions_last,last_40
53,16655.252992,16671.526496,3.989503999997396,5,5,Success,OFF,0.0,150.0,FbR_M01569522,testing,Day_4,2026-05-03T164101Z,test_last,test_sessions_last,last_40
54,16672.526496,16694.621984,1.836992000000464,5,5,Success,OFF,0.0,150.0,FbR_M01569522,testing,Day_4,2026-05-03T164101Z,test_last,test_sessions_last,last_40
55,16695.621984,16717.949984,2.365984000000026,5,5,Success,OFF,0.0,150.0,FbR_M01569522,testing,Day_4,2026-05-03T164101Z,test_last,test_sessions_last,last_40
56,16718.949984,16734.297984,2.4110079999991285,4,5,Failure,OFF,-20.0,150.0,FbR_M01569522,testing,Day_4,2026-05-03T164101Z,test_last,test_sessions_last,last_40
57,16735.297984,16778.949984,4.164991999998165,5,5,Success,OFF,0.0,150.0,FbR_M01569522,testing,Day_4,2026-05-03T164101Z,test_last,test_sessions_last,last_40
58,16779.949984,16791.492992,2.807007999999769,5,5,Success,OFF,0.0,150.0,FbR_M01569522,testing,Day_4,2026-05-03T164101Z,test_last,test_sessions_last,last_40
59,16792.492992,16819.025984,1.9910080000008747,5,5,Success,OFF,0.0,150.0,FbR_M01569522,testing,Day_4,2026-05-03T164101Z,test_last,test_sessions_last,last_40
60,16820.025984,16839.404992,2.5200000000004366,5,5,Success,OFF,0.0,150.0,FbR_M01569522,testing,Day_4,2026-05-03T164101Z,test_last,test_sessions_last,last_40
61,16840.404992,16869.333984,2.900000000001455,5,5,Success,OFF,0.0,150.0,FbR_M01569522,testing,Day_4,2026-05-03T164101Z,test_last,test_sessions_last,last_40
62,16870.333984,16889.747488,5.0135040000022855,-1,5,Miss,OFF,,150.0,FbR_M01569522,testing,Day_4,2026-05-03T164101Z,test_last,test_sessions_last,last_40
63,16890.747488,16916.08,1.0430080000005546,5,5,Success,OFF,0.0,150.0,FbR_M01569522,testing,Day_4,2026-05-03T164101Z,test_last,test_sessions_last,last_40
64,16917.08,16927.612,1.4780160000009346,5,5,Success,OFF,0.0,150.0,FbR_M01569522,testing,Day_4,2026-05-03T164101Z,test_last,test_sessions_last,last_40
65,16928.612,16943.928992,1.8449920000020938,5,5,Success,OFF,0.0,150.0,FbR_M01569522,testing,Day_4,2026-05-03T164101Z,test_last,test_sessions_last,last_40
66,16944.928992,16960.595488,5.009503999997833,-1,5,Miss,OFF,,150.0,FbR_M01569522,testing,Day_4,2026-05-03T164101Z,test_last,test_sessions_last,last_40
67,16961.595488,16992.397984,3.6640000000006694,5,5,Success,OFF,0.0,150.0,FbR_M01569522,testing,Day_4,2026-05-03T164101Z,test_last,test_sessions_last,last_40
68,16993.397984,17003.038976,1.6489919999985432,5,5,Success,OFF,0.0,150.0,FbR_M01569522,testing,Day_4,2026-05-03T164101Z,test_last,test_sessions_last,last_40
69,17004.038976,17015.004,2.4700159999993048,5,5,Success,OFF,0.0,150.0,FbR_M01569522,testing,Day_4,2026-05-03T164101Z,test_last,test_sessions_last,last_40
70,17016.004,17033.905984,2.669984000000113,5,5,Success,OFF,0.0,150.0,FbR_M01569522,testing,Day_4,2026-05-03T164101Z,test_last,test_sessions_last,last_40
71,17034.905984,17062.822368,3.4373760000016773,5,5,Success,OFF,0.0,150.0,FbR_M01569522,testing,Day_4,2026-05-03T164101Z,test_last,test_sessions_last,last_40
6,31076.774496,31098.756,5.019008000002941,-1,17,Miss,OFF,,150.0,FbR_M01569522,testing,Day_6,2026-05-05T182002Z,test_last,test_sessions_last,last_40
7,31099.756,31107.586496,1.200511999999435,5,17,Failure,OFF,120.0,150.0,FbR_M01569522,testing,Day_6,2026-05-05T182002Z,test_last,test_sessions_last,last_40
8,31108.586496,31132.276992,4.538015999998606,11,17,Failure,OFF,-120.0,150.0,FbR_M01569522,testing,Day_6,2026-05-05T182002Z,test_last,test_sessions_last,last_40
9,31133.276992,31156.612,4.8230079999993904,6,17,Failure,OFF,140.0,150.0,FbR_M01569522,testing,Day_6,2026-05-05T182002Z,test_last,test_sessions_last,last_40
10,31157.612,31174.48832,2.0513280000013765,2,17,Failure,OFF,60.0,150.0,FbR_M01569522,testing,Day_6,2026-05-05T182002Z,test_last,test_sessions_last,last_40
11,31175.48832,31261.803488,5.016512000001967,-1,17,Miss,OFF,,150.0,FbR_M01569522,testing,Day_6,2026-05-05T182002Z,test_last,test_sessions_last,last_40
12,31262.803488,31278.801504,5.0145279999997,-1,17,Miss,OFF,,150.0,FbR_M01569522,testing,Day_6,2026-05-05T182002Z,test_last,test_sessions_last,last_40
13,31279.801504,31310.998496,1.7595199999996112,14,17,Failure,OFF,-60.0,150.0,FbR_M01569522,testing,Day_6,2026-05-05T182002Z,test_last,test_sessions_last,last_40
14,31311.998496,31559.579488,2.5925119999992603,17,17,Success,OFF,0.0,150.0,FbR_M01569522,testing,Day_6,2026-05-05T182002Z,test_last,test_sessions_last,last_40
15,31560.579488,31587.05248,5.015487999997276,-1,17,Miss,OFF,,150.0,FbR_M01569522,testing,Day_6,2026-05-05T182002Z,test_last,test_sessions_last,last_40
16,31588.05248,31603.767488,3.629504000000452,6,17,Failure,OFF,140.0,150.0,FbR_M01569522,testing,Day_6,2026-05-05T182002Z,test_last,test_sessions_last,last_40
17,31604.767488,31615.801216,2.6132160000015574,1,17,Failure,OFF,40.0,150.0,FbR_M01569522,testing,Day_6,2026-05-05T182002Z,test_last,test_sessions_last,last_40
18,31616.801216,31631.953504,5.0145279999997,-1,17,Miss,OFF,,150.0,FbR_M01569522,testing,Day_6,2026-05-05T182002Z,test_last,test_sessions_last,last_40
10,31858.144992,31871.690496,5.0195199999980105,-1,17,Miss,OFF,,150.0,FbR_M01569522,testing,Day_6,2026-05-05T183211Z,test_last,test_sessions_last,last_40
11,31872.690496,31891.789984,5.0179839999982505,-1,17,Miss,OFF,,150.0,FbR_M01569522,testing,Day_6,2026-05-05T183211Z,test_last,test_sessions_last,last_40
12,31892.789984,31905.786976,5.011999999998807,-1,17,Miss,OFF,,150.0,FbR_M01569522,testing,Day_6,2026-05-05T183211Z,test_last,test_sessions_last,last_40
13,31906.786976,31917.044832,2.5738559999990684,0,17,Failure,OFF,20.0,150.0,FbR_M01569522,testing,Day_6,2026-05-05T183211Z,test_last,test_sessions_last,last_40
14,31918.044832,31933.742976,5.02099200000157,-1,17,Miss,OFF,,150.0,FbR_M01569522,testing,Day_6,2026-05-05T183211Z,test_last,test_sessions_last,last_40
15,31934.742976,32024.180992,5.00800000000163,-1,17,Miss,OFF,,150.0,FbR_M01569522,testing,Day_6,2026-05-05T183211Z,test_last,test_sessions_last,last_40
16,32025.180992,32049.433984,3.160992000000988,17,17,Success,OFF,0.0,150.0,FbR_M01569522,testing,Day_6,2026-05-05T183211Z,test_last,test_sessions_last,last_40
17,32050.433984,32069.816,2.042015999999421,4,17,Failure,OFF,100.0,150.0,FbR_M01569522,testing,Day_6,2026-05-05T183211Z,test_last,test_sessions_last,last_40
18,32070.816,32137.396,1.1740160000008473,15,17,Failure,OFF,-40.0,150.0,FbR_M01569522,testing,Day_6,2026-05-05T183211Z,test_last,test_sessions_last,last_40
19,32138.396,32214.611776,3.9387840000017604,2,17,Failure,OFF,60.0,150.0,FbR_M01569522,testing,Day_6,2026-05-05T183211Z,test_last,test_sessions_last,last_40
20,32215.611776,32277.733984,2.16099199999735,14,17,Failure,OFF,-60.0,150.0,FbR_M01569522,testing,Day_6,2026-05-05T183211Z,test_last,test_sessions_last,last_40
11,32608.38848,32623.085984,5.011008000001311,-1,17,Miss,OFF,,150.0,FbR_M01569522,testing,Day_6,2026-05-05T184441Z,test_last,test_sessions_last,last_40
12,32624.085984,32640.408224,4.132223999997223,17,17,Success,OFF,0.0,150.0,FbR_M01569522,testing,Day_6,2026-05-05T184441Z,test_last,test_sessions_last,last_40
13,32641.408224,32661.442976,5.016991999997117,-1,17,Miss,OFF,,150.0,FbR_M01569522,testing,Day_6,2026-05-05T184441Z,test_last,test_sessions_last,last_40
14,32662.442976,32684.093984,4.267007999998896,11,17,Failure,OFF,-120.0,150.0,FbR_M01569522,testing,Day_6,2026-05-05T184441Z,test_last,test_sessions_last,last_40
15,32685.093984,32696.281984,3.855999999999767,14,17,Failure,OFF,-60.0,150.0,FbR_M01569522,testing,Day_6,2026-05-05T184441Z,test_last,test_sessions_last,last_40
16,32697.281984,32724.539488,2.6135039999971923,17,17,Success,OFF,0.0,150.0,FbR_M01569522,testing,Day_6,2026-05-05T184441Z,test_last,test_sessions_last,last_40
17,32725.539488,32742.731552,3.5065600000016275,0,17,Failure,OFF,20.0,150.0,FbR_M01569522,testing,Day_6,2026-05-05T184441Z,test_last,test_sessions_last,last_40
18,32743.731552,32810.338976,5.009983999996621,-1,17,Miss,OFF,,150.0,FbR_M01569522,testing,Day_6,2026-05-05T184441Z,test_last,test_sessions_last,last_40
19,32811.338976,32863.942976,5.0179839999982505,-1,17,Miss,OFF,,150.0,FbR_M01569522,testing,Day_6,2026-05-05T184441Z,test_last,test_sessions_last,last_40
20,32864.942976,32921.421984,3.8479999999981374,16,17,Failure,OFF,-20.0,150.0,FbR_M01569522,testing,Day_6,2026-05-05T184441Z,test_last,test_sessions_last,last_40
15,2843.347488,2862.269504,2.0725119999997332,5,4,Failure,OFF,20.0,150.0,FbR_M01569522,testing,Day_7,2026-05-06T153817Z,test_last,test_sessions_last,last_40
16,2863.269504,2875.114976,5.016991999999846,-1,4,Miss,OFF,,150.0,FbR_M01569522,testing,Day_7,2026-05-06T153817Z,test_last,test_sessions_last,last_40
17,2876.114976,2902.001984,2.255008000000089,4,4,Success,OFF,0.0,150.0,FbR_M01569522,testing,Day_7,2026-05-06T153817Z,test_last,test_sessions_last,last_40
18,2903.001984,2919.232,2.433023999999932,5,4,Failure,OFF,20.0,150.0,FbR_M01569522,testing,Day_7,2026-05-06T153817Z,test_last,test_sessions_last,last_40
19,2920.232,2931.215488,2.11849600000005,4,4,Success,OFF,0.0,150.0,FbR_M01569522,testing,Day_7,2026-05-06T153817Z,test_last,test_sessions_last,last_40
20,2932.215488,2976.618976,5.020992000000206,-1,4,Miss,OFF,,150.0,FbR_M01569522,testing,Day_7,2026-05-06T153817Z,test_last,test_sessions_last,last_40
21,2977.618976,3021.016992,5.019007999999758,-1,4,Miss,OFF,,150.0,FbR_M01569522,testing,Day_7,2026-05-06T153817Z,test_last,test_sessions_last,last_40
22,3022.016992,3138.509504,3.0125120000002426,7,4,Failure,OFF,60.0,150.0,FbR_M01569522,testing,Day_7,2026-05-06T153817Z,test_last,test_sessions_last,last_40
23,3139.509504,3152.031488,3.3344959999999446,5,4,Failure,OFF,20.0,150.0,FbR_M01569522,testing,Day_7,2026-05-06T153817Z,test_last,test_sessions_last,last_40
24,3153.031488,3175.356,3.5090240000004087,4,4,Success,OFF,0.0,150.0,FbR_M01569522,testing,Day_7,2026-05-06T153817Z,test_last,test_sessions_last,last_40
25,3176.356,3202.732544,3.136543999999958,0,4,Failure,OFF,-80.0,150.0,FbR_M01569522,testing,Day_7,2026-05-06T153817Z,test_last,test_sessions_last,last_40
26,3203.732544,3220.080992,2.4830080000001544,4,4,Success,OFF,0.0,150.0,FbR_M01569522,testing,Day_7,2026-05-06T153817Z,test_last,test_sessions_last,last_40
27,3221.080992,3234.469504,3.1205119999999624,5,4,Failure,OFF,20.0,150.0,FbR_M01569522,testing,Day_7,2026-05-06T153817Z,test_last,test_sessions_last,last_40
28,3235.469504,3253.094976,3.2480000000000473,5,4,Failure,OFF,20.0,150.0,FbR_M01569522,testing,Day_7,2026-05-06T153817Z,test_last,test_sessions_last,last_40
29,3254.094976,3424.93776,3.0417599999996128,2,4,Failure,OFF,-40.0,150.0,FbR_M01569522,testing,Day_7,2026-05-06T153817Z,test_last,test_sessions_last,last_40
30,3425.93776,3487.965984,3.269984000000022,13,4,Failure,OFF,-180.0,150.0,FbR_M01569522,testing,Day_7,2026-05-06T153817Z,test_last,test_sessions_last,last_40
31,3488.965984,3528.976,1.7300159999999778,4,4,Success,OFF,0.0,150.0,FbR_M01569522,testing,Day_7,2026-05-06T153817Z,test_last,test_sessions_last,last_40
32,3529.976,3549.432992,3.436000000000149,13,4,Failure,OFF,-180.0,150.0,FbR_M01569522,testing,Day_7,2026-05-06T153817Z,test_last,test_sessions_last,last_40
11,9152.229984,9174.984,3.1220160000011674,5,4,Failure,OFF,20.0,150.0,FbR_M01569522,testing,Day_7,2026-05-06T172454Z,test_last,test_sessions_last,last_40
12,9175.984,9191.768,5.007999999999811,-1,4,Miss,OFF,,150.0,FbR_M01569522,testing,Day_7,2026-05-06T172454Z,test_last,test_sessions_last,last_40
13,9192.768,9210.877984,5.019008000001122,-1,4,Miss,OFF,,150.0,FbR_M01569522,testing,Day_7,2026-05-06T172454Z,test_last,test_sessions_last,last_40
14,9211.877984,9240.84,2.531007999999929,4,4,Success,OFF,0.0,150.0,FbR_M01569522,testing,Day_7,2026-05-06T172454Z,test_last,test_sessions_last,last_40
15,9241.84,9252.870976,4.3109760000006645,5,4,Failure,OFF,20.0,150.0,FbR_M01569522,testing,Day_7,2026-05-06T172454Z,test_last,test_sessions_last,last_40
16,9253.870976,9266.664,1.554016000000047,5,4,Failure,OFF,20.0,150.0,FbR_M01569522,testing,Day_7,2026-05-06T172454Z,test_last,test_sessions_last,last_40
17,9267.664,9341.400992,4.090016000000105,17,4,Failure,OFF,-100.0,150.0,FbR_M01569522,testing,Day_7,2026-05-06T172454Z,test_last,test_sessions_last,last_40
18,9342.400992,9440.078496,5.020512000000963,-1,4,Miss,OFF,,150.0,FbR_M01569522,testing,Day_7,2026-05-06T172454Z,test_last,test_sessions_last,last_40
19,9441.078496,9497.529984,5.02099200000157,-1,4,Miss,OFF,,150.0,FbR_M01569522,testing,Day_7,2026-05-06T172454Z,test_last,test_sessions_last,last_40
20,9498.529984,9570.874976,1.9139839999988908,5,4,Failure,OFF,20.0,150.0,FbR_M01569522,testing,Day_7,2026-05-06T172454Z,test_last,test_sessions_last,last_40
21,9571.874976,9643.764992,3.0559999999986758,7,4,Failure,OFF,60.0,150.0,FbR_M01569522,testing,Day_7,2026-05-06T172454Z,test_last,test_sessions_last,last_40
22,9644.764992,9772.902976,2.792991999998776,4,4,Success,OFF,0.0,150.0,FbR_M01569522,testing,Day_7,2026-05-06T172454Z,test_last,test_sessions_last,last_40
23,9773.902976,9869.550976,3.740992000000915,4,4,Success,OFF,0.0,150.0,FbR_M01569522,testing,Day_7,2026-05-06T172454Z,test_last,test_sessions_last,last_40
24,9870.550976,9892.384,5.0239999999994325,-1,4,Miss,OFF,,150.0,FbR_M01569522,testing,Day_7,2026-05-06T172454Z,test_last,test_sessions_last,last_40
25,9893.384,9984.420992,5.011999999998807,-1,4,Miss,OFF,,150.0,FbR_M01569522,testing,Day_7,2026-05-06T172454Z,test_last,test_sessions_last,last_40
26,9985.420992,10014.008,1.7980160000006435,4,4,Success,OFF,0.0,150.0,FbR_M01569522,testing,Day_7,2026-05-06T172454Z,test_last,test_sessions_last,last_40
27,10015.008,10038.680992,2.92201600000044,16,4,Failure,OFF,-120.0,150.0,FbR_M01569522,testing,Day_7,2026-05-06T172454Z,test_last,test_sessions_last,last_40
28,10039.680992,10051.800992,2.192992000000231,4,4,Success,OFF,0.0,150.0,FbR_M01569522,testing,Day_7,2026-05-06T172454Z,test_last,test_sessions_last,last_40
29,10052.800992,10069.02,2.261024000001271,5,4,Failure,OFF,20.0,150.0,FbR_M01569522,testing,Day_7,2026-05-06T172454Z,test_last,test_sessions_last,last_40
30,10070.02,10081.241504,3.3835199999994074,4,4,Success,OFF,0.0,150.0,FbR_M01569522,testing,Day_7,2026-05-06T172454Z,test_last,test_sessions_last,last_40
31,10082.241504,10095.154976,2.194976000000679,5,4,Failure,OFF,20.0,150.0,FbR_M01569522,testing,Day_7,2026-05-06T172454Z,test_last,test_sessions_last,last_40
32,10096.154976,10104.474496,2.7144960000005085,8,4,Failure,OFF,80.0,150.0,FbR_M01569522,testing,Day_7,2026-05-06T172454Z,test_last,test_sessions_last,last_40
30,25748.464224,25766.476992,3.1449920000013663,16,16,Success,OFF,0.0,150.0,FLR_M01569521,testing,Day_1,2026-05-01T165212Z,test_last,test_sessions_last,last_40
31,25767.476992,25780.63648,2.703488000002835,16,16,Success,OFF,0.0,150.0,FLR_M01569521,testing,Day_1,2026-05-01T165212Z,test_last,test_sessions_last,last_40
32,25781.63648,25795.046496,4.114495999998326,16,16,Success,OFF,0.0,150.0,FLR_M01569521,testing,Day_1,2026-05-01T165212Z,test_last,test_sessions_last,last_40
33,25796.046496,25810.01424,2.3812480000015057,16,16,Success,OFF,0.0,150.0,FLR_M01569521,testing,Day_1,2026-05-01T165212Z,test_last,test_sessions_last,last_40
34,25811.01424,25821.91424,2.383264000000054,16,16,Success,OFF,0.0,150.0,FLR_M01569521,testing,Day_1,2026-05-01T165212Z,test_last,test_sessions_last,last_40
35,25822.91424,25851.99248,5.012480000001233,-1,16,Miss,OFF,,150.0,FLR_M01569521,testing,Day_1,2026-05-01T165212Z,test_last,test_sessions_last,last_40
36,25852.99248,25863.988,3.0560000000004948,16,16,Success,OFF,0.0,150.0,FLR_M01569521,testing,Day_1,2026-05-01T165212Z,test_last,test_sessions_last,last_40
37,25864.988,25878.736992,5.007007999996858,-1,16,Miss,OFF,,150.0,FLR_M01569521,testing,Day_1,2026-05-01T165212Z,test_last,test_sessions_last,last_40
38,25879.736992,25922.321504,2.736511999999493,16,16,Success,OFF,0.0,150.0,FLR_M01569521,testing,Day_1,2026-05-01T165212Z,test_last,test_sessions_last,last_40
39,25923.321504,25956.353504,5.020511999999144,-1,16,Miss,OFF,,150.0,FLR_M01569521,testing,Day_1,2026-05-01T165212Z,test_last,test_sessions_last,last_40
40,25957.353504,25968.366496,2.6365119999973103,16,16,Success,OFF,0.0,150.0,FLR_M01569521,testing,Day_1,2026-05-01T165212Z,test_last,test_sessions_last,last_40
41,25969.366496,25995.336992,1.8559999999997672,16,16,Success,OFF,0.0,150.0,FLR_M01569521,testing,Day_1,2026-05-01T165212Z,test_last,test_sessions_last,last_40
42,25996.336992,26008.699488,2.616511999996874,16,16,Success,OFF,0.0,150.0,FLR_M01569521,testing,Day_1,2026-05-01T165212Z,test_last,test_sessions_last,last_40
43,26009.699488,26022.673984,3.041983999999502,16,16,Success,OFF,0.0,150.0,FLR_M01569521,testing,Day_1,2026-05-01T165212Z,test_last,test_sessions_last,last_40
44,26023.673984,26048.362976,2.880992000002152,16,16,Success,OFF,0.0,150.0,FLR_M01569521,testing,Day_1,2026-05-01T165212Z,test_last,test_sessions_last,last_40
45,26049.362976,26059.174976,1.8929919999973208,16,16,Success,OFF,0.0,150.0,FLR_M01569521,testing,Day_1,2026-05-01T165212Z,test_last,test_sessions_last,last_40
46,26060.174976,26080.988,5.007008000000496,-1,16,Miss,OFF,,150.0,FLR_M01569521,testing,Day_1,2026-05-01T165212Z,test_last,test_sessions_last,last_40
47,26081.988,26095.04048,5.009504000001471,-1,16,Miss,OFF,,150.0,FLR_M01569521,testing,Day_1,2026-05-01T165212Z,test_last,test_sessions_last,last_40
48,26096.04048,26107.18848,2.4575040000017907,16,16,Success,OFF,0.0,150.0,FLR_M01569521,testing,Day_1,2026-05-01T165212Z,test_last,test_sessions_last,last_40
49,26108.18848,26122.553504,3.0725119999988237,16,16,Success,OFF,0.0,150.0,FLR_M01569521,testing,Day_1,2026-05-01T165212Z,test_last,test_sessions_last,last_40
50,26123.553504,26134.250496,2.3695040000020526,16,16,Success,OFF,0.0,150.0,FLR_M01569521,testing,Day_1,2026-05-01T165212Z,test_last,test_sessions_last,last_40
51,26135.250496,26146.265504,1.7355199999983597,16,16,Success,OFF,0.0,150.0,FLR_M01569521,testing,Day_1,2026-05-01T165212Z,test_last,test_sessions_last,last_40
52,26147.265504,26159.633984,4.304000000000087,16,16,Success,OFF,0.0,150.0,FLR_M01569521,testing,Day_1,2026-05-01T165212Z,test_last,test_sessions_last,last_40
53,26160.633984,26173.481984,3.6009919999996782,16,16,Success,OFF,0.0,150.0,FLR_M01569521,testing,Day_1,2026-05-01T165212Z,test_last,test_sessions_last,last_40
54,26174.481984,26185.465504,2.884512000000541,16,16,Success,OFF,0.0,150.0,FLR_M01569521,testing,Day_1,2026-05-01T165212Z,test_last,test_sessions_last,last_40
55,26186.465504,26195.615488,1.6344959999987623,16,16,Success,OFF,0.0,150.0,FLR_M01569521,testing,Day_1,2026-05-01T165212Z,test_last,test_sessions_last,last_40
56,26196.615488,26205.88848,1.6575040000025183,16,16,Success,OFF,0.0,150.0,FLR_M01569521,testing,Day_1,2026-05-01T165212Z,test_last,test_sessions_last,last_40
57,26206.88848,26247.341504,2.259519999999611,16,16,Success,OFF,0.0,150.0,FLR_M01569521,testing,Day_1,2026-05-01T165212Z,test_last,test_sessions_last,last_40
58,26248.341504,26260.66,2.5279999999984284,16,16,Success,OFF,0.0,150.0,FLR_M01569521,testing,Day_1,2026-05-01T165212Z,test_last,test_sessions_last,last_40
59,26261.66,26279.24,3.2600000000020373,16,16,Success,OFF,0.0,150.0,FLR_M01569521,testing,Day_1,2026-05-01T165212Z,test_last,test_sessions_last,last_40
60,26280.24,26347.365504,3.7355200000019977,16,16,Success,OFF,0.0,150.0,FLR_M01569521,testing,Day_1,2026-05-01T165212Z,test_last,test_sessions_last,last_40
61,26348.365504,26360.95248,2.9215040000017325,16,16,Success,OFF,0.0,150.0,FLR_M01569521,testing,Day_1,2026-05-01T165212Z,test_last,test_sessions_last,last_40
62,26361.95248,26376.766976,2.5869759999986854,16,16,Success,OFF,0.0,150.0,FLR_M01569521,testing,Day_1,2026-05-01T165212Z,test_last,test_sessions_last,last_40
63,26377.766976,26398.693984,3.861984000002849,16,16,Success,OFF,0.0,150.0,FLR_M01569521,testing,Day_1,2026-05-01T165212Z,test_last,test_sessions_last,last_40
64,26399.693984,26414.401504,5.021504000000277,-1,16,Miss,OFF,,150.0,FLR_M01569521,testing,Day_1,2026-05-01T165212Z,test_last,test_sessions_last,last_40
65,26415.401504,26463.929984,2.349983999996766,16,16,Success,OFF,0.0,150.0,FLR_M01569521,testing,Day_1,2026-05-01T165212Z,test_last,test_sessions_last,last_40
66,26464.929984,26474.958976,2.376992000001337,16,16,Success,OFF,0.0,150.0,FLR_M01569521,testing,Day_1,2026-05-01T165212Z,test_last,test_sessions_last,last_40
67,26475.958976,26486.858976,2.725984000000608,16,16,Success,OFF,0.0,150.0,FLR_M01569521,testing,Day_1,2026-05-01T165212Z,test_last,test_sessions_last,last_40
68,26487.858976,26496.77248,2.9904959999985294,16,16,Success,OFF,0.0,150.0,FLR_M01569521,testing,Day_1,2026-05-01T165212Z,test_last,test_sessions_last,last_40
69,26497.77248,26511.736,5.007008000000496,-1,16,Miss,OFF,,150.0,FLR_M01569521,testing,Day_1,2026-05-01T165212Z,test_last,test_sessions_last,last_40
67,23951.174976,23969.742976,5.014976000002207,-1,5,Miss,OFF,,150.0,FLR_M01569521,testing,Day_2,2026-05-02T175834Z,test_last,test_sessions_last,last_40
68,23970.742976,23985.337984,5.012000000002445,-1,5,Miss,OFF,,150.0,FLR_M01569521,testing,Day_2,2026-05-02T175834Z,test_last,test_sessions_last,last_40
69,23986.337984,24000.256,3.1300160000027972,6,5,Failure,OFF,20.0,150.0,FLR_M01569521,testing,Day_2,2026-05-02T175834Z,test_last,test_sessions_last,last_40
70,24001.256,24014.986976,5.010976000001392,-1,5,Miss,OFF,,150.0,FLR_M01569521,testing,Day_2,2026-05-02T175834Z,test_last,test_sessions_last,last_40
71,24015.986976,24053.491488,5.016511999998329,-1,5,Miss,OFF,,150.0,FLR_M01569521,testing,Day_2,2026-05-02T175834Z,test_last,test_sessions_last,last_40
72,24054.491488,24065.136992,5.011008000001311,-1,5,Miss,OFF,,150.0,FLR_M01569521,testing,Day_2,2026-05-02T175834Z,test_last,test_sessions_last,last_40
73,24066.136992,24092.884992,2.9089920000005804,8,5,Failure,OFF,60.0,150.0,FLR_M01569521,testing,Day_2,2026-05-02T175834Z,test_last,test_sessions_last,last_40
74,24093.884992,24107.281504,1.7055039999977453,5,5,Success,OFF,0.0,150.0,FLR_M01569521,testing,Day_2,2026-05-02T175834Z,test_last,test_sessions_last,last_40
75,24108.281504,24136.939488,5.015488000000914,-1,5,Miss,OFF,,150.0,FLR_M01569521,testing,Day_2,2026-05-02T175834Z,test_last,test_sessions_last,last_40
76,24137.939488,24155.387488,5.012512000001152,-1,5,Miss,OFF,,150.0,FLR_M01569521,testing,Day_2,2026-05-02T175834Z,test_last,test_sessions_last,last_40
77,24156.387488,24172.141504,5.016511999998329,-1,5,Miss,OFF,,150.0,FLR_M01569521,testing,Day_2,2026-05-02T175834Z,test_last,test_sessions_last,last_40
78,24173.141504,24184.545504,5.019520000001648,-1,5,Miss,OFF,,150.0,FLR_M01569521,testing,Day_2,2026-05-02T175834Z,test_last,test_sessions_last,last_40
79,24185.545504,24202.444992,4.16899199999898,5,5,Success,OFF,0.0,150.0,FLR_M01569521,testing,Day_2,2026-05-02T175834Z,test_last,test_sessions_last,last_40
80,24203.444992,24243.438976,5.013984000001074,-1,5,Miss,OFF,,150.0,FLR_M01569521,testing,Day_2,2026-05-02T175834Z,test_last,test_sessions_last,last_40
81,24244.438976,24262.742496,5.014495999999781,-1,5,Miss,OFF,,150.0,FLR_M01569521,testing,Day_2,2026-05-02T175834Z,test_last,test_sessions_last,last_40
82,24263.742496,24273.990976,5.014976000002207,-1,5,Miss,OFF,,150.0,FLR_M01569521,testing,Day_2,2026-05-02T175834Z,test_last,test_sessions_last,last_40
83,24274.990976,24295.036992,5.012000000002445,-1,5,Miss,OFF,,150.0,FLR_M01569521,testing,Day_2,2026-05-02T175834Z,test_last,test_sessions_last,last_40
84,24296.036992,24312.337984,5.012000000002445,-1,5,Miss,OFF,,150.0,FLR_M01569521,testing,Day_2,2026-05-02T175834Z,test_last,test_sessions_last,last_40
85,24313.337984,24373.136992,5.011999999998807,-1,5,Miss,OFF,,150.0,FLR_M01569521,testing,Day_2,2026-05-02T175834Z,test_last,test_sessions_last,last_40
86,24374.136992,24392.692992,5.016992000000755,-1,5,Miss,OFF,,150.0,FLR_M01569521,testing,Day_2,2026-05-02T175834Z,test_last,test_sessions_last,last_40
87,24393.692992,24408.442496,5.017503999999462,-1,5,Miss,OFF,,150.0,FLR_M01569521,testing,Day_2,2026-05-02T175834Z,test_last,test_sessions_last,last_40
88,24409.442496,24432.865504,2.489504000001034,5,5,Success,OFF,0.0,150.0,FLR_M01569521,testing,Day_2,2026-05-02T175834Z,test_last,test_sessions_last,last_40
89,24433.865504,24447.992,5.015007999998488,-1,5,Miss,OFF,,150.0,FLR_M01569521,testing,Day_2,2026-05-02T175834Z,test_last,test_sessions_last,last_40
90,24448.992,24457.806976,2.7309759999989183,5,5,Success,OFF,0.0,150.0,FLR_M01569521,testing,Day_2,2026-05-02T175834Z,test_last,test_sessions_last,last_40
91,24458.806976,24471.38848,5.014495999999781,-1,5,Miss,OFF,,150.0,FLR_M01569521,testing,Day_2,2026-05-02T175834Z,test_last,test_sessions_last,last_40
92,24472.38848,24483.988,2.914016000002448,5,5,Success,OFF,0.0,150.0,FLR_M01569521,testing,Day_2,2026-05-02T175834Z,test_last,test_sessions_last,last_40
93,24484.988,24494.113376,2.2893760000006296,8,5,Failure,OFF,60.0,150.0,FLR_M01569521,testing,Day_2,2026-05-02T175834Z,test_last,test_sessions_last,last_40
94,24495.113376,24508.58048,2.104480000001786,5,5,Success,OFF,0.0,150.0,FLR_M01569521,testing,Day_2,2026-05-02T175834Z,test_last,test_sessions_last,last_40
95,24509.58048,24517.84848,2.171487999999954,5,5,Success,OFF,0.0,150.0,FLR_M01569521,testing,Day_2,2026-05-02T175834Z,test_last,test_sessions_last,last_40
96,24518.84848,24529.141984,5.015008000002126,-1,5,Miss,OFF,,150.0,FLR_M01569521,testing,Day_2,2026-05-02T175834Z,test_last,test_sessions_last,last_40
97,24530.141984,24544.84,5.015999999999622,-1,5,Miss,OFF,,150.0,FLR_M01569521,testing,Day_2,2026-05-02T175834Z,test_last,test_sessions_last,last_40
98,24545.84,24556.888992,2.41401599999881,5,5,Success,OFF,0.0,150.0,FLR_M01569521,testing,Day_2,2026-05-02T175834Z,test_last,test_sessions_last,last_40
99,24557.888992,24573.441504,5.017503999999462,-1,5,Miss,OFF,,150.0,FLR_M01569521,testing,Day_2,2026-05-02T175834Z,test_last,test_sessions_last,last_40
100,24574.441504,24590.488992,5.015007999998488,-1,5,Miss,OFF,,150.0,FLR_M01569521,testing,Day_2,2026-05-02T175834Z,test_last,test_sessions_last,last_40
101,24591.488992,24634.989504,5.0135040000022855,-1,5,Miss,OFF,,150.0,FLR_M01569521,testing,Day_2,2026-05-02T175834Z,test_last,test_sessions_last,last_40
102,24635.989504,24651.440992,5.016992000000755,-1,5,Miss,OFF,,150.0,FLR_M01569521,testing,Day_2,2026-05-02T175834Z,test_last,test_sessions_last,last_40
103,24652.440992,24673.942496,5.017503999999462,-1,5,Miss,OFF,,150.0,FLR_M01569521,testing,Day_2,2026-05-02T175834Z,test_last,test_sessions_last,last_40
104,24674.942496,24702.535488,5.012512000001152,-1,5,Miss,OFF,,150.0,FLR_M01569521,testing,Day_2,2026-05-02T175834Z,test_last,test_sessions_last,last_40
105,24703.535488,24730.74048,5.016480000002048,-1,5,Miss,OFF,,150.0,FLR_M01569521,testing,Day_2,2026-05-02T175834Z,test_last,test_sessions_last,last_40
106,24731.74048,24752.541504,5.018528000000515,-1,5,Miss,OFF,,150.0,FLR_M01569521,testing,Day_2,2026-05-02T175834Z,test_last,test_sessions_last,last_40
14,23347.987936,23372.186976,3.5049920000019483,8,14,Failure,OFF,-120.0,150.0,FLR_M01569521,testing,Day_3,2026-05-03T184605Z,test_last,test_sessions_last,last_40
15,23373.186976,23495.595488,5.0135039999986475,-1,14,Miss,OFF,,150.0,FLR_M01569521,testing,Day_3,2026-05-03T184605Z,test_last,test_sessions_last,last_40
16,23496.595488,23517.272,4.590016000001924,14,14,Success,OFF,0.0,150.0,FLR_M01569521,testing,Day_3,2026-05-03T184605Z,test_last,test_sessions_last,last_40
17,23518.272,23637.547488,5.016512000001967,-1,14,Miss,OFF,,150.0,FLR_M01569521,testing,Day_3,2026-05-03T184605Z,test_last,test_sessions_last,last_40
18,23638.547488,23737.202976,4.970976000000519,14,14,Success,OFF,0.0,150.0,FLR_M01569521,testing,Day_3,2026-05-03T184605Z,test_last,test_sessions_last,last_40
19,23738.202976,23757.692,4.5090239999990445,14,14,Success,OFF,0.0,150.0,FLR_M01569521,testing,Day_3,2026-05-03T184605Z,test_last,test_sessions_last,last_40
20,23758.692,23801.906976,2.8739839999980177,14,14,Success,OFF,0.0,150.0,FLR_M01569521,testing,Day_3,2026-05-03T184605Z,test_last,test_sessions_last,last_40
21,23802.906976,23864.118976,3.338976000002731,14,14,Success,OFF,0.0,150.0,FLR_M01569521,testing,Day_3,2026-05-03T184605Z,test_last,test_sessions_last,last_40
22,23865.118976,23887.198496,5.017503999999462,-1,14,Miss,OFF,,150.0,FLR_M01569521,testing,Day_3,2026-05-03T184605Z,test_last,test_sessions_last,last_40
23,23888.198496,23912.140992,5.010016000000178,14,14,Success,OFF,0.0,150.0,FLR_M01569521,testing,Day_3,2026-05-03T184605Z,test_last,test_sessions_last,last_40
24,23913.140992,23966.20048,5.019487999998091,-1,14,Miss,OFF,,150.0,FLR_M01569521,testing,Day_3,2026-05-03T184605Z,test_last,test_sessions_last,last_40
25,23967.20048,23976.761504,3.3295039999975415,14,14,Success,OFF,0.0,150.0,FLR_M01569521,testing,Day_3,2026-05-03T184605Z,test_last,test_sessions_last,last_40
26,23977.761504,23993.452,2.4200000000018917,14,14,Success,OFF,0.0,150.0,FLR_M01569521,testing,Day_3,2026-05-03T184605Z,test_last,test_sessions_last,last_40
27,23994.452,24008.625984,2.495999999999185,14,14,Success,OFF,0.0,150.0,FLR_M01569521,testing,Day_3,2026-05-03T184605Z,test_last,test_sessions_last,last_40
28,24009.625984,24058.555488,3.424512000001414,14,14,Success,OFF,0.0,150.0,FLR_M01569521,testing,Day_3,2026-05-03T184605Z,test_last,test_sessions_last,last_40
29,24059.555488,24074.984992,2.554016000001866,14,14,Success,OFF,0.0,150.0,FLR_M01569521,testing,Day_3,2026-05-03T184605Z,test_last,test_sessions_last,last_40
30,24075.984992,24101.01248,4.482496000000538,14,14,Success,OFF,0.0,150.0,FLR_M01569521,testing,Day_3,2026-05-03T184605Z,test_last,test_sessions_last,last_40
31,24102.01248,24113.70848,2.278496000002633,14,14,Success,OFF,0.0,150.0,FLR_M01569521,testing,Day_3,2026-05-03T184605Z,test_last,test_sessions_last,last_40
32,24114.70848,24126.923488,4.59251199999926,14,14,Success,OFF,0.0,150.0,FLR_M01569521,testing,Day_3,2026-05-03T184605Z,test_last,test_sessions_last,last_40
33,24127.923488,24138.272992,2.591999999996915,14,14,Success,OFF,0.0,150.0,FLR_M01569521,testing,Day_3,2026-05-03T184605Z,test_last,test_sessions_last,last_40
34,24139.272992,24153.972992,4.342015999998694,14,14,Success,OFF,0.0,150.0,FLR_M01569521,testing,Day_3,2026-05-03T184605Z,test_last,test_sessions_last,last_40
35,24154.972992,24167.496992,1.9670079999996233,14,14,Success,OFF,0.0,150.0,FLR_M01569521,testing,Day_3,2026-05-03T184605Z,test_last,test_sessions_last,last_40
36,24168.496992,24185.725984,2.495999999999185,14,14,Success,OFF,0.0,150.0,FLR_M01569521,testing,Day_3,2026-05-03T184605Z,test_last,test_sessions_last,last_40
37,24186.725984,24196.933984,2.4529919999986305,14,14,Success,OFF,0.0,150.0,FLR_M01569521,testing,Day_3,2026-05-03T184605Z,test_last,test_sessions_last,last_40
38,24197.933984,24212.56,5.030016000000614,-1,14,Miss,OFF,,150.0,FLR_M01569521,testing,Day_3,2026-05-03T184605Z,test_last,test_sessions_last,last_40
39,24213.56,24233.913504,1.4825280000004568,14,14,Success,OFF,0.0,150.0,FLR_M01569521,testing,Day_3,2026-05-03T184605Z,test_last,test_sessions_last,last_40
40,24234.913504,24247.236,3.30502400000114,14,14,Success,OFF,0.0,150.0,FLR_M01569521,testing,Day_3,2026-05-03T184605Z,test_last,test_sessions_last,last_40
41,24248.236,24274.095488,5.014495999999781,-1,14,Miss,OFF,,150.0,FLR_M01569521,testing,Day_3,2026-05-03T184605Z,test_last,test_sessions_last,last_40
42,24275.095488,24359.138976,4.708991999999853,14,14,Success,OFF,0.0,150.0,FLR_M01569521,testing,Day_3,2026-05-03T184605Z,test_last,test_sessions_last,last_40
43,24360.138976,24375.244992,2.6140159999995376,14,14,Success,OFF,0.0,150.0,FLR_M01569521,testing,Day_3,2026-05-03T184605Z,test_last,test_sessions_last,last_40
44,24376.244992,24393.69648,5.017503999999462,-1,14,Miss,OFF,,150.0,FLR_M01569521,testing,Day_3,2026-05-03T184605Z,test_last,test_sessions_last,last_40
45,24394.69648,24459.408992,4.128992000001745,14,14,Success,OFF,0.0,150.0,FLR_M01569521,testing,Day_3,2026-05-03T184605Z,test_last,test_sessions_last,last_40
46,24460.408992,24483.349984,4.920991999999387,14,14,Success,OFF,0.0,150.0,FLR_M01569521,testing,Day_3,2026-05-03T184605Z,test_last,test_sessions_last,last_40
47,24484.349984,24496.112,2.231999999999971,14,14,Success,OFF,0.0,150.0,FLR_M01569521,testing,Day_3,2026-05-03T184605Z,test_last,test_sessions_last,last_40
48,24497.112,24512.800992,1.9700159999993048,14,14,Success,OFF,0.0,150.0,FLR_M01569521,testing,Day_3,2026-05-03T184605Z,test_last,test_sessions_last,last_40
49,24513.800992,24528.949984,2.7190080000000307,14,14,Success,OFF,0.0,150.0,FLR_M01569521,testing,Day_3,2026-05-03T184605Z,test_last,test_sessions_last,last_40
50,24529.949984,24568.94,4.4110079999991285,14,14,Success,OFF,0.0,150.0,FLR_M01569521,testing,Day_3,2026-05-03T184605Z,test_last,test_sessions_last,last_40
51,24569.94,24578.062496,2.2835199999972247,14,14,Success,OFF,0.0,150.0,FLR_M01569521,testing,Day_3,2026-05-03T184605Z,test_last,test_sessions_last,last_40
52,24579.062496,24593.278976,3.600000000002183,14,14,Success,OFF,0.0,150.0,FLR_M01569521,testing,Day_3,2026-05-03T184605Z,test_last,test_sessions_last,last_40
53,24594.278976,24624.450976,5.021983999999065,-1,14,Miss,OFF,,150.0,FLR_M01569521,testing,Day_3,2026-05-03T184605Z,test_last,test_sessions_last,last_40
65,3437.767488,3450.993984,1.4529919999999947,3,3,Success,OFF,0.0,150.0,FLR_M01569521,testing,Day_4,2026-05-04T160053Z,test_last,test_sessions_last,last_40
66,3451.993984,3469.520992,3.480000000000018,3,3,Success,OFF,0.0,150.0,FLR_M01569521,testing,Day_4,2026-05-04T160053Z,test_last,test_sessions_last,last_40
67,3470.520992,3482.98,2.286016000000018,3,3,Success,OFF,0.0,150.0,FLR_M01569521,testing,Day_4,2026-05-04T160053Z,test_last,test_sessions_last,last_40
68,3483.98,3492.93248,2.238495999999941,3,3,Success,OFF,0.0,150.0,FLR_M01569521,testing,Day_4,2026-05-04T160053Z,test_last,test_sessions_last,last_40
69,3493.93248,3502.869984,1.8279999999999745,3,3,Success,OFF,0.0,150.0,FLR_M01569521,testing,Day_4,2026-05-04T160053Z,test_last,test_sessions_last,last_40
70,3503.869984,3527.976,2.034016000000065,3,3,Success,OFF,0.0,150.0,FLR_M01569521,testing,Day_4,2026-05-04T160053Z,test_last,test_sessions_last,last_40
71,3528.976,3550.241984,2.7009919999995873,3,3,Success,OFF,0.0,150.0,FLR_M01569521,testing,Day_4,2026-05-04T160053Z,test_last,test_sessions_last,last_40
72,3551.241984,3559.928,3.4359999999996944,3,3,Success,OFF,0.0,150.0,FLR_M01569521,testing,Day_4,2026-05-04T160053Z,test_last,test_sessions_last,last_40
73,3560.928,3581.690976,1.9499839999998585,3,3,Success,OFF,0.0,150.0,FLR_M01569521,testing,Day_4,2026-05-04T160053Z,test_last,test_sessions_last,last_40
74,3582.690976,3592.77248,3.0314880000000812,3,3,Success,OFF,0.0,150.0,FLR_M01569521,testing,Day_4,2026-05-04T160053Z,test_last,test_sessions_last,last_40
75,3593.77248,3605.148992,2.007999999999811,3,3,Success,OFF,0.0,150.0,FLR_M01569521,testing,Day_4,2026-05-04T160053Z,test_last,test_sessions_last,last_40
76,3606.148992,3614.942976,2.998975999999857,3,3,Success,OFF,0.0,150.0,FLR_M01569521,testing,Day_4,2026-05-04T160053Z,test_last,test_sessions_last,last_40
77,3615.942976,3628.074976,2.4839999999999236,3,3,Success,OFF,0.0,150.0,FLR_M01569521,testing,Day_4,2026-05-04T160053Z,test_last,test_sessions_last,last_40
78,3629.074976,3637.296992,2.3040000000000873,3,3,Success,OFF,0.0,150.0,FLR_M01569521,testing,Day_4,2026-05-04T160053Z,test_last,test_sessions_last,last_40
79,3638.296992,3651.896,1.5550080000002708,3,3,Success,OFF,0.0,150.0,FLR_M01569521,testing,Day_4,2026-05-04T160053Z,test_last,test_sessions_last,last_40
80,3652.896,3662.564,1.2230079999999361,3,3,Success,OFF,0.0,150.0,FLR_M01569521,testing,Day_4,2026-05-04T160053Z,test_last,test_sessions_last,last_40
81,3663.564,3677.004,5.010015999999723,-1,3,Miss,OFF,,150.0,FLR_M01569521,testing,Day_4,2026-05-04T160053Z,test_last,test_sessions_last,last_40
82,3678.004,3774.540992,2.748992000000271,3,3,Success,OFF,0.0,150.0,FLR_M01569521,testing,Day_4,2026-05-04T160053Z,test_last,test_sessions_last,last_40
83,3775.540992,3787.688,3.646016000000145,3,3,Success,OFF,0.0,150.0,FLR_M01569521,testing,Day_4,2026-05-04T160053Z,test_last,test_sessions_last,last_40
84,3788.688,3797.784992,2.0430080000001,3,3,Success,OFF,0.0,150.0,FLR_M01569521,testing,Day_4,2026-05-04T160053Z,test_last,test_sessions_last,last_40
85,3798.784992,3807.492,3.0500160000001415,3,3,Success,OFF,0.0,150.0,FLR_M01569521,testing,Day_4,2026-05-04T160053Z,test_last,test_sessions_last,last_40
86,3808.492,3817.092992,1.5510079999999107,3,3,Success,OFF,0.0,150.0,FLR_M01569521,testing,Day_4,2026-05-04T160053Z,test_last,test_sessions_last,last_40
87,3818.092992,3828.046976,3.104000000000269,3,3,Success,OFF,0.0,150.0,FLR_M01569521,testing,Day_4,2026-05-04T160053Z,test_last,test_sessions_last,last_40
88,3829.046976,3844.622976,3.180000000000291,3,3,Success,OFF,0.0,150.0,FLR_M01569521,testing,Day_4,2026-05-04T160053Z,test_last,test_sessions_last,last_40
89,3845.622976,3857.156992,2.612992000000304,3,3,Success,OFF,0.0,150.0,FLR_M01569521,testing,Day_4,2026-05-04T160053Z,test_last,test_sessions_last,last_40
90,3858.156992,3869.228992,3.087007999999969,3,3,Success,OFF,0.0,150.0,FLR_M01569521,testing,Day_4,2026-05-04T160053Z,test_last,test_sessions_last,last_40
91,3870.228992,3880.76448,2.1234879999997247,3,3,Success,OFF,0.0,150.0,FLR_M01569521,testing,Day_4,2026-05-04T160053Z,test_last,test_sessions_last,last_40
92,3881.76448,3892.412,2.519007999999758,3,3,Success,OFF,0.0,150.0,FLR_M01569521,testing,Day_4,2026-05-04T160053Z,test_last,test_sessions_last,last_40
93,3893.412,3903.258976,4.16800000000012,3,3,Success,OFF,0.0,150.0,FLR_M01569521,testing,Day_4,2026-05-04T160053Z,test_last,test_sessions_last,last_40
94,3904.258976,3916.344992,2.5039999999999054,3,3,Success,OFF,0.0,150.0,FLR_M01569521,testing,Day_4,2026-05-04T160053Z,test_last,test_sessions_last,last_40
95,3917.344992,3928.841984,3.300991999999951,3,3,Success,OFF,0.0,150.0,FLR_M01569521,testing,Day_4,2026-05-04T160053Z,test_last,test_sessions_last,last_40
96,3929.841984,3940.040992,4.750016000000414,3,3,Success,OFF,0.0,150.0,FLR_M01569521,testing,Day_4,2026-05-04T160053Z,test_last,test_sessions_last,last_40
97,3941.040992,3952.904,1.811008000000129,3,3,Success,OFF,0.0,150.0,FLR_M01569521,testing,Day_4,2026-05-04T160053Z,test_last,test_sessions_last,last_40
98,3953.904,3971.873984,2.7830079999998816,3,3,Success,OFF,0.0,150.0,FLR_M01569521,testing,Day_4,2026-05-04T160053Z,test_last,test_sessions_last,last_40
99,3972.873984,3983.414976,2.422975999999835,3,3,Success,OFF,0.0,150.0,FLR_M01569521,testing,Day_4,2026-05-04T160053Z,test_last,test_sessions_last,last_40
100,3984.414976,4000.41248,5.0224960000000465,-1,3,Miss,OFF,,150.0,FLR_M01569521,testing,Day_4,2026-05-04T160053Z,test_last,test_sessions_last,last_40
101,4001.41248,4015.080288,2.738303999999971,3,3,Success,OFF,0.0,150.0,FLR_M01569521,testing,Day_4,2026-05-04T160053Z,test_last,test_sessions_last,last_40
102,4016.080288,4031.264992,2.6710079999998015,3,3,Success,OFF,0.0,150.0,FLR_M01569521,testing,Day_4,2026-05-04T160053Z,test_last,test_sessions_last,last_40
103,4032.264992,4045.421984,2.580992000000151,3,3,Success,OFF,0.0,150.0,FLR_M01569521,testing,Day_4,2026-05-04T160053Z,test_last,test_sessions_last,last_40
104,4046.421984,4061.038976,3.346975999999813,3,3,Success,OFF,0.0,150.0,FLR_M01569521,testing,Day_4,2026-05-04T160053Z,test_last,test_sessions_last,last_40
74,12861.094496,12876.981984,5.012000000000626,-1,12,Miss,OFF,,150.0,FLR_M01569521,testing,Day_6,2026-05-06T180453Z,test_last,test_sessions_last,last_40
75,12877.981984,12892.674976,2.004000000000815,12,12,Success,OFF,0.0,150.0,FLR_M01569521,testing,Day_6,2026-05-06T180453Z,test_last,test_sessions_last,last_40
76,12893.674976,12904.98,2.209023999999772,12,12,Success,OFF,0.0,150.0,FLR_M01569521,testing,Day_6,2026-05-06T180453Z,test_last,test_sessions_last,last_40
77,12905.98,12917.880992,3.7609919999995327,12,12,Success,OFF,0.0,150.0,FLR_M01569521,testing,Day_6,2026-05-06T180453Z,test_last,test_sessions_last,last_40
78,12918.880992,12927.6,2.079008000000613,12,12,Success,OFF,0.0,150.0,FLR_M01569521,testing,Day_6,2026-05-06T180453Z,test_last,test_sessions_last,last_40
79,12928.6,12940.682496,3.7605119999989256,12,12,Success,OFF,0.0,150.0,FLR_M01569521,testing,Day_6,2026-05-06T180453Z,test_last,test_sessions_last,last_40
80,12941.682496,12957.485984,1.4639999999999418,12,12,Success,OFF,0.0,150.0,FLR_M01569521,testing,Day_6,2026-05-06T180453Z,test_last,test_sessions_last,last_40
81,12958.485984,12986.902976,2.0809919999992417,12,12,Success,OFF,0.0,150.0,FLR_M01569521,testing,Day_6,2026-05-06T180453Z,test_last,test_sessions_last,last_40
82,12987.902976,13001.622976,4.452000000001135,12,12,Success,OFF,0.0,150.0,FLR_M01569521,testing,Day_6,2026-05-06T180453Z,test_last,test_sessions_last,last_40
83,13002.622976,13013.90848,2.2855039999994915,12,12,Success,OFF,0.0,150.0,FLR_M01569521,testing,Day_6,2026-05-06T180453Z,test_last,test_sessions_last,last_40
84,13014.90848,13034.049984,4.22899199999847,12,12,Success,OFF,0.0,150.0,FLR_M01569521,testing,Day_6,2026-05-06T180453Z,test_last,test_sessions_last,last_40
85,13035.049984,13044.814496,3.443520000000717,12,12,Success,OFF,0.0,150.0,FLR_M01569521,testing,Day_6,2026-05-06T180453Z,test_last,test_sessions_last,last_40
86,13045.814496,13073.781984,5.011999999998807,-1,12,Miss,OFF,,150.0,FLR_M01569521,testing,Day_6,2026-05-06T180453Z,test_last,test_sessions_last,last_40
87,13074.781984,13214.821984,3.9009920000007696,12,12,Success,OFF,0.0,150.0,FLR_M01569521,testing,Day_6,2026-05-06T180453Z,test_last,test_sessions_last,last_40
88,13215.821984,13490.178976,4.008991999999125,12,12,Success,OFF,0.0,150.0,FLR_M01569521,testing,Day_6,2026-05-06T180453Z,test_last,test_sessions_last,last_40
89,13491.178976,13517.881984,5.011999999998807,-1,12,Miss,OFF,,150.0,FLR_M01569521,testing,Day_6,2026-05-06T180453Z,test_last,test_sessions_last,last_40
90,13518.881984,13667.683488,5.012512000001152,-1,12,Miss,OFF,,150.0,FLR_M01569521,testing,Day_6,2026-05-06T180453Z,test_last,test_sessions_last,last_40
91,13668.683488,13680.439488,2.1184959999991406,12,12,Success,OFF,0.0,150.0,FLR_M01569521,testing,Day_6,2026-05-06T180453Z,test_last,test_sessions_last,last_40
92,13681.439488,13707.181984,5.01299199999994,-1,12,Miss,OFF,,150.0,FLR_M01569521,testing,Day_6,2026-05-06T180453Z,test_last,test_sessions_last,last_40
93,13708.181984,13740.736992,4.015999999999622,12,12,Success,OFF,0.0,150.0,FLR_M01569521,testing,Day_6,2026-05-06T180453Z,test_last,test_sessions_last,last_40
94,13741.736992,13779.903488,4.383487999999488,12,12,Success,OFF,0.0,150.0,FLR_M01569521,testing,Day_6,2026-05-06T180453Z,test_last,test_sessions_last,last_40
95,13780.903488,13836.097504,2.4775039999985893,12,12,Success,OFF,0.0,150.0,FLR_M01569521,testing,Day_6,2026-05-06T180453Z,test_last,test_sessions_last,last_40
96,13837.097504,13855.332992,5.01299199999994,-1,12,Miss,OFF,,150.0,FLR_M01569521,testing,Day_6,2026-05-06T180453Z,test_last,test_sessions_last,last_40
97,13856.332992,13874.024992,3.9550080000008165,12,12,Success,OFF,0.0,150.0,FLR_M01569521,testing,Day_6,2026-05-06T180453Z,test_last,test_sessions_last,last_40
98,13875.024992,13888.764,3.6410239999986516,12,12,Success,OFF,0.0,150.0,FLR_M01569521,testing,Day_6,2026-05-06T180453Z,test_last,test_sessions_last,last_40
99,13889.764,13901.101984,1.9819840000000113,12,12,Success,OFF,0.0,150.0,FLR_M01569521,testing,Day_6,2026-05-06T180453Z,test_last,test_sessions_last,last_40
100,13902.101984,13916.468992,3.8980159999991884,12,12,Success,OFF,0.0,150.0,FLR_M01569521,testing,Day_6,2026-05-06T180453Z,test_last,test_sessions_last,last_40
101,13917.468992,13931.818976,2.5979839999999967,12,12,Success,OFF,0.0,150.0,FLR_M01569521,testing,Day_6,2026-05-06T180453Z,test_last,test_sessions_last,last_40
102,13932.818976,13943.874976,3.2039999999997235,12,12,Success,OFF,0.0,150.0,FLR_M01569521,testing,Day_6,2026-05-06T180453Z,test_last,test_sessions_last,last_40
103,13944.874976,13958.232,5.012000000000626,12,12,Success,OFF,0.0,150.0,FLR_M01569521,testing,Day_6,2026-05-06T180453Z,test_last,test_sessions_last,last_40
104,13959.232,13982.733984,2.963999999999942,12,12,Success,OFF,0.0,150.0,FLR_M01569521,testing,Day_6,2026-05-06T180453Z,test_last,test_sessions_last,last_40
105,13983.733984,13995.252,1.0810240000009799,12,12,Success,OFF,0.0,150.0,FLR_M01569521,testing,Day_6,2026-05-06T180453Z,test_last,test_sessions_last,last_40
106,13996.252,14010.452992,4.283999999999651,12,12,Success,OFF,0.0,150.0,FLR_M01569521,testing,Day_6,2026-05-06T180453Z,test_last,test_sessions_last,last_40
107,14011.452992,14021.046976,2.426975999998831,12,12,Success,OFF,0.0,150.0,FLR_M01569521,testing,Day_6,2026-05-06T180453Z,test_last,test_sessions_last,last_40
108,14022.046976,14045.184992,5.015008000000307,-1,12,Miss,OFF,,150.0,FLR_M01569521,testing,Day_6,2026-05-06T180453Z,test_last,test_sessions_last,last_40
109,14046.184992,14061.634496,3.763520000000426,12,12,Success,OFF,0.0,150.0,FLR_M01569521,testing,Day_6,2026-05-06T180453Z,test_last,test_sessions_last,last_40
110,14062.634496,14074.950976,2.930975999999646,12,12,Success,OFF,0.0,150.0,FLR_M01569521,testing,Day_6,2026-05-06T180453Z,test_last,test_sessions_last,last_40
111,14075.950976,14086.593984,1.8239999999987049,12,12,Success,OFF,0.0,150.0,FLR_M01569521,testing,Day_6,2026-05-06T180453Z,test_last,test_sessions_last,last_40
112,14087.593984,14105.628,3.157024000000092,12,12,Success,OFF,0.0,150.0,FLR_M01569521,testing,Day_6,2026-05-06T180453Z,test_last,test_sessions_last,last_40
113,14106.628,14146.036,5.015999999999622,-1,12,Miss,OFF,,150.0,FLR_M01569521,testing,Day_6,2026-05-06T180453Z,test_last,test_sessions_last,last_40
72,37336.006496,37347.638496,1.9235199999966426,6,6,Success,OFF,0.0,150.0,FLR_M01569521,testing,Day_7,2026-05-07T184152Z,test_last,test_sessions_last,last_40
73,37348.638496,37361.806976,2.3909760000024107,6,6,Success,OFF,0.0,150.0,FLR_M01569521,testing,Day_7,2026-05-07T184152Z,test_last,test_sessions_last,last_40
1,37436.926976,37452.220992,5.084000000002561,-1,6,Miss,OFF,,150.0,FLR_M01569521,testing,Day_7,2026-05-07T190228Z,test_last,test_sessions_last,last_40
2,37453.220992,37463.756992,2.3169920000000275,6,6,Success,OFF,0.0,150.0,FLR_M01569521,testing,Day_7,2026-05-07T190228Z,test_last,test_sessions_last,last_40
3,37464.756992,37476.976,3.088000000003376,6,6,Success,OFF,0.0,150.0,FLR_M01569521,testing,Day_7,2026-05-07T190228Z,test_last,test_sessions_last,last_40
4,37477.976,37488.856,3.418016000003263,6,6,Success,OFF,0.0,150.0,FLR_M01569521,testing,Day_7,2026-05-07T190228Z,test_last,test_sessions_last,last_40
5,37489.856,37509.260992,2.972992000002705,6,6,Success,OFF,0.0,150.0,FLR_M01569521,testing,Day_7,2026-05-07T190228Z,test_last,test_sessions_last,last_40
6,37510.260992,37527.957984,5.019008000002941,-1,6,Miss,OFF,,150.0,FLR_M01569521,testing,Day_7,2026-05-07T190228Z,test_last,test_sessions_last,last_40
7,37528.957984,37558.257984,3.817984000001161,6,6,Success,OFF,0.0,150.0,FLR_M01569521,testing,Day_7,2026-05-07T190228Z,test_last,test_sessions_last,last_40
8,37559.257984,37575.200992,5.011999999995169,-1,6,Miss,OFF,,150.0,FLR_M01569521,testing,Day_7,2026-05-07T190228Z,test_last,test_sessions_last,last_40
9,37576.200992,37598.276992,1.788992000001599,6,6,Success,OFF,0.0,150.0,FLR_M01569521,testing,Day_7,2026-05-07T190228Z,test_last,test_sessions_last,last_40
10,37599.276992,37633.356992,5.019008000002941,-1,6,Miss,OFF,,150.0,FLR_M01569521,testing,Day_7,2026-05-07T190228Z,test_last,test_sessions_last,last_40
11,37634.356992,37682.936,2.598016000003554,6,6,Success,OFF,0.0,150.0,FLR_M01569521,testing,Day_7,2026-05-07T190228Z,test_last,test_sessions_last,last_40
12,37683.936,37721.450976,5.010975999997754,-1,6,Miss,OFF,,150.0,FLR_M01569521,testing,Day_7,2026-05-07T190228Z,test_last,test_sessions_last,last_40
13,37722.450976,37733.244992,2.5049920000019483,6,6,Success,OFF,0.0,150.0,FLR_M01569521,testing,Day_7,2026-05-07T190228Z,test_last,test_sessions_last,last_40
14,37734.244992,37747.817984,3.1310080000039306,6,6,Success,OFF,0.0,150.0,FLR_M01569521,testing,Day_7,2026-05-07T190228Z,test_last,test_sessions_last,last_40
15,37748.817984,37770.557984,2.619008000001486,6,6,Success,OFF,0.0,150.0,FLR_M01569521,testing,Day_7,2026-05-07T190228Z,test_last,test_sessions_last,last_40
16,37771.557984,37788.304992,2.4670079999996233,6,6,Success,OFF,0.0,150.0,FLR_M01569521,testing,Day_7,2026-05-07T190228Z,test_last,test_sessions_last,last_40
17,37789.304992,37810.518976,3.1809920000014245,6,6,Success,OFF,0.0,150.0,FLR_M01569521,testing,Day_7,2026-05-07T190228Z,test_last,test_sessions_last,last_40
18,37811.518976,37827.016,3.6770240000041667,6,6,Success,OFF,0.0,150.0,FLR_M01569521,testing,Day_7,2026-05-07T190228Z,test_last,test_sessions_last,last_40
19,37828.016,37853.153504,2.6635200000018813,6,6,Success,OFF,0.0,150.0,FLR_M01569521,testing,Day_7,2026-05-07T190228Z,test_last,test_sessions_last,last_40
20,37854.153504,37872.461984,2.475008000001253,6,6,Success,OFF,0.0,150.0,FLR_M01569521,testing,Day_7,2026-05-07T190228Z,test_last,test_sessions_last,last_40
21,37873.461984,37900.630496,3.393503999999666,6,6,Success,OFF,0.0,150.0,FLR_M01569521,testing,Day_7,2026-05-07T190228Z,test_last,test_sessions_last,last_40
22,37901.630496,37910.249984,2.0139840000047116,6,6,Success,OFF,0.0,150.0,FLR_M01569521,testing,Day_7,2026-05-07T190228Z,test_last,test_sessions_last,last_40
23,37911.249984,37958.496992,4.810016000003088,6,6,Success,OFF,0.0,150.0,FLR_M01569521,testing,Day_7,2026-05-07T190228Z,test_last,test_sessions_last,last_40
24,37959.496992,37969.892992,2.455999999998312,6,6,Success,OFF,0.0,150.0,FLR_M01569521,testing,Day_7,2026-05-07T190228Z,test_last,test_sessions_last,last_40
25,37970.892992,37983.325504,1.9365120000002207,6,6,Success,OFF,0.0,150.0,FLR_M01569521,testing,Day_7,2026-05-07T190228Z,test_last,test_sessions_last,last_40
26,37984.325504,37994.872,1.6340160000036121,6,6,Success,OFF,0.0,150.0,FLR_M01569521,testing,Day_7,2026-05-07T190228Z,test_last,test_sessions_last,last_40
27,37995.872,38007.213984,1.2769919999991544,6,6,Success,OFF,0.0,150.0,FLR_M01569521,testing,Day_7,2026-05-07T190228Z,test_last,test_sessions_last,last_40
28,38008.213984,38019.985984,1.449983999998949,6,6,Success,OFF,0.0,150.0,FLR_M01569521,testing,Day_7,2026-05-07T190228Z,test_last,test_sessions_last,last_40
29,38020.985984,38035.377984,3.6899839999969117,6,6,Success,OFF,0.0,150.0,FLR_M01569521,testing,Day_7,2026-05-07T190228Z,test_last,test_sessions_last,last_40
30,38036.377984,38052.124,2.18601600000693,6,6,Success,OFF,0.0,150.0,FLR_M01569521,testing,Day_7,2026-05-07T190228Z,test_last,test_sessions_last,last_40
31,38053.124,38085.454976,2.3689920000033453,6,6,Success,OFF,0.0,150.0,FLR_M01569521,testing,Day_7,2026-05-07T190228Z,test_last,test_sessions_last,last_40
32,38086.454976,38118.025504,2.4865279999939958,6,6,Success,OFF,0.0,150.0,FLR_M01569521,testing,Day_7,2026-05-07T190228Z,test_last,test_sessions_last,last_40
33,38119.025504,38129.492992,3.0049920000019483,6,6,Success,OFF,0.0,150.0,FLR_M01569521,testing,Day_7,2026-05-07T190228Z,test_last,test_sessions_last,last_40
34,38130.492992,38151.764992,2.330015999999887,6,6,Success,OFF,0.0,150.0,FLR_M01569521,testing,Day_7,2026-05-07T190228Z,test_last,test_sessions_last,last_40
35,38152.764992,38168.604,2.217023999997764,6,6,Success,OFF,0.0,150.0,FLR_M01569521,testing,Day_7,2026-05-07T190228Z,test_last,test_sessions_last,last_40
36,38169.604,38181.698976,3.462976000002527,6,6,Success,OFF,0.0,150.0,FLR_M01569521,testing,Day_7,2026-05-07T190228Z,test_last,test_sessions_last,last_40
37,38182.698976,38197.160992,2.422015999996802,6,6,Success,OFF,0.0,150.0,FLR_M01569521,testing,Day_7,2026-05-07T190228Z,test_last,test_sessions_last,last_40
38,38198.160992,38294.051488,5.015487999997276,-1,6,Miss,OFF,,150.0,FLR_M01569521,testing,Day_7,2026-05-07T190228Z,test_last,test_sessions_last,last_40
13,6754.313504,6770.351488,5.011488000000099,-1,15,Miss,OFF,,150.0,FbR_M01569522,testing,Day_1,2026-04-30T170040Z,test_last,test_sessions_last,last_25
14,6771.351488,6786.436992,3.9960000000000946,15,15,Success,OFF,0.0,150.0,FbR_M01569522,testing,Day_1,2026-04-30T170040Z,test_last,test_sessions_last,last_25
15,6787.436992,6804.904992,4.212991999999758,15,15,Success,OFF,0.0,150.0,FbR_M01569522,testing,Day_1,2026-04-30T170040Z,test_last,test_sessions_last,last_25
16,6805.904992,6821.224992,2.1329920000007405,15,15,Success,OFF,0.0,150.0,FbR_M01569522,testing,Day_1,2026-04-30T170040Z,test_last,test_sessions_last,last_25
17,6822.224992,6835.993504,3.4535040000000663,16,15,Failure,OFF,20.0,150.0,FbR_M01569522,testing,Day_1,2026-04-30T170040Z,test_last,test_sessions_last,last_25
18,6836.993504,6852.521792,2.1817919999994047,15,15,Success,OFF,0.0,150.0,FbR_M01569522,testing,Day_1,2026-04-30T170040Z,test_last,test_sessions_last,last_25
19,6853.521792,6863.222496,2.4335040000005392,15,15,Success,OFF,0.0,150.0,FbR_M01569522,testing,Day_1,2026-04-30T170040Z,test_last,test_sessions_last,last_25
20,6864.222496,6880.08048,3.0404799999996612,15,15,Success,OFF,0.0,150.0,FbR_M01569522,testing,Day_1,2026-04-30T170040Z,test_last,test_sessions_last,last_25
21,6881.08048,6896.153984,1.7639999999992142,15,15,Success,OFF,0.0,150.0,FbR_M01569522,testing,Day_1,2026-04-30T170040Z,test_last,test_sessions_last,last_25
22,6897.153984,6933.788,4.647007999999914,15,15,Success,OFF,0.0,150.0,FbR_M01569522,testing,Day_1,2026-04-30T170040Z,test_last,test_sessions_last,last_25
23,6934.788,6950.084,2.242016000000149,15,15,Success,OFF,0.0,150.0,FbR_M01569522,testing,Day_1,2026-04-30T170040Z,test_last,test_sessions_last,last_25
24,6951.084,6970.636992,2.6480000000001382,15,15,Success,OFF,0.0,150.0,FbR_M01569522,testing,Day_1,2026-04-30T170040Z,test_last,test_sessions_last,last_25
25,6971.636992,6984.59648,2.406496000000516,15,15,Success,OFF,0.0,150.0,FbR_M01569522,testing,Day_1,2026-04-30T170040Z,test_last,test_sessions_last,last_25
26,6985.59648,6999.089984,2.40099199999986,15,15,Success,OFF,0.0,150.0,FbR_M01569522,testing,Day_1,2026-04-30T170040Z,test_last,test_sessions_last,last_25
27,7000.089984,7008.816992,0.8760000000002037,15,15,Success,OFF,0.0,150.0,FbR_M01569522,testing,Day_1,2026-04-30T170040Z,test_last,test_sessions_last,last_25
28,7009.816992,7019.725984,2.484991999999693,16,15,Failure,OFF,20.0,150.0,FbR_M01569522,testing,Day_1,2026-04-30T170040Z,test_last,test_sessions_last,last_25
29,7020.725984,7030.66048,2.6215039999997316,15,15,Success,OFF,0.0,150.0,FbR_M01569522,testing,Day_1,2026-04-30T170040Z,test_last,test_sessions_last,last_25
30,7031.66048,7050.777504,4.337504000000081,15,15,Success,OFF,0.0,150.0,FbR_M01569522,testing,Day_1,2026-04-30T170040Z,test_last,test_sessions_last,last_25
31,7051.777504,7060.537984,2.197983999999451,15,15,Success,OFF,0.0,150.0,FbR_M01569522,testing,Day_1,2026-04-30T170040Z,test_last,test_sessions_last,last_25
32,7061.537984,7075.621984,2.5830080000005182,15,15,Success,OFF,0.0,150.0,FbR_M01569522,testing,Day_1,2026-04-30T170040Z,test_last,test_sessions_last,last_25
33,7076.621984,7094.425984,3.1859840000006443,15,15,Success,OFF,0.0,150.0,FbR_M01569522,testing,Day_1,2026-04-30T170040Z,test_last,test_sessions_last,last_25
34,7095.425984,7113.940992,2.500992000000224,16,15,Failure,OFF,20.0,150.0,FbR_M01569522,testing,Day_1,2026-04-30T170040Z,test_last,test_sessions_last,last_25
35,7114.940992,7133.74,1.5999999999994543,15,15,Success,OFF,0.0,150.0,FbR_M01569522,testing,Day_1,2026-04-30T170040Z,test_last,test_sessions_last,last_25
36,7134.74,7143.073984,1.8830079999997906,15,15,Success,OFF,0.0,150.0,FbR_M01569522,testing,Day_1,2026-04-30T170040Z,test_last,test_sessions_last,last_25
37,7144.073984,7161.249984,1.8609919999998965,15,15,Success,OFF,0.0,150.0,FbR_M01569522,testing,Day_1,2026-04-30T170040Z,test_last,test_sessions_last,last_25
29,31283.929984,31301.63248,2.050495999999839,8,6,Failure,OFF,40.0,150.0,FbR_M01569522,testing,Day_2,2026-05-01T182520Z,test_last,test_sessions_last,last_25
30,31302.63248,31321.26,5.027999999998428,-1,6,Miss,OFF,,150.0,FbR_M01569522,testing,Day_2,2026-05-01T182520Z,test_last,test_sessions_last,last_25
31,31322.26,31517.157984,5.02598399999988,-1,6,Miss,OFF,,150.0,FbR_M01569522,testing,Day_2,2026-05-01T182520Z,test_last,test_sessions_last,last_25
32,31518.157984,31548.89248,5.009503999997833,-1,6,Miss,OFF,,150.0,FbR_M01569522,testing,Day_2,2026-05-01T182520Z,test_last,test_sessions_last,last_25
33,31549.89248,31569.760992,5.027999999998428,-1,6,Miss,OFF,,150.0,FbR_M01569522,testing,Day_2,2026-05-01T182520Z,test_last,test_sessions_last,last_25
34,31570.760992,31587.748,1.8150080000013986,7,6,Failure,OFF,20.0,150.0,FbR_M01569522,testing,Day_2,2026-05-01T182520Z,test_last,test_sessions_last,last_25
35,31588.748,31608.672,1.139999999999418,6,6,Success,OFF,0.0,150.0,FbR_M01569522,testing,Day_2,2026-05-01T182520Z,test_last,test_sessions_last,last_25
36,31609.672,31621.512,4.879999999997381,7,6,Failure,OFF,20.0,150.0,FbR_M01569522,testing,Day_2,2026-05-01T182520Z,test_last,test_sessions_last,last_25
37,31622.512,31639.557504,4.425503999998909,7,6,Failure,OFF,20.0,150.0,FbR_M01569522,testing,Day_2,2026-05-01T182520Z,test_last,test_sessions_last,last_25
38,31640.557504,31662.918496,1.3375039999991714,6,6,Success,OFF,0.0,150.0,FbR_M01569522,testing,Day_2,2026-05-01T182520Z,test_last,test_sessions_last,last_25
39,31663.918496,31682.796,3.7119999999995343,7,6,Failure,OFF,20.0,150.0,FbR_M01569522,testing,Day_2,2026-05-01T182520Z,test_last,test_sessions_last,last_25
40,31683.796,31700.486976,2.5539840000019467,7,6,Failure,OFF,20.0,150.0,FbR_M01569522,testing,Day_2,2026-05-01T182520Z,test_last,test_sessions_last,last_25
41,31701.486976,31709.980992,2.5990080000010494,6,6,Success,OFF,0.0,150.0,FbR_M01569522,testing,Day_2,2026-05-01T182520Z,test_last,test_sessions_last,last_25
42,31710.980992,31718.477984,0.9459840000017721,6,6,Success,OFF,0.0,150.0,FbR_M01569522,testing,Day_2,2026-05-01T182520Z,test_last,test_sessions_last,last_25
43,31719.477984,31737.644,3.213024000000587,6,6,Success,OFF,0.0,150.0,FbR_M01569522,testing,Day_2,2026-05-01T182520Z,test_last,test_sessions_last,last_25
44,31738.644,31758.00848,3.025504000001092,7,6,Failure,OFF,20.0,150.0,FbR_M01569522,testing,Day_2,2026-05-01T182520Z,test_last,test_sessions_last,last_25
45,31759.00848,31777.76048,3.3295040000011795,6,6,Success,OFF,0.0,150.0,FbR_M01569522,testing,Day_2,2026-05-01T182520Z,test_last,test_sessions_last,last_25
46,31778.76048,31794.133984,2.4529919999986305,6,6,Success,OFF,0.0,150.0,FbR_M01569522,testing,Day_2,2026-05-01T182520Z,test_last,test_sessions_last,last_25
47,31795.133984,31821.16,5.029023999999481,-1,6,Miss,OFF,,150.0,FbR_M01569522,testing,Day_2,2026-05-01T182520Z,test_last,test_sessions_last,last_25
48,31822.16,31841.182976,4.851999999998952,6,6,Success,OFF,0.0,150.0,FbR_M01569522,testing,Day_2,2026-05-01T182520Z,test_last,test_sessions_last,last_25
49,31842.182976,31859.158976,3.0759999999972933,6,6,Success,OFF,0.0,150.0,FbR_M01569522,testing,Day_2,2026-05-01T182520Z,test_last,test_sessions_last,last_25
50,31860.158976,31885.94,5.0090239999990445,-1,6,Miss,OFF,,150.0,FbR_M01569522,testing,Day_2,2026-05-01T182520Z,test_last,test_sessions_last,last_25
51,31886.94,31916.532992,2.6520000000018626,16,6,Failure,OFF,-160.0,150.0,FbR_M01569522,testing,Day_2,2026-05-01T182520Z,test_last,test_sessions_last,last_25
52,31917.532992,32265.657984,5.0240000000012515,-1,6,Miss,OFF,,150.0,FbR_M01569522,testing,Day_2,2026-05-01T182520Z,test_last,test_sessions_last,last_25
53,32266.657984,32322.143488,5.010496000002604,-1,6,Miss,OFF,,150.0,FbR_M01569522,testing,Day_2,2026-05-01T182520Z,test_last,test_sessions_last,last_25
51,20034.458976,20052.94448,1.7714879999984987,14,14,Success,OFF,0.0,150.0,FbR_M01569522,testing,Day_3,2026-05-02T170316Z,test_last,test_sessions_last,last_25
52,20053.94448,20073.36,1.7370240000018384,14,14,Success,OFF,0.0,150.0,FbR_M01569522,testing,Day_3,2026-05-02T170316Z,test_last,test_sessions_last,last_25
53,20074.36,20096.385984,3.0619839999999385,14,14,Success,OFF,0.0,150.0,FbR_M01569522,testing,Day_3,2026-05-02T170316Z,test_last,test_sessions_last,last_25
54,20097.385984,20115.288,5.014016000000993,-1,14,Miss,OFF,,150.0,FbR_M01569522,testing,Day_3,2026-05-02T170316Z,test_last,test_sessions_last,last_25
55,20116.288,20128.725984,2.2019839999993565,14,14,Success,OFF,0.0,150.0,FbR_M01569522,testing,Day_3,2026-05-02T170316Z,test_last,test_sessions_last,last_25
56,20129.725984,20191.437984,5.01299199999994,-1,14,Miss,OFF,,150.0,FbR_M01569522,testing,Day_3,2026-05-02T170316Z,test_last,test_sessions_last,last_25
57,20192.437984,20227.301984,3.625984000002063,14,14,Success,OFF,0.0,150.0,FbR_M01569522,testing,Day_3,2026-05-02T170316Z,test_last,test_sessions_last,last_25
58,20228.301984,20244.668,2.3919999999998254,14,14,Success,OFF,0.0,150.0,FbR_M01569522,testing,Day_3,2026-05-02T170316Z,test_last,test_sessions_last,last_25
59,20245.668,20361.461984,4.739008000000467,14,14,Success,OFF,0.0,150.0,FbR_M01569522,testing,Day_3,2026-05-02T170316Z,test_last,test_sessions_last,last_25
60,20362.461984,20385.668992,2.344991999998456,14,14,Success,OFF,0.0,150.0,FbR_M01569522,testing,Day_3,2026-05-02T170316Z,test_last,test_sessions_last,last_25
61,20386.668992,20434.548992,2.9759999999987485,15,14,Failure,OFF,20.0,150.0,FbR_M01569522,testing,Day_3,2026-05-02T170316Z,test_last,test_sessions_last,last_25
62,20435.548992,20452.228,1.504000000000815,14,14,Success,OFF,0.0,150.0,FbR_M01569522,testing,Day_3,2026-05-02T170316Z,test_last,test_sessions_last,last_25
63,20453.228,20471.572,2.7999999999992724,14,14,Success,OFF,0.0,150.0,FbR_M01569522,testing,Day_3,2026-05-02T170316Z,test_last,test_sessions_last,last_25
64,20472.572,20490.890496,2.7645120000015595,14,14,Success,OFF,0.0,150.0,FbR_M01569522,testing,Day_3,2026-05-02T170316Z,test_last,test_sessions_last,last_25
65,20491.890496,20502.896,2.9230080000015732,14,14,Success,OFF,0.0,150.0,FbR_M01569522,testing,Day_3,2026-05-02T170316Z,test_last,test_sessions_last,last_25
66,20503.896,20530.537984,5.015999999999622,-1,14,Miss,OFF,,150.0,FbR_M01569522,testing,Day_3,2026-05-02T170316Z,test_last,test_sessions_last,last_25
67,20531.537984,20550.205504,4.833504000001994,14,14,Success,OFF,0.0,150.0,FbR_M01569522,testing,Day_3,2026-05-02T170316Z,test_last,test_sessions_last,last_25
68,20551.205504,20585.44,5.017023999997036,-1,14,Miss,OFF,,150.0,FbR_M01569522,testing,Day_3,2026-05-02T170316Z,test_last,test_sessions_last,last_25
69,20586.44,20625.24,2.117024000002857,16,14,Failure,OFF,40.0,150.0,FbR_M01569522,testing,Day_3,2026-05-02T170316Z,test_last,test_sessions_last,last_25
70,20626.24,20639.090496,2.818495999999868,14,14,Success,OFF,0.0,150.0,FbR_M01569522,testing,Day_3,2026-05-02T170316Z,test_last,test_sessions_last,last_25
71,20640.090496,20664.942976,5.020991999997932,-1,14,Miss,OFF,,150.0,FbR_M01569522,testing,Day_3,2026-05-02T170316Z,test_last,test_sessions_last,last_25
72,20665.942976,20687.392,5.01801599999817,-1,14,Miss,OFF,,150.0,FbR_M01569522,testing,Day_3,2026-05-02T170316Z,test_last,test_sessions_last,last_25
73,20688.392,20715.142976,5.020991999997932,-1,14,Miss,OFF,,150.0,FbR_M01569522,testing,Day_3,2026-05-02T170316Z,test_last,test_sessions_last,last_25
74,20716.142976,20748.866976,3.7960000000020955,14,14,Success,OFF,0.0,150.0,FbR_M01569522,testing,Day_3,2026-05-02T170316Z,test_last,test_sessions_last,last_25
75,20749.866976,20776.64448,5.020479999999225,-1,14,Miss,OFF,,150.0,FbR_M01569522,testing,Day_3,2026-05-02T170316Z,test_last,test_sessions_last,last_25
47,16531.592992,16555.66048,4.624479999998584,5,5,Success,OFF,0.0,150.0,FbR_M01569522,testing,Day_4,2026-05-03T164101Z,test_last,test_sessions_last,last_25
48,16556.66048,16583.264,3.579008000000613,5,5,Success,OFF,0.0,150.0,FbR_M01569522,testing,Day_4,2026-05-03T164101Z,test_last,test_sessions_last,last_25
49,16584.264,16602.345504,4.154527999999118,5,5,Success,OFF,0.0,150.0,FbR_M01569522,testing,Day_4,2026-05-03T164101Z,test_last,test_sessions_last,last_25
50,16603.345504,16616.284992,2.3489919999992708,5,5,Success,OFF,0.0,150.0,FbR_M01569522,testing,Day_4,2026-05-03T164101Z,test_last,test_sessions_last,last_25
51,16617.284992,16630.152,5.015007999998488,-1,5,Miss,OFF,,150.0,FbR_M01569522,testing,Day_4,2026-05-03T164101Z,test_last,test_sessions_last,last_25
52,16631.152,16654.252992,2.9169920000022103,5,5,Success,OFF,0.0,150.0,FbR_M01569522,testing,Day_4,2026-05-03T164101Z,test_last,test_sessions_last,last_25
53,16655.252992,16671.526496,3.989503999997396,5,5,Success,OFF,0.0,150.0,FbR_M01569522,testing,Day_4,2026-05-03T164101Z,test_last,test_sessions_last,last_25
54,16672.526496,16694.621984,1.836992000000464,5,5,Success,OFF,0.0,150.0,FbR_M01569522,testing,Day_4,2026-05-03T164101Z,test_last,test_sessions_last,last_25
55,16695.621984,16717.949984,2.365984000000026,5,5,Success,OFF,0.0,150.0,FbR_M01569522,testing,Day_4,2026-05-03T164101Z,test_last,test_sessions_last,last_25
56,16718.949984,16734.297984,2.4110079999991285,4,5,Failure,OFF,-20.0,150.0,FbR_M01569522,testing,Day_4,2026-05-03T164101Z,test_last,test_sessions_last,last_25
57,16735.297984,16778.949984,4.164991999998165,5,5,Success,OFF,0.0,150.0,FbR_M01569522,testing,Day_4,2026-05-03T164101Z,test_last,test_sessions_last,last_25
58,16779.949984,16791.492992,2.807007999999769,5,5,Success,OFF,0.0,150.0,FbR_M01569522,testing,Day_4,2026-05-03T164101Z,test_last,test_sessions_last,last_25
59,16792.492992,16819.025984,1.9910080000008747,5,5,Success,OFF,0.0,150.0,FbR_M01569522,testing,Day_4,2026-05-03T164101Z,test_last,test_sessions_last,last_25
60,16820.025984,16839.404992,2.5200000000004366,5,5,Success,OFF,0.0,150.0,FbR_M01569522,testing,Day_4,2026-05-03T164101Z,test_last,test_sessions_last,last_25
61,16840.404992,16869.333984,2.900000000001455,5,5,Success,OFF,0.0,150.0,FbR_M01569522,testing,Day_4,2026-05-03T164101Z,test_last,test_sessions_last,last_25
62,16870.333984,16889.747488,5.0135040000022855,-1,5,Miss,OFF,,150.0,FbR_M01569522,testing,Day_4,2026-05-03T164101Z,test_last,test_sessions_last,last_25
63,16890.747488,16916.08,1.0430080000005546,5,5,Success,OFF,0.0,150.0,FbR_M01569522,testing,Day_4,2026-05-03T164101Z,test_last,test_sessions_last,last_25
64,16917.08,16927.612,1.4780160000009346,5,5,Success,OFF,0.0,150.0,FbR_M01569522,testing,Day_4,2026-05-03T164101Z,test_last,test_sessions_last,last_25
65,16928.612,16943.928992,1.8449920000020938,5,5,Success,OFF,0.0,150.0,FbR_M01569522,testing,Day_4,2026-05-03T164101Z,test_last,test_sessions_last,last_25
66,16944.928992,16960.595488,5.009503999997833,-1,5,Miss,OFF,,150.0,FbR_M01569522,testing,Day_4,2026-05-03T164101Z,test_last,test_sessions_last,last_25
67,16961.595488,16992.397984,3.6640000000006694,5,5,Success,OFF,0.0,150.0,FbR_M01569522,testing,Day_4,2026-05-03T164101Z,test_last,test_sessions_last,last_25
68,16993.397984,17003.038976,1.6489919999985432,5,5,Success,OFF,0.0,150.0,FbR_M01569522,testing,Day_4,2026-05-03T164101Z,test_last,test_sessions_last,last_25
69,17004.038976,17015.004,2.4700159999993048,5,5,Success,OFF,0.0,150.0,FbR_M01569522,testing,Day_4,2026-05-03T164101Z,test_last,test_sessions_last,last_25
70,17016.004,17033.905984,2.669984000000113,5,5,Success,OFF,0.0,150.0,FbR_M01569522,testing,Day_4,2026-05-03T164101Z,test_last,test_sessions_last,last_25
71,17034.905984,17062.822368,3.4373760000016773,5,5,Success,OFF,0.0,150.0,FbR_M01569522,testing,Day_4,2026-05-03T164101Z,test_last,test_sessions_last,last_25
15,31560.579488,31587.05248,5.015487999997276,-1,17,Miss,OFF,,150.0,FbR_M01569522,testing,Day_6,2026-05-05T182002Z,test_last,test_sessions_last,last_25
16,31588.05248,31603.767488,3.629504000000452,6,17,Failure,OFF,140.0,150.0,FbR_M01569522,testing,Day_6,2026-05-05T182002Z,test_last,test_sessions_last,last_25
17,31604.767488,31615.801216,2.6132160000015574,1,17,Failure,OFF,40.0,150.0,FbR_M01569522,testing,Day_6,2026-05-05T182002Z,test_last,test_sessions_last,last_25
18,31616.801216,31631.953504,5.0145279999997,-1,17,Miss,OFF,,150.0,FbR_M01569522,testing,Day_6,2026-05-05T182002Z,test_last,test_sessions_last,last_25
10,31858.144992,31871.690496,5.0195199999980105,-1,17,Miss,OFF,,150.0,FbR_M01569522,testing,Day_6,2026-05-05T183211Z,test_last,test_sessions_last,last_25
11,31872.690496,31891.789984,5.0179839999982505,-1,17,Miss,OFF,,150.0,FbR_M01569522,testing,Day_6,2026-05-05T183211Z,test_last,test_sessions_last,last_25
12,31892.789984,31905.786976,5.011999999998807,-1,17,Miss,OFF,,150.0,FbR_M01569522,testing,Day_6,2026-05-05T183211Z,test_last,test_sessions_last,last_25
13,31906.786976,31917.044832,2.5738559999990684,0,17,Failure,OFF,20.0,150.0,FbR_M01569522,testing,Day_6,2026-05-05T183211Z,test_last,test_sessions_last,last_25
14,31918.044832,31933.742976,5.02099200000157,-1,17,Miss,OFF,,150.0,FbR_M01569522,testing,Day_6,2026-05-05T183211Z,test_last,test_sessions_last,last_25
15,31934.742976,32024.180992,5.00800000000163,-1,17,Miss,OFF,,150.0,FbR_M01569522,testing,Day_6,2026-05-05T183211Z,test_last,test_sessions_last,last_25
16,32025.180992,32049.433984,3.160992000000988,17,17,Success,OFF,0.0,150.0,FbR_M01569522,testing,Day_6,2026-05-05T183211Z,test_last,test_sessions_last,last_25
17,32050.433984,32069.816,2.042015999999421,4,17,Failure,OFF,100.0,150.0,FbR_M01569522,testing,Day_6,2026-05-05T183211Z,test_last,test_sessions_last,last_25
18,32070.816,32137.396,1.1740160000008473,15,17,Failure,OFF,-40.0,150.0,FbR_M01569522,testing,Day_6,2026-05-05T183211Z,test_last,test_sessions_last,last_25
19,32138.396,32214.611776,3.9387840000017604,2,17,Failure,OFF,60.0,150.0,FbR_M01569522,testing,Day_6,2026-05-05T183211Z,test_last,test_sessions_last,last_25
20,32215.611776,32277.733984,2.16099199999735,14,17,Failure,OFF,-60.0,150.0,FbR_M01569522,testing,Day_6,2026-05-05T183211Z,test_last,test_sessions_last,last_25
11,32608.38848,32623.085984,5.011008000001311,-1,17,Miss,OFF,,150.0,FbR_M01569522,testing,Day_6,2026-05-05T184441Z,test_last,test_sessions_last,last_25
12,32624.085984,32640.408224,4.132223999997223,17,17,Success,OFF,0.0,150.0,FbR_M01569522,testing,Day_6,2026-05-05T184441Z,test_last,test_sessions_last,last_25
13,32641.408224,32661.442976,5.016991999997117,-1,17,Miss,OFF,,150.0,FbR_M01569522,testing,Day_6,2026-05-05T184441Z,test_last,test_sessions_last,last_25
14,32662.442976,32684.093984,4.267007999998896,11,17,Failure,OFF,-120.0,150.0,FbR_M01569522,testing,Day_6,2026-05-05T184441Z,test_last,test_sessions_last,last_25
15,32685.093984,32696.281984,3.855999999999767,14,17,Failure,OFF,-60.0,150.0,FbR_M01569522,testing,Day_6,2026-05-05T184441Z,test_last,test_sessions_last,last_25
16,32697.281984,32724.539488,2.6135039999971923,17,17,Success,OFF,0.0,150.0,FbR_M01569522,testing,Day_6,2026-05-05T184441Z,test_last,test_sessions_last,last_25
17,32725.539488,32742.731552,3.5065600000016275,0,17,Failure,OFF,20.0,150.0,FbR_M01569522,testing,Day_6,2026-05-05T184441Z,test_last,test_sessions_last,last_25
18,32743.731552,32810.338976,5.009983999996621,-1,17,Miss,OFF,,150.0,FbR_M01569522,testing,Day_6,2026-05-05T184441Z,test_last,test_sessions_last,last_25
19,32811.338976,32863.942976,5.0179839999982505,-1,17,Miss,OFF,,150.0,FbR_M01569522,testing,Day_6,2026-05-05T184441Z,test_last,test_sessions_last,last_25
20,32864.942976,32921.421984,3.8479999999981374,16,17,Failure,OFF,-20.0,150.0,FbR_M01569522,testing,Day_6,2026-05-05T184441Z,test_last,test_sessions_last,last_25
30,3425.93776,3487.965984,3.269984000000022,13,4,Failure,OFF,-180.0,150.0,FbR_M01569522,testing,Day_7,2026-05-06T153817Z,test_last,test_sessions_last,last_25
31,3488.965984,3528.976,1.7300159999999778,4,4,Success,OFF,0.0,150.0,FbR_M01569522,testing,Day_7,2026-05-06T153817Z,test_last,test_sessions_last,last_25
32,3529.976,3549.432992,3.436000000000149,13,4,Failure,OFF,-180.0,150.0,FbR_M01569522,testing,Day_7,2026-05-06T153817Z,test_last,test_sessions_last,last_25
11,9152.229984,9174.984,3.1220160000011674,5,4,Failure,OFF,20.0,150.0,FbR_M01569522,testing,Day_7,2026-05-06T172454Z,test_last,test_sessions_last,last_25
12,9175.984,9191.768,5.007999999999811,-1,4,Miss,OFF,,150.0,FbR_M01569522,testing,Day_7,2026-05-06T172454Z,test_last,test_sessions_last,last_25
13,9192.768,9210.877984,5.019008000001122,-1,4,Miss,OFF,,150.0,FbR_M01569522,testing,Day_7,2026-05-06T172454Z,test_last,test_sessions_last,last_25
14,9211.877984,9240.84,2.531007999999929,4,4,Success,OFF,0.0,150.0,FbR_M01569522,testing,Day_7,2026-05-06T172454Z,test_last,test_sessions_last,last_25
15,9241.84,9252.870976,4.3109760000006645,5,4,Failure,OFF,20.0,150.0,FbR_M01569522,testing,Day_7,2026-05-06T172454Z,test_last,test_sessions_last,last_25
16,9253.870976,9266.664,1.554016000000047,5,4,Failure,OFF,20.0,150.0,FbR_M01569522,testing,Day_7,2026-05-06T172454Z,test_last,test_sessions_last,last_25
17,9267.664,9341.400992,4.090016000000105,17,4,Failure,OFF,-100.0,150.0,FbR_M01569522,testing,Day_7,2026-05-06T172454Z,test_last,test_sessions_last,last_25
18,9342.400992,9440.078496,5.020512000000963,-1,4,Miss,OFF,,150.0,FbR_M01569522,testing,Day_7,2026-05-06T172454Z,test_last,test_sessions_last,last_25
19,9441.078496,9497.529984,5.02099200000157,-1,4,Miss,OFF,,150.0,FbR_M01569522,testing,Day_7,2026-05-06T172454Z,test_last,test_sessions_last,last_25
20,9498.529984,9570.874976,1.9139839999988908,5,4,Failure,OFF,20.0,150.0,FbR_M01569522,testing,Day_7,2026-05-06T172454Z,test_last,test_sessions_last,last_25
21,9571.874976,9643.764992,3.0559999999986758,7,4,Failure,OFF,60.0,150.0,FbR_M01569522,testing,Day_7,2026-05-06T172454Z,test_last,test_sessions_last,last_25
22,9644.764992,9772.902976,2.792991999998776,4,4,Success,OFF,0.0,150.0,FbR_M01569522,testing,Day_7,2026-05-06T172454Z,test_last,test_sessions_last,last_25
23,9773.902976,9869.550976,3.740992000000915,4,4,Success,OFF,0.0,150.0,FbR_M01569522,testing,Day_7,2026-05-06T172454Z,test_last,test_sessions_last,last_25
24,9870.550976,9892.384,5.0239999999994325,-1,4,Miss,OFF,,150.0,FbR_M01569522,testing,Day_7,2026-05-06T172454Z,test_last,test_sessions_last,last_25
25,9893.384,9984.420992,5.011999999998807,-1,4,Miss,OFF,,150.0,FbR_M01569522,testing,Day_7,2026-05-06T172454Z,test_last,test_sessions_last,last_25
26,9985.420992,10014.008,1.7980160000006435,4,4,Success,OFF,0.0,150.0,FbR_M01569522,testing,Day_7,2026-05-06T172454Z,test_last,test_sessions_last,last_25
27,10015.008,10038.680992,2.92201600000044,16,4,Failure,OFF,-120.0,150.0,FbR_M01569522,testing,Day_7,2026-05-06T172454Z,test_last,test_sessions_last,last_25
28,10039.680992,10051.800992,2.192992000000231,4,4,Success,OFF,0.0,150.0,FbR_M01569522,testing,Day_7,2026-05-06T172454Z,test_last,test_sessions_last,last_25
29,10052.800992,10069.02,2.261024000001271,5,4,Failure,OFF,20.0,150.0,FbR_M01569522,testing,Day_7,2026-05-06T172454Z,test_last,test_sessions_last,last_25
30,10070.02,10081.241504,3.3835199999994074,4,4,Success,OFF,0.0,150.0,FbR_M01569522,testing,Day_7,2026-05-06T172454Z,test_last,test_sessions_last,last_25
31,10082.241504,10095.154976,2.194976000000679,5,4,Failure,OFF,20.0,150.0,FbR_M01569522,testing,Day_7,2026-05-06T172454Z,test_last,test_sessions_last,last_25
32,10096.154976,10104.474496,2.7144960000005085,8,4,Failure,OFF,80.0,150.0,FbR_M01569522,testing,Day_7,2026-05-06T172454Z,test_last,test_sessions_last,last_25
45,26049.362976,26059.174976,1.8929919999973208,16,16,Success,OFF,0.0,150.0,FLR_M01569521,testing,Day_1,2026-05-01T165212Z,test_last,test_sessions_last,last_25
46,26060.174976,26080.988,5.007008000000496,-1,16,Miss,OFF,,150.0,FLR_M01569521,testing,Day_1,2026-05-01T165212Z,test_last,test_sessions_last,last_25
47,26081.988,26095.04048,5.009504000001471,-1,16,Miss,OFF,,150.0,FLR_M01569521,testing,Day_1,2026-05-01T165212Z,test_last,test_sessions_last,last_25
48,26096.04048,26107.18848,2.4575040000017907,16,16,Success,OFF,0.0,150.0,FLR_M01569521,testing,Day_1,2026-05-01T165212Z,test_last,test_sessions_last,last_25
49,26108.18848,26122.553504,3.0725119999988237,16,16,Success,OFF,0.0,150.0,FLR_M01569521,testing,Day_1,2026-05-01T165212Z,test_last,test_sessions_last,last_25
50,26123.553504,26134.250496,2.3695040000020526,16,16,Success,OFF,0.0,150.0,FLR_M01569521,testing,Day_1,2026-05-01T165212Z,test_last,test_sessions_last,last_25
51,26135.250496,26146.265504,1.7355199999983597,16,16,Success,OFF,0.0,150.0,FLR_M01569521,testing,Day_1,2026-05-01T165212Z,test_last,test_sessions_last,last_25
52,26147.265504,26159.633984,4.304000000000087,16,16,Success,OFF,0.0,150.0,FLR_M01569521,testing,Day_1,2026-05-01T165212Z,test_last,test_sessions_last,last_25
53,26160.633984,26173.481984,3.6009919999996782,16,16,Success,OFF,0.0,150.0,FLR_M01569521,testing,Day_1,2026-05-01T165212Z,test_last,test_sessions_last,last_25
54,26174.481984,26185.465504,2.884512000000541,16,16,Success,OFF,0.0,150.0,FLR_M01569521,testing,Day_1,2026-05-01T165212Z,test_last,test_sessions_last,last_25
55,26186.465504,26195.615488,1.6344959999987623,16,16,Success,OFF,0.0,150.0,FLR_M01569521,testing,Day_1,2026-05-01T165212Z,test_last,test_sessions_last,last_25
56,26196.615488,26205.88848,1.6575040000025183,16,16,Success,OFF,0.0,150.0,FLR_M01569521,testing,Day_1,2026-05-01T165212Z,test_last,test_sessions_last,last_25
57,26206.88848,26247.341504,2.259519999999611,16,16,Success,OFF,0.0,150.0,FLR_M01569521,testing,Day_1,2026-05-01T165212Z,test_last,test_sessions_last,last_25
58,26248.341504,26260.66,2.5279999999984284,16,16,Success,OFF,0.0,150.0,FLR_M01569521,testing,Day_1,2026-05-01T165212Z,test_last,test_sessions_last,last_25
59,26261.66,26279.24,3.2600000000020373,16,16,Success,OFF,0.0,150.0,FLR_M01569521,testing,Day_1,2026-05-01T165212Z,test_last,test_sessions_last,last_25
60,26280.24,26347.365504,3.7355200000019977,16,16,Success,OFF,0.0,150.0,FLR_M01569521,testing,Day_1,2026-05-01T165212Z,test_last,test_sessions_last,last_25
61,26348.365504,26360.95248,2.9215040000017325,16,16,Success,OFF,0.0,150.0,FLR_M01569521,testing,Day_1,2026-05-01T165212Z,test_last,test_sessions_last,last_25
62,26361.95248,26376.766976,2.5869759999986854,16,16,Success,OFF,0.0,150.0,FLR_M01569521,testing,Day_1,2026-05-01T165212Z,test_last,test_sessions_last,last_25
63,26377.766976,26398.693984,3.861984000002849,16,16,Success,OFF,0.0,150.0,FLR_M01569521,testing,Day_1,2026-05-01T165212Z,test_last,test_sessions_last,last_25
64,26399.693984,26414.401504,5.021504000000277,-1,16,Miss,OFF,,150.0,FLR_M01569521,testing,Day_1,2026-05-01T165212Z,test_last,test_sessions_last,last_25
65,26415.401504,26463.929984,2.349983999996766,16,16,Success,OFF,0.0,150.0,FLR_M01569521,testing,Day_1,2026-05-01T165212Z,test_last,test_sessions_last,last_25
66,26464.929984,26474.958976,2.376992000001337,16,16,Success,OFF,0.0,150.0,FLR_M01569521,testing,Day_1,2026-05-01T165212Z,test_last,test_sessions_last,last_25
67,26475.958976,26486.858976,2.725984000000608,16,16,Success,OFF,0.0,150.0,FLR_M01569521,testing,Day_1,2026-05-01T165212Z,test_last,test_sessions_last,last_25
68,26487.858976,26496.77248,2.9904959999985294,16,16,Success,OFF,0.0,150.0,FLR_M01569521,testing,Day_1,2026-05-01T165212Z,test_last,test_sessions_last,last_25
69,26497.77248,26511.736,5.007008000000496,-1,16,Miss,OFF,,150.0,FLR_M01569521,testing,Day_1,2026-05-01T165212Z,test_last,test_sessions_last,last_25
82,24263.742496,24273.990976,5.014976000002207,-1,5,Miss,OFF,,150.0,FLR_M01569521,testing,Day_2,2026-05-02T175834Z,test_last,test_sessions_last,last_25
83,24274.990976,24295.036992,5.012000000002445,-1,5,Miss,OFF,,150.0,FLR_M01569521,testing,Day_2,2026-05-02T175834Z,test_last,test_sessions_last,last_25
84,24296.036992,24312.337984,5.012000000002445,-1,5,Miss,OFF,,150.0,FLR_M01569521,testing,Day_2,2026-05-02T175834Z,test_last,test_sessions_last,last_25
85,24313.337984,24373.136992,5.011999999998807,-1,5,Miss,OFF,,150.0,FLR_M01569521,testing,Day_2,2026-05-02T175834Z,test_last,test_sessions_last,last_25
86,24374.136992,24392.692992,5.016992000000755,-1,5,Miss,OFF,,150.0,FLR_M01569521,testing,Day_2,2026-05-02T175834Z,test_last,test_sessions_last,last_25
87,24393.692992,24408.442496,5.017503999999462,-1,5,Miss,OFF,,150.0,FLR_M01569521,testing,Day_2,2026-05-02T175834Z,test_last,test_sessions_last,last_25
88,24409.442496,24432.865504,2.489504000001034,5,5,Success,OFF,0.0,150.0,FLR_M01569521,testing,Day_2,2026-05-02T175834Z,test_last,test_sessions_last,last_25
89,24433.865504,24447.992,5.015007999998488,-1,5,Miss,OFF,,150.0,FLR_M01569521,testing,Day_2,2026-05-02T175834Z,test_last,test_sessions_last,last_25
90,24448.992,24457.806976,2.7309759999989183,5,5,Success,OFF,0.0,150.0,FLR_M01569521,testing,Day_2,2026-05-02T175834Z,test_last,test_sessions_last,last_25
91,24458.806976,24471.38848,5.014495999999781,-1,5,Miss,OFF,,150.0,FLR_M01569521,testing,Day_2,2026-05-02T175834Z,test_last,test_sessions_last,last_25
92,24472.38848,24483.988,2.914016000002448,5,5,Success,OFF,0.0,150.0,FLR_M01569521,testing,Day_2,2026-05-02T175834Z,test_last,test_sessions_last,last_25
93,24484.988,24494.113376,2.2893760000006296,8,5,Failure,OFF,60.0,150.0,FLR_M01569521,testing,Day_2,2026-05-02T175834Z,test_last,test_sessions_last,last_25
94,24495.113376,24508.58048,2.104480000001786,5,5,Success,OFF,0.0,150.0,FLR_M01569521,testing,Day_2,2026-05-02T175834Z,test_last,test_sessions_last,last_25
95,24509.58048,24517.84848,2.171487999999954,5,5,Success,OFF,0.0,150.0,FLR_M01569521,testing,Day_2,2026-05-02T175834Z,test_last,test_sessions_last,last_25
96,24518.84848,24529.141984,5.015008000002126,-1,5,Miss,OFF,,150.0,FLR_M01569521,testing,Day_2,2026-05-02T175834Z,test_last,test_sessions_last,last_25
97,24530.141984,24544.84,5.015999999999622,-1,5,Miss,OFF,,150.0,FLR_M01569521,testing,Day_2,2026-05-02T175834Z,test_last,test_sessions_last,last_25
98,24545.84,24556.888992,2.41401599999881,5,5,Success,OFF,0.0,150.0,FLR_M01569521,testing,Day_2,2026-05-02T175834Z,test_last,test_sessions_last,last_25
99,24557.888992,24573.441504,5.017503999999462,-1,5,Miss,OFF,,150.0,FLR_M01569521,testing,Day_2,2026-05-02T175834Z,test_last,test_sessions_last,last_25
100,24574.441504,24590.488992,5.015007999998488,-1,5,Miss,OFF,,150.0,FLR_M01569521,testing,Day_2,2026-05-02T175834Z,test_last,test_sessions_last,last_25
101,24591.488992,24634.989504,5.0135040000022855,-1,5,Miss,OFF,,150.0,FLR_M01569521,testing,Day_2,2026-05-02T175834Z,test_last,test_sessions_last,last_25
102,24635.989504,24651.440992,5.016992000000755,-1,5,Miss,OFF,,150.0,FLR_M01569521,testing,Day_2,2026-05-02T175834Z,test_last,test_sessions_last,last_25
103,24652.440992,24673.942496,5.017503999999462,-1,5,Miss,OFF,,150.0,FLR_M01569521,testing,Day_2,2026-05-02T175834Z,test_last,test_sessions_last,last_25
104,24674.942496,24702.535488,5.012512000001152,-1,5,Miss,OFF,,150.0,FLR_M01569521,testing,Day_2,2026-05-02T175834Z,test_last,test_sessions_last,last_25
105,24703.535488,24730.74048,5.016480000002048,-1,5,Miss,OFF,,150.0,FLR_M01569521,testing,Day_2,2026-05-02T175834Z,test_last,test_sessions_last,last_25
106,24731.74048,24752.541504,5.018528000000515,-1,5,Miss,OFF,,150.0,FLR_M01569521,testing,Day_2,2026-05-02T175834Z,test_last,test_sessions_last,last_25
29,24059.555488,24074.984992,2.554016000001866,14,14,Success,OFF,0.0,150.0,FLR_M01569521,testing,Day_3,2026-05-03T184605Z,test_last,test_sessions_last,last_25
30,24075.984992,24101.01248,4.482496000000538,14,14,Success,OFF,0.0,150.0,FLR_M01569521,testing,Day_3,2026-05-03T184605Z,test_last,test_sessions_last,last_25
31,24102.01248,24113.70848,2.278496000002633,14,14,Success,OFF,0.0,150.0,FLR_M01569521,testing,Day_3,2026-05-03T184605Z,test_last,test_sessions_last,last_25
32,24114.70848,24126.923488,4.59251199999926,14,14,Success,OFF,0.0,150.0,FLR_M01569521,testing,Day_3,2026-05-03T184605Z,test_last,test_sessions_last,last_25
33,24127.923488,24138.272992,2.591999999996915,14,14,Success,OFF,0.0,150.0,FLR_M01569521,testing,Day_3,2026-05-03T184605Z,test_last,test_sessions_last,last_25
34,24139.272992,24153.972992,4.342015999998694,14,14,Success,OFF,0.0,150.0,FLR_M01569521,testing,Day_3,2026-05-03T184605Z,test_last,test_sessions_last,last_25
35,24154.972992,24167.496992,1.9670079999996233,14,14,Success,OFF,0.0,150.0,FLR_M01569521,testing,Day_3,2026-05-03T184605Z,test_last,test_sessions_last,last_25
36,24168.496992,24185.725984,2.495999999999185,14,14,Success,OFF,0.0,150.0,FLR_M01569521,testing,Day_3,2026-05-03T184605Z,test_last,test_sessions_last,last_25
37,24186.725984,24196.933984,2.4529919999986305,14,14,Success,OFF,0.0,150.0,FLR_M01569521,testing,Day_3,2026-05-03T184605Z,test_last,test_sessions_last,last_25
38,24197.933984,24212.56,5.030016000000614,-1,14,Miss,OFF,,150.0,FLR_M01569521,testing,Day_3,2026-05-03T184605Z,test_last,test_sessions_last,last_25
39,24213.56,24233.913504,1.4825280000004568,14,14,Success,OFF,0.0,150.0,FLR_M01569521,testing,Day_3,2026-05-03T184605Z,test_last,test_sessions_last,last_25
40,24234.913504,24247.236,3.30502400000114,14,14,Success,OFF,0.0,150.0,FLR_M01569521,testing,Day_3,2026-05-03T184605Z,test_last,test_sessions_last,last_25
41,24248.236,24274.095488,5.014495999999781,-1,14,Miss,OFF,,150.0,FLR_M01569521,testing,Day_3,2026-05-03T184605Z,test_last,test_sessions_last,last_25
42,24275.095488,24359.138976,4.708991999999853,14,14,Success,OFF,0.0,150.0,FLR_M01569521,testing,Day_3,2026-05-03T184605Z,test_last,test_sessions_last,last_25
43,24360.138976,24375.244992,2.6140159999995376,14,14,Success,OFF,0.0,150.0,FLR_M01569521,testing,Day_3,2026-05-03T184605Z,test_last,test_sessions_last,last_25
44,24376.244992,24393.69648,5.017503999999462,-1,14,Miss,OFF,,150.0,FLR_M01569521,testing,Day_3,2026-05-03T184605Z,test_last,test_sessions_last,last_25
45,24394.69648,24459.408992,4.128992000001745,14,14,Success,OFF,0.0,150.0,FLR_M01569521,testing,Day_3,2026-05-03T184605Z,test_last,test_sessions_last,last_25
46,24460.408992,24483.349984,4.920991999999387,14,14,Success,OFF,0.0,150.0,FLR_M01569521,testing,Day_3,2026-05-03T184605Z,test_last,test_sessions_last,last_25
47,24484.349984,24496.112,2.231999999999971,14,14,Success,OFF,0.0,150.0,FLR_M01569521,testing,Day_3,2026-05-03T184605Z,test_last,test_sessions_last,last_25
48,24497.112,24512.800992,1.9700159999993048,14,14,Success,OFF,0.0,150.0,FLR_M01569521,testing,Day_3,2026-05-03T184605Z,test_last,test_sessions_last,last_25
49,24513.800992,24528.949984,2.7190080000000307,14,14,Success,OFF,0.0,150.0,FLR_M01569521,testing,Day_3,2026-05-03T184605Z,test_last,test_sessions_last,last_25
50,24529.949984,24568.94,4.4110079999991285,14,14,Success,OFF,0.0,150.0,FLR_M01569521,testing,Day_3,2026-05-03T184605Z,test_last,test_sessions_last,last_25
51,24569.94,24578.062496,2.2835199999972247,14,14,Success,OFF,0.0,150.0,FLR_M01569521,testing,Day_3,2026-05-03T184605Z,test_last,test_sessions_last,last_25
52,24579.062496,24593.278976,3.600000000002183,14,14,Success,OFF,0.0,150.0,FLR_M01569521,testing,Day_3,2026-05-03T184605Z,test_last,test_sessions_last,last_25
53,24594.278976,24624.450976,5.021983999999065,-1,14,Miss,OFF,,150.0,FLR_M01569521,testing,Day_3,2026-05-03T184605Z,test_last,test_sessions_last,last_25
80,3652.896,3662.564,1.2230079999999361,3,3,Success,OFF,0.0,150.0,FLR_M01569521,testing,Day_4,2026-05-04T160053Z,test_last,test_sessions_last,last_25
81,3663.564,3677.004,5.010015999999723,-1,3,Miss,OFF,,150.0,FLR_M01569521,testing,Day_4,2026-05-04T160053Z,test_last,test_sessions_last,last_25
82,3678.004,3774.540992,2.748992000000271,3,3,Success,OFF,0.0,150.0,FLR_M01569521,testing,Day_4,2026-05-04T160053Z,test_last,test_sessions_last,last_25
83,3775.540992,3787.688,3.646016000000145,3,3,Success,OFF,0.0,150.0,FLR_M01569521,testing,Day_4,2026-05-04T160053Z,test_last,test_sessions_last,last_25
84,3788.688,3797.784992,2.0430080000001,3,3,Success,OFF,0.0,150.0,FLR_M01569521,testing,Day_4,2026-05-04T160053Z,test_last,test_sessions_last,last_25
85,3798.784992,3807.492,3.0500160000001415,3,3,Success,OFF,0.0,150.0,FLR_M01569521,testing,Day_4,2026-05-04T160053Z,test_last,test_sessions_last,last_25
86,3808.492,3817.092992,1.5510079999999107,3,3,Success,OFF,0.0,150.0,FLR_M01569521,testing,Day_4,2026-05-04T160053Z,test_last,test_sessions_last,last_25
87,3818.092992,3828.046976,3.104000000000269,3,3,Success,OFF,0.0,150.0,FLR_M01569521,testing,Day_4,2026-05-04T160053Z,test_last,test_sessions_last,last_25
88,3829.046976,3844.622976,3.180000000000291,3,3,Success,OFF,0.0,150.0,FLR_M01569521,testing,Day_4,2026-05-04T160053Z,test_last,test_sessions_last,last_25
89,3845.622976,3857.156992,2.612992000000304,3,3,Success,OFF,0.0,150.0,FLR_M01569521,testing,Day_4,2026-05-04T160053Z,test_last,test_sessions_last,last_25
90,3858.156992,3869.228992,3.087007999999969,3,3,Success,OFF,0.0,150.0,FLR_M01569521,testing,Day_4,2026-05-04T160053Z,test_last,test_sessions_last,last_25
91,3870.228992,3880.76448,2.1234879999997247,3,3,Success,OFF,0.0,150.0,FLR_M01569521,testing,Day_4,2026-05-04T160053Z,test_last,test_sessions_last,last_25
92,3881.76448,3892.412,2.519007999999758,3,3,Success,OFF,0.0,150.0,FLR_M01569521,testing,Day_4,2026-05-04T160053Z,test_last,test_sessions_last,last_25
93,3893.412,3903.258976,4.16800000000012,3,3,Success,OFF,0.0,150.0,FLR_M01569521,testing,Day_4,2026-05-04T160053Z,test_last,test_sessions_last,last_25
94,3904.258976,3916.344992,2.5039999999999054,3,3,Success,OFF,0.0,150.0,FLR_M01569521,testing,Day_4,2026-05-04T160053Z,test_last,test_sessions_last,last_25
95,3917.344992,3928.841984,3.300991999999951,3,3,Success,OFF,0.0,150.0,FLR_M01569521,testing,Day_4,2026-05-04T160053Z,test_last,test_sessions_last,last_25
96,3929.841984,3940.040992,4.750016000000414,3,3,Success,OFF,0.0,150.0,FLR_M01569521,testing,Day_4,2026-05-04T160053Z,test_last,test_sessions_last,last_25
97,3941.040992,3952.904,1.811008000000129,3,3,Success,OFF,0.0,150.0,FLR_M01569521,testing,Day_4,2026-05-04T160053Z,test_last,test_sessions_last,last_25
98,3953.904,3971.873984,2.7830079999998816,3,3,Success,OFF,0.0,150.0,FLR_M01569521,testing,Day_4,2026-05-04T160053Z,test_last,test_sessions_last,last_25
99,3972.873984,3983.414976,2.422975999999835,3,3,Success,OFF,0.0,150.0,FLR_M01569521,testing,Day_4,2026-05-04T160053Z,test_last,test_sessions_last,last_25
100,3984.414976,4000.41248,5.0224960000000465,-1,3,Miss,OFF,,150.0,FLR_M01569521,testing,Day_4,2026-05-04T160053Z,test_last,test_sessions_last,last_25
101,4001.41248,4015.080288,2.738303999999971,3,3,Success,OFF,0.0,150.0,FLR_M01569521,testing,Day_4,2026-05-04T160053Z,test_last,test_sessions_last,last_25
102,4016.080288,4031.264992,2.6710079999998015,3,3,Success,OFF,0.0,150.0,FLR_M01569521,testing,Day_4,2026-05-04T160053Z,test_last,test_sessions_last,last_25
103,4032.264992,4045.421984,2.580992000000151,3,3,Success,OFF,0.0,150.0,FLR_M01569521,testing,Day_4,2026-05-04T160053Z,test_last,test_sessions_last,last_25
104,4046.421984,4061.038976,3.346975999999813,3,3,Success,OFF,0.0,150.0,FLR_M01569521,testing,Day_4,2026-05-04T160053Z,test_last,test_sessions_last,last_25
89,13491.178976,13517.881984,5.011999999998807,-1,12,Miss,OFF,,150.0,FLR_M01569521,testing,Day_6,2026-05-06T180453Z,test_last,test_sessions_last,last_25
90,13518.881984,13667.683488,5.012512000001152,-1,12,Miss,OFF,,150.0,FLR_M01569521,testing,Day_6,2026-05-06T180453Z,test_last,test_sessions_last,last_25
91,13668.683488,13680.439488,2.1184959999991406,12,12,Success,OFF,0.0,150.0,FLR_M01569521,testing,Day_6,2026-05-06T180453Z,test_last,test_sessions_last,last_25
92,13681.439488,13707.181984,5.01299199999994,-1,12,Miss,OFF,,150.0,FLR_M01569521,testing,Day_6,2026-05-06T180453Z,test_last,test_sessions_last,last_25
93,13708.181984,13740.736992,4.015999999999622,12,12,Success,OFF,0.0,150.0,FLR_M01569521,testing,Day_6,2026-05-06T180453Z,test_last,test_sessions_last,last_25
94,13741.736992,13779.903488,4.383487999999488,12,12,Success,OFF,0.0,150.0,FLR_M01569521,testing,Day_6,2026-05-06T180453Z,test_last,test_sessions_last,last_25
95,13780.903488,13836.097504,2.4775039999985893,12,12,Success,OFF,0.0,150.0,FLR_M01569521,testing,Day_6,2026-05-06T180453Z,test_last,test_sessions_last,last_25
96,13837.097504,13855.332992,5.01299199999994,-1,12,Miss,OFF,,150.0,FLR_M01569521,testing,Day_6,2026-05-06T180453Z,test_last,test_sessions_last,last_25
97,13856.332992,13874.024992,3.9550080000008165,12,12,Success,OFF,0.0,150.0,FLR_M01569521,testing,Day_6,2026-05-06T180453Z,test_last,test_sessions_last,last_25
98,13875.024992,13888.764,3.6410239999986516,12,12,Success,OFF,0.0,150.0,FLR_M01569521,testing,Day_6,2026-05-06T180453Z,test_last,test_sessions_last,last_25
99,13889.764,13901.101984,1.9819840000000113,12,12,Success,OFF,0.0,150.0,FLR_M01569521,testing,Day_6,2026-05-06T180453Z,test_last,test_sessions_last,last_25
100,13902.101984,13916.468992,3.8980159999991884,12,12,Success,OFF,0.0,150.0,FLR_M01569521,testing,Day_6,2026-05-06T180453Z,test_last,test_sessions_last,last_25
101,13917.468992,13931.818976,2.5979839999999967,12,12,Success,OFF,0.0,150.0,FLR_M01569521,testing,Day_6,2026-05-06T180453Z,test_last,test_sessions_last,last_25
102,13932.818976,13943.874976,3.2039999999997235,12,12,Success,OFF,0.0,150.0,FLR_M01569521,testing,Day_6,2026-05-06T180453Z,test_last,test_sessions_last,last_25
103,13944.874976,13958.232,5.012000000000626,12,12,Success,OFF,0.0,150.0,FLR_M01569521,testing,Day_6,2026-05-06T180453Z,test_last,test_sessions_last,last_25
104,13959.232,13982.733984,2.963999999999942,12,12,Success,OFF,0.0,150.0,FLR_M01569521,testing,Day_6,2026-05-06T180453Z,test_last,test_sessions_last,last_25
105,13983.733984,13995.252,1.0810240000009799,12,12,Success,OFF,0.0,150.0,FLR_M01569521,testing,Day_6,2026-05-06T180453Z,test_last,test_sessions_last,last_25
106,13996.252,14010.452992,4.283999999999651,12,12,Success,OFF,0.0,150.0,FLR_M01569521,testing,Day_6,2026-05-06T180453Z,test_last,test_sessions_last,last_25
107,14011.452992,14021.046976,2.426975999998831,12,12,Success,OFF,0.0,150.0,FLR_M01569521,testing,Day_6,2026-05-06T180453Z,test_last,test_sessions_last,last_25
108,14022.046976,14045.184992,5.015008000000307,-1,12,Miss,OFF,,150.0,FLR_M01569521,testing,Day_6,2026-05-06T180453Z,test_last,test_sessions_last,last_25
109,14046.184992,14061.634496,3.763520000000426,12,12,Success,OFF,0.0,150.0,FLR_M01569521,testing,Day_6,2026-05-06T180453Z,test_last,test_sessions_last,last_25
110,14062.634496,14074.950976,2.930975999999646,12,12,Success,OFF,0.0,150.0,FLR_M01569521,testing,Day_6,2026-05-06T180453Z,test_last,test_sessions_last,last_25
111,14075.950976,14086.593984,1.8239999999987049,12,12,Success,OFF,0.0,150.0,FLR_M01569521,testing,Day_6,2026-05-06T180453Z,test_last,test_sessions_last,last_25
112,14087.593984,14105.628,3.157024000000092,12,12,Success,OFF,0.0,150.0,FLR_M01569521,testing,Day_6,2026-05-06T180453Z,test_last,test_sessions_last,last_25
113,14106.628,14146.036,5.015999999999622,-1,12,Miss,OFF,,150.0,FLR_M01569521,testing,Day_6,2026-05-06T180453Z,test_last,test_sessions_last,last_25
14,37734.244992,37747.817984,3.1310080000039306,6,6,Success,OFF,0.0,150.0,FLR_M01569521,testing,Day_7,2026-05-07T190228Z,test_last,test_sessions_last,last_25
15,37748.817984,37770.557984,2.619008000001486,6,6,Success,OFF,0.0,150.0,FLR_M01569521,testing,Day_7,2026-05-07T190228Z,test_last,test_sessions_last,last_25
16,37771.557984,37788.304992,2.4670079999996233,6,6,Success,OFF,0.0,150.0,FLR_M01569521,testing,Day_7,2026-05-07T190228Z,test_last,test_sessions_last,last_25
17,37789.304992,37810.518976,3.1809920000014245,6,6,Success,OFF,0.0,150.0,FLR_M01569521,testing,Day_7,2026-05-07T190228Z,test_last,test_sessions_last,last_25
18,37811.518976,37827.016,3.6770240000041667,6,6,Success,OFF,0.0,150.0,FLR_M01569521,testing,Day_7,2026-05-07T190228Z,test_last,test_sessions_last,last_25
19,37828.016,37853.153504,2.6635200000018813,6,6,Success,OFF,0.0,150.0,FLR_M01569521,testing,Day_7,2026-05-07T190228Z,test_last,test_sessions_last,last_25
20,37854.153504,37872.461984,2.475008000001253,6,6,Success,OFF,0.0,150.0,FLR_M01569521,testing,Day_7,2026-05-07T190228Z,test_last,test_sessions_last,last_25
21,37873.461984,37900.630496,3.393503999999666,6,6,Success,OFF,0.0,150.0,FLR_M01569521,testing,Day_7,2026-05-07T190228Z,test_last,test_sessions_last,last_25
22,37901.630496,37910.249984,2.0139840000047116,6,6,Success,OFF,0.0,150.0,FLR_M01569521,testing,Day_7,2026-05-07T190228Z,test_last,test_sessions_last,last_25
23,37911.249984,37958.496992,4.810016000003088,6,6,Success,OFF,0.0,150.0,FLR_M01569521,testing,Day_7,2026-05-07T190228Z,test_last,test_sessions_last,last_25
24,37959.496992,37969.892992,2.455999999998312,6,6,Success,OFF,0.0,150.0,FLR_M01569521,testing,Day_7,2026-05-07T190228Z,test_last,test_sessions_last,last_25
25,37970.892992,37983.325504,1.9365120000002207,6,6,Success,OFF,0.0,150.0,FLR_M01569521,testing,Day_7,2026-05-07T190228Z,test_last,test_sessions_last,last_25
26,37984.325504,37994.872,1.6340160000036121,6,6,Success,OFF,0.0,150.0,FLR_M01569521,testing,Day_7,2026-05-07T190228Z,test_last,test_sessions_last,last_25
27,37995.872,38007.213984,1.2769919999991544,6,6,Success,OFF,0.0,150.0,FLR_M01569521,testing,Day_7,2026-05-07T190228Z,test_last,test_sessions_last,last_25
28,38008.213984,38019.985984,1.449983999998949,6,6,Success,OFF,0.0,150.0,FLR_M01569521,testing,Day_7,2026-05-07T190228Z,test_last,test_sessions_last,last_25
29,38020.985984,38035.377984,3.6899839999969117,6,6,Success,OFF,0.0,150.0,FLR_M01569521,testing,Day_7,2026-05-07T190228Z,test_last,test_sessions_last,last_25
30,38036.377984,38052.124,2.18601600000693,6,6,Success,OFF,0.0,150.0,FLR_M01569521,testing,Day_7,2026-05-07T190228Z,test_last,test_sessions_last,last_25
31,38053.124,38085.454976,2.3689920000033453,6,6,Success,OFF,0.0,150.0,FLR_M01569521,testing,Day_7,2026-05-07T190228Z,test_last,test_sessions_last,last_25
32,38086.454976,38118.025504,2.4865279999939958,6,6,Success,OFF,0.0,150.0,FLR_M01569521,testing,Day_7,2026-05-07T190228Z,test_last,test_sessions_last,last_25
33,38119.025504,38129.492992,3.0049920000019483,6,6,Success,OFF,0.0,150.0,FLR_M01569521,testing,Day_7,2026-05-07T190228Z,test_last,test_sessions_last,last_25
34,38130.492992,38151.764992,2.330015999999887,6,6,Success,OFF,0.0,150.0,FLR_M01569521,testing,Day_7,2026-05-07T190228Z,test_last,test_sessions_last,last_25
35,38152.764992,38168.604,2.217023999997764,6,6,Success,OFF,0.0,150.0,FLR_M01569521,testing,Day_7,2026-05-07T190228Z,test_last,test_sessions_last,last_25
36,38169.604,38181.698976,3.462976000002527,6,6,Success,OFF,0.0,150.0,FLR_M01569521,testing,Day_7,2026-05-07T190228Z,test_last,test_sessions_last,last_25
37,38182.698976,38197.160992,2.422015999996802,6,6,Success,OFF,0.0,150.0,FLR_M01569521,testing,Day_7,2026-05-07T190228Z,test_last,test_sessions_last,last_25
38,38198.160992,38294.051488,5.015487999997276,-1,6,Miss,OFF,,150.0,FLR_M01569521,testing,Day_7,2026-05-07T190228Z,test_last,test_sessions_last,last_25
2,7246.166976,7260.572992,4.667008000000351,12,15,Failure,OFF,-60.0,150.0,FbR_M01569522,testing,Day_1,2026-04-30T171128Z,test_first,test_sessions_first,first_40
3,7261.572992,7274.468,5.014016000000083,-1,15,Miss,OFF,,150.0,FbR_M01569522,testing,Day_1,2026-04-30T171128Z,test_first,test_sessions_first,first_40
4,7275.468,7294.64448,3.3904959999999846,15,15,Success,OFF,0.0,150.0,FbR_M01569522,testing,Day_1,2026-04-30T171128Z,test_first,test_sessions_first,first_40
5,7295.64448,7312.572,5.018015999999989,-1,15,Miss,OFF,,150.0,FbR_M01569522,testing,Day_1,2026-04-30T171128Z,test_first,test_sessions_first,first_40
6,7313.572,7338.565984,3.7619839999997566,15,15,Success,OFF,0.0,150.0,FbR_M01569522,testing,Day_1,2026-04-30T171128Z,test_first,test_sessions_first,first_40
7,7339.565984,7354.66,1.8550079999995432,15,15,Success,OFF,0.0,150.0,FbR_M01569522,testing,Day_1,2026-04-30T171128Z,test_first,test_sessions_first,first_40
8,7355.66,7373.958976,2.1059839999998076,15,15,Success,OFF,0.0,150.0,FbR_M01569522,testing,Day_1,2026-04-30T171128Z,test_first,test_sessions_first,first_40
9,7374.958976,7396.196992,3.442015999999967,15,15,Success,OFF,0.0,150.0,FbR_M01569522,testing,Day_1,2026-04-30T171128Z,test_first,test_sessions_first,first_40
10,7397.196992,7413.76,1.255008000000089,15,15,Success,OFF,0.0,150.0,FbR_M01569522,testing,Day_1,2026-04-30T171128Z,test_first,test_sessions_first,first_40
11,7414.76,7433.174976,2.1689919999998892,15,15,Success,OFF,0.0,150.0,FbR_M01569522,testing,Day_1,2026-04-30T171128Z,test_first,test_sessions_first,first_40
12,7434.174976,7454.243999999999,3.48700800000006,15,15,Success,OFF,0.0,150.0,FbR_M01569522,testing,Day_1,2026-04-30T171128Z,test_first,test_sessions_first,first_40
13,7455.243999999999,7463.232479999999,1.4775039999985893,14,15,Failure,OFF,-20.0,150.0,FbR_M01569522,testing,Day_1,2026-04-30T171128Z,test_first,test_sessions_first,first_40
14,7464.232479999999,7481.064991999999,2.2590079999999944,15,15,Success,OFF,0.0,150.0,FbR_M01569522,testing,Day_1,2026-04-30T171128Z,test_first,test_sessions_first,first_40
15,7482.064991999999,7501.721504,5.016512000000148,-1,15,Miss,OFF,,150.0,FbR_M01569522,testing,Day_1,2026-04-30T171128Z,test_first,test_sessions_first,first_40
16,7502.721504,7519.696,2.8919999999998254,15,15,Success,OFF,0.0,150.0,FbR_M01569522,testing,Day_1,2026-04-30T171128Z,test_first,test_sessions_first,first_40
17,7520.696,7535.48448,2.3304960000014034,15,15,Success,OFF,0.0,150.0,FbR_M01569522,testing,Day_1,2026-04-30T171128Z,test_first,test_sessions_first,first_40
18,7536.48448,7544.515999999999,2.1100159999987227,15,15,Success,OFF,0.0,150.0,FbR_M01569522,testing,Day_1,2026-04-30T171128Z,test_first,test_sessions_first,first_40
19,7545.515999999999,7559.461983999999,1.5569919999988997,16,15,Failure,OFF,20.0,150.0,FbR_M01569522,testing,Day_1,2026-04-30T171128Z,test_first,test_sessions_first,first_40
20,7560.461983999999,7584.952,3.1460160000015094,15,15,Success,OFF,0.0,150.0,FbR_M01569522,testing,Day_1,2026-04-30T171128Z,test_first,test_sessions_first,first_40
21,7585.952,7611.946976,1.7399999999997817,15,15,Success,OFF,0.0,150.0,FbR_M01569522,testing,Day_1,2026-04-30T171128Z,test_first,test_sessions_first,first_40
22,7612.946976,7625.070976,4.266975999999886,15,15,Success,OFF,0.0,150.0,FbR_M01569522,testing,Day_1,2026-04-30T171128Z,test_first,test_sessions_first,first_40
23,7626.070976,7652.945504,1.6375040000002627,15,15,Success,OFF,0.0,150.0,FbR_M01569522,testing,Day_1,2026-04-30T171128Z,test_first,test_sessions_first,first_40
24,7653.945504,7665.716,2.712000000000444,15,15,Success,OFF,0.0,150.0,FbR_M01569522,testing,Day_1,2026-04-30T171128Z,test_first,test_sessions_first,first_40
25,7666.716,7688.065984,3.11200000000008,15,15,Success,OFF,0.0,150.0,FbR_M01569522,testing,Day_1,2026-04-30T171128Z,test_first,test_sessions_first,first_40
26,7689.065984,7704.146496,1.9424960000014835,15,15,Success,OFF,0.0,150.0,FbR_M01569522,testing,Day_1,2026-04-30T171128Z,test_first,test_sessions_first,first_40
27,7705.146496,7722.098495999999,2.5424960000000283,15,15,Success,OFF,0.0,150.0,FbR_M01569522,testing,Day_1,2026-04-30T171128Z,test_first,test_sessions_first,first_40
28,7723.098495999999,7738.76,1.755008000000089,15,15,Success,OFF,0.0,150.0,FbR_M01569522,testing,Day_1,2026-04-30T171128Z,test_first,test_sessions_first,first_40
29,7739.76,7750.189983999999,1.9819840000000113,15,15,Success,OFF,0.0,150.0,FbR_M01569522,testing,Day_1,2026-04-30T171128Z,test_first,test_sessions_first,first_40
30,7751.189983999999,7763.624,1.5150079999993977,15,15,Success,OFF,0.0,150.0,FbR_M01569522,testing,Day_1,2026-04-30T171128Z,test_first,test_sessions_first,first_40
31,7764.624,7781.280992,2.074015999999574,16,15,Failure,OFF,20.0,150.0,FbR_M01569522,testing,Day_1,2026-04-30T171128Z,test_first,test_sessions_first,first_40
32,7782.280992,7802.913984,3.808992000001126,15,15,Success,OFF,0.0,150.0,FbR_M01569522,testing,Day_1,2026-04-30T171128Z,test_first,test_sessions_first,first_40
33,7803.913984,7811.515488,1.6114879999995537,15,15,Success,OFF,0.0,150.0,FbR_M01569522,testing,Day_1,2026-04-30T171128Z,test_first,test_sessions_first,first_40
34,7812.515488,7826.717984,2.2619839999997566,15,15,Success,OFF,0.0,150.0,FbR_M01569522,testing,Day_1,2026-04-30T171128Z,test_first,test_sessions_first,first_40
35,7827.717984,7839.529984,1.575007999999798,15,15,Success,OFF,0.0,150.0,FbR_M01569522,testing,Day_1,2026-04-30T171128Z,test_first,test_sessions_first,first_40
36,7840.529984,7857.176991999999,3.323007999998481,14,15,Failure,OFF,-20.0,150.0,FbR_M01569522,testing,Day_1,2026-04-30T171128Z,test_first,test_sessions_first,first_40
37,7858.176991999999,7873.06848,3.2114879999999175,15,15,Success,OFF,0.0,150.0,FbR_M01569522,testing,Day_1,2026-04-30T171128Z,test_first,test_sessions_first,first_40
38,7874.06848,7883.829984,2.27599999999984,15,15,Success,OFF,0.0,150.0,FbR_M01569522,testing,Day_1,2026-04-30T171128Z,test_first,test_sessions_first,first_40
39,7884.829984,7894.06848,2.4135040000001027,15,15,Success,OFF,0.0,150.0,FbR_M01569522,testing,Day_1,2026-04-30T171128Z,test_first,test_sessions_first,first_40
40,7895.06848,7911.618975999999,5.014975999998569,-1,15,Miss,OFF,,150.0,FbR_M01569522,testing,Day_1,2026-04-30T171128Z,test_first,test_sessions_first,first_40
41,7912.618975999999,7921.276992,2.022015999999894,15,15,Success,OFF,0.0,150.0,FbR_M01569522,testing,Day_1,2026-04-30T171128Z,test_first,test_sessions_first,first_40
2,17096.465984,17119.31248,5.008480000000418,-1,5,Miss,OFF,,150.0,FbR_M01569522,testing,Day_4,2026-05-03T170820Z,test_first,test_sessions_first,first_40
3,17120.31248,17131.312992,3.8569920000009006,5,5,Success,OFF,0.0,150.0,FbR_M01569522,testing,Day_4,2026-05-03T170820Z,test_first,test_sessions_first,first_40
4,17132.312992,17147.866496,5.0135039999986475,-1,5,Miss,OFF,,150.0,FbR_M01569522,testing,Day_4,2026-05-03T170820Z,test_first,test_sessions_first,first_40
5,17148.866496,17164.329984,2.0739839999987453,5,5,Success,OFF,0.0,150.0,FbR_M01569522,testing,Day_4,2026-05-03T170820Z,test_first,test_sessions_first,first_40
6,17165.329984,17188.429984,3.0259839999998803,5,5,Success,OFF,0.0,150.0,FbR_M01569522,testing,Day_4,2026-05-03T170820Z,test_first,test_sessions_first,first_40
7,17189.429984,17204.081504,2.5285120000007737,5,5,Success,OFF,0.0,150.0,FbR_M01569522,testing,Day_4,2026-05-03T170820Z,test_first,test_sessions_first,first_40
8,17205.081504,17222.732,3.2790080000013404,5,5,Success,OFF,0.0,150.0,FbR_M01569522,testing,Day_4,2026-05-03T170820Z,test_first,test_sessions_first,first_40
9,17223.732,17263.550976,3.5469759999978123,5,5,Success,OFF,0.0,150.0,FbR_M01569522,testing,Day_4,2026-05-03T170820Z,test_first,test_sessions_first,first_40
10,17264.550976,17287.161504,5.007519999999204,-1,5,Miss,OFF,,150.0,FbR_M01569522,testing,Day_4,2026-05-03T170820Z,test_first,test_sessions_first,first_40
11,17288.161504,17300.977504,2.422527999999147,5,5,Success,OFF,0.0,150.0,FbR_M01569522,testing,Day_4,2026-05-03T170820Z,test_first,test_sessions_first,first_40
12,17301.977504,17314.032,1.9300159999984317,5,5,Success,OFF,0.0,150.0,FbR_M01569522,testing,Day_4,2026-05-03T170820Z,test_first,test_sessions_first,first_40
13,17315.032,17340.554976,1.9029760000012175,5,5,Success,OFF,0.0,150.0,FbR_M01569522,testing,Day_4,2026-05-03T170820Z,test_first,test_sessions_first,first_40
14,17341.554976,17359.54048,2.6855040000009467,5,5,Success,OFF,0.0,150.0,FbR_M01569522,testing,Day_4,2026-05-03T170820Z,test_first,test_sessions_first,first_40
15,17360.54048,17370.976,1.6719999999986612,5,5,Success,OFF,0.0,150.0,FbR_M01569522,testing,Day_4,2026-05-03T170820Z,test_first,test_sessions_first,first_40
16,17371.976,17381.578976,1.3249920000016573,5,5,Success,OFF,0.0,150.0,FbR_M01569522,testing,Day_4,2026-05-03T170820Z,test_first,test_sessions_first,first_40
17,17382.578976,17409.01248,4.95948800000042,5,5,Success,OFF,0.0,150.0,FbR_M01569522,testing,Day_4,2026-05-03T170820Z,test_first,test_sessions_first,first_40
18,17410.01248,17431.12048,3.866496000002371,5,5,Success,OFF,0.0,150.0,FbR_M01569522,testing,Day_4,2026-05-03T170820Z,test_first,test_sessions_first,first_40
19,17432.12048,17449.196992,2.3940160000020114,5,5,Success,OFF,0.0,150.0,FbR_M01569522,testing,Day_4,2026-05-03T170820Z,test_first,test_sessions_first,first_40
20,17450.196992,17470.033984,2.332992000003287,5,5,Success,OFF,0.0,150.0,FbR_M01569522,testing,Day_4,2026-05-03T170820Z,test_first,test_sessions_first,first_40
21,17471.033984,17488.889984,2.688000000001921,5,5,Success,OFF,0.0,150.0,FbR_M01569522,testing,Day_4,2026-05-03T170820Z,test_first,test_sessions_first,first_40
22,17489.889984,17510.268992,5.016992000000755,-1,5,Miss,OFF,,150.0,FbR_M01569522,testing,Day_4,2026-05-03T170820Z,test_first,test_sessions_first,first_40
23,17511.268992,17531.257984,2.1059840000016266,5,5,Success,OFF,0.0,150.0,FbR_M01569522,testing,Day_4,2026-05-03T170820Z,test_first,test_sessions_first,first_40
24,17532.257984,17558.166496,3.713504000003013,5,5,Success,OFF,0.0,150.0,FbR_M01569522,testing,Day_4,2026-05-03T170820Z,test_first,test_sessions_first,first_40
25,17559.166496,17577.082976,2.3299839999999676,5,5,Success,OFF,0.0,150.0,FbR_M01569522,testing,Day_4,2026-05-03T170820Z,test_first,test_sessions_first,first_40
26,17578.082976,17614.626976,2.4219840000005206,5,5,Success,OFF,0.0,150.0,FbR_M01569522,testing,Day_4,2026-05-03T170820Z,test_first,test_sessions_first,first_40
27,17615.626976,17635.26,2.2580159999997704,5,5,Success,OFF,0.0,150.0,FbR_M01569522,testing,Day_4,2026-05-03T170820Z,test_first,test_sessions_first,first_40
28,17636.26,17657.644,2.891007999998692,5,5,Success,OFF,0.0,150.0,FbR_M01569522,testing,Day_4,2026-05-03T170820Z,test_first,test_sessions_first,first_40
29,17658.644,17670.310976,2.459999999999127,5,5,Success,OFF,0.0,150.0,FbR_M01569522,testing,Day_4,2026-05-03T170820Z,test_first,test_sessions_first,first_40
30,17671.310976,17685.833984,1.880992000002152,5,5,Success,OFF,0.0,150.0,FbR_M01569522,testing,Day_4,2026-05-03T170820Z,test_first,test_sessions_first,first_40
31,17686.833984,17709.924992,1.972991999999067,5,5,Success,OFF,0.0,150.0,FbR_M01569522,testing,Day_4,2026-05-03T170820Z,test_first,test_sessions_first,first_40
32,17710.924992,17726.31248,5.009504000001471,-1,5,Miss,OFF,,150.0,FbR_M01569522,testing,Day_4,2026-05-03T170820Z,test_first,test_sessions_first,first_40
33,17727.31248,18144.717984,3.968991999998252,4,5,Failure,OFF,-20.0,150.0,FbR_M01569522,testing,Day_4,2026-05-03T170820Z,test_first,test_sessions_first,first_40
34,18145.717984,18164.412992,2.264000000002852,5,5,Success,OFF,0.0,150.0,FbR_M01569522,testing,Day_4,2026-05-03T170820Z,test_first,test_sessions_first,first_40
35,18165.412992,18187.243488,4.292511999999988,5,5,Success,OFF,0.0,150.0,FbR_M01569522,testing,Day_4,2026-05-03T170820Z,test_first,test_sessions_first,first_40
36,18188.243488,18213.8,2.0010240000010526,5,5,Success,OFF,0.0,150.0,FbR_M01569522,testing,Day_4,2026-05-03T170820Z,test_first,test_sessions_first,first_40
37,18214.8,18236.594976,1.995999999999185,5,5,Success,OFF,0.0,150.0,FbR_M01569522,testing,Day_4,2026-05-03T170820Z,test_first,test_sessions_first,first_40
38,18237.594976,18266.356992,2.1080000000001746,5,5,Success,OFF,0.0,150.0,FbR_M01569522,testing,Day_4,2026-05-03T170820Z,test_first,test_sessions_first,first_40
39,18267.356992,18283.014976,2.9649919999974372,5,5,Success,OFF,0.0,150.0,FbR_M01569522,testing,Day_4,2026-05-03T170820Z,test_first,test_sessions_first,first_40
40,18284.014976,18302.263488,1.7645120000015595,5,5,Success,OFF,0.0,150.0,FbR_M01569522,testing,Day_4,2026-05-03T170820Z,test_first,test_sessions_first,first_40
41,18303.263488,18333.988992,2.090015999998286,5,5,Success,OFF,0.0,150.0,FbR_M01569522,testing,Day_4,2026-05-03T170820Z,test_first,test_sessions_first,first_40
2,26588.328,26606.480992,3.7060160000000906,16,16,Success,OFF,0.0,150.0,FLR_M01569521,testing,Day_1,2026-05-01T171522Z,test_first,test_sessions_first,first_40
3,26607.480992,26618.163488,2.3375039999991714,16,16,Success,OFF,0.0,150.0,FLR_M01569521,testing,Day_1,2026-05-01T171522Z,test_first,test_sessions_first,first_40
4,26619.163488,26629.76848,2.993503999998211,16,16,Success,OFF,0.0,150.0,FLR_M01569521,testing,Day_1,2026-05-01T171522Z,test_first,test_sessions_first,first_40
5,26630.76848,26640.96,3.835007999998197,16,16,Success,OFF,0.0,150.0,FLR_M01569521,testing,Day_1,2026-05-01T171522Z,test_first,test_sessions_first,first_40
6,26641.96,26661.040992,2.4150079999999434,16,16,Success,OFF,0.0,150.0,FLR_M01569521,testing,Day_1,2026-05-01T171522Z,test_first,test_sessions_first,first_40
7,26662.040992,26674.228992,3.9510080000000016,16,16,Success,OFF,0.0,150.0,FLR_M01569521,testing,Day_1,2026-05-01T171522Z,test_first,test_sessions_first,first_40
8,26675.228992,26691.524992,2.199007999999594,16,16,Success,OFF,0.0,150.0,FLR_M01569521,testing,Day_1,2026-05-01T171522Z,test_first,test_sessions_first,first_40
9,26692.524992,26711.282496,2.6575039999988803,16,16,Success,OFF,0.0,150.0,FLR_M01569521,testing,Day_1,2026-05-01T171522Z,test_first,test_sessions_first,first_40
10,26712.282496,26734.686976,2.110975999999937,16,16,Success,OFF,0.0,150.0,FLR_M01569521,testing,Day_1,2026-05-01T171522Z,test_first,test_sessions_first,first_40
11,26735.686976,26745.813984,2.9379840000001423,16,16,Success,OFF,0.0,150.0,FLR_M01569521,testing,Day_1,2026-05-01T171522Z,test_first,test_sessions_first,first_40
12,26746.813984,26856.038496,5.012512000001152,-1,16,Miss,OFF,,150.0,FLR_M01569521,testing,Day_1,2026-05-01T171522Z,test_first,test_sessions_first,first_40
13,26857.038496,26866.596,2.621024000000034,16,16,Success,OFF,0.0,150.0,FLR_M01569521,testing,Day_1,2026-05-01T171522Z,test_first,test_sessions_first,first_40
14,26867.596,26880.26,3.6330239999988407,16,16,Success,OFF,0.0,150.0,FLR_M01569521,testing,Day_1,2026-05-01T171522Z,test_first,test_sessions_first,first_40
15,26881.26,27015.643488,2.5695040000027802,16,16,Success,OFF,0.0,150.0,FLR_M01569521,testing,Day_1,2026-05-01T171522Z,test_first,test_sessions_first,first_40
16,27016.643488,27028.749984,2.8729919999968843,16,16,Success,OFF,0.0,150.0,FLR_M01569521,testing,Day_1,2026-05-01T171522Z,test_first,test_sessions_first,first_40
17,27029.749984,27388.88848,2.6135040000008303,16,16,Success,OFF,0.0,150.0,FLR_M01569521,testing,Day_1,2026-05-01T171522Z,test_first,test_sessions_first,first_40
18,27389.88848,27415.276,3.351008000001457,16,16,Success,OFF,0.0,150.0,FLR_M01569521,testing,Day_1,2026-05-01T171522Z,test_first,test_sessions_first,first_40
19,27416.276,27605.684992,2.3110079999969457,16,16,Success,OFF,0.0,150.0,FLR_M01569521,testing,Day_1,2026-05-01T171522Z,test_first,test_sessions_first,first_40
20,27606.684992,27628.929984,3.2559999999975844,16,16,Success,OFF,0.0,150.0,FLR_M01569521,testing,Day_1,2026-05-01T171522Z,test_first,test_sessions_first,first_40
21,27629.929984,27644.084,2.659007999998721,16,16,Success,OFF,0.0,150.0,FLR_M01569521,testing,Day_1,2026-05-01T171522Z,test_first,test_sessions_first,first_40
22,27645.084,27657.054496,4.129504000000452,16,16,Success,OFF,0.0,150.0,FLR_M01569521,testing,Day_1,2026-05-01T171522Z,test_first,test_sessions_first,first_40
23,27658.054496,27671.885504,2.761504000001878,16,16,Success,OFF,0.0,150.0,FLR_M01569521,testing,Day_1,2026-05-01T171522Z,test_first,test_sessions_first,first_40
24,27672.885504,27685.102976,4.026975999997376,16,16,Success,OFF,0.0,150.0,FLR_M01569521,testing,Day_1,2026-05-01T171522Z,test_first,test_sessions_first,first_40
25,27686.102976,27733.566496,3.591519999998127,16,16,Success,OFF,0.0,150.0,FLR_M01569521,testing,Day_1,2026-05-01T171522Z,test_first,test_sessions_first,first_40
26,27734.566496,27750.27248,3.146496000001207,16,16,Success,OFF,0.0,150.0,FLR_M01569521,testing,Day_1,2026-05-01T171522Z,test_first,test_sessions_first,first_40
27,27751.27248,27760.060992,2.836992000000464,16,16,Success,OFF,0.0,150.0,FLR_M01569521,testing,Day_1,2026-05-01T171522Z,test_first,test_sessions_first,first_40
28,27761.060992,27772.804,3.3270080000002054,16,16,Success,OFF,0.0,150.0,FLR_M01569521,testing,Day_1,2026-05-01T171522Z,test_first,test_sessions_first,first_40
29,27773.804,27786.634496,1.8605119999992894,16,16,Success,OFF,0.0,150.0,FLR_M01569521,testing,Day_1,2026-05-01T171522Z,test_first,test_sessions_first,first_40
30,27787.634496,27839.322496,3.949504000000161,16,16,Success,OFF,0.0,150.0,FLR_M01569521,testing,Day_1,2026-05-01T171522Z,test_first,test_sessions_first,first_40
31,27840.322496,27854.398496,2.9255040000025474,16,16,Success,OFF,0.0,150.0,FLR_M01569521,testing,Day_1,2026-05-01T171522Z,test_first,test_sessions_first,first_40
32,27855.398496,27864.09648,2.922495999999228,16,16,Success,OFF,0.0,150.0,FLR_M01569521,testing,Day_1,2026-05-01T171522Z,test_first,test_sessions_first,first_40
33,27865.09648,27889.897504,3.721504000001005,16,16,Success,OFF,0.0,150.0,FLR_M01569521,testing,Day_1,2026-05-01T171522Z,test_first,test_sessions_first,first_40
34,27890.897504,27906.98048,2.606495999996696,16,16,Success,OFF,0.0,150.0,FLR_M01569521,testing,Day_1,2026-05-01T171522Z,test_first,test_sessions_first,first_40
35,27907.98048,27917.939488,3.16550400000051,16,16,Success,OFF,0.0,150.0,FLR_M01569521,testing,Day_1,2026-05-01T171522Z,test_first,test_sessions_first,first_40
36,27918.939488,27930.230496,3.0055040000006557,16,16,Success,OFF,0.0,150.0,FLR_M01569521,testing,Day_1,2026-05-01T171522Z,test_first,test_sessions_first,first_40
37,27931.230496,27969.069984,4.044992000002821,16,16,Success,OFF,0.0,150.0,FLR_M01569521,testing,Day_1,2026-05-01T171522Z,test_first,test_sessions_first,first_40
38,27970.069984,27985.425984,4.101984000000812,16,16,Success,OFF,0.0,150.0,FLR_M01569521,testing,Day_1,2026-05-01T171522Z,test_first,test_sessions_first,first_40
39,27986.425984,27999.366496,2.642496000000392,16,16,Success,OFF,0.0,150.0,FLR_M01569521,testing,Day_1,2026-05-01T171522Z,test_first,test_sessions_first,first_40
40,28000.366496,28024.488,2.9630080000024464,16,16,Success,OFF,0.0,150.0,FLR_M01569521,testing,Day_1,2026-05-01T171522Z,test_first,test_sessions_first,first_40
41,28025.488,28036.072,1.8940159999983734,16,16,Success,OFF,0.0,150.0,FLR_M01569521,testing,Day_1,2026-05-01T171522Z,test_first,test_sessions_first,first_40
2,4103.828,4115.576992,5.014016000000083,-1,3,Miss,OFF,,150.0,FLR_M01569521,testing,Day_4,2026-05-04T163513Z,test_first,test_sessions_first,first_40
3,4116.576992,4131.277504,5.013503999999557,-1,3,Miss,OFF,,150.0,FLR_M01569521,testing,Day_4,2026-05-04T163513Z,test_first,test_sessions_first,first_40
4,4132.277504,4162.073504,5.010527999999795,-1,3,Miss,OFF,,150.0,FLR_M01569521,testing,Day_4,2026-05-04T163513Z,test_first,test_sessions_first,first_40
5,4163.073504,4178.477504,5.0155200000008335,-1,3,Miss,OFF,,150.0,FLR_M01569521,testing,Day_4,2026-05-04T163513Z,test_first,test_sessions_first,first_40
6,4179.477504,4245.476,4.013023999999859,3,3,Success,OFF,0.0,150.0,FLR_M01569521,testing,Day_4,2026-05-04T163513Z,test_first,test_sessions_first,first_40
7,4246.476,4259.942976,2.3309760000001916,3,3,Success,OFF,0.0,150.0,FLR_M01569521,testing,Day_4,2026-05-04T163513Z,test_first,test_sessions_first,first_40
8,4260.942976,4285.096992,3.2340159999994285,3,3,Success,OFF,0.0,150.0,FLR_M01569521,testing,Day_4,2026-05-04T163513Z,test_first,test_sessions_first,first_40
9,4286.096992,4300.404992,3.4910079999999653,3,3,Success,OFF,0.0,150.0,FLR_M01569521,testing,Day_4,2026-05-04T163513Z,test_first,test_sessions_first,first_40
10,4301.404992,4316.128,5.015999999999622,-1,3,Miss,OFF,,150.0,FLR_M01569521,testing,Day_4,2026-05-04T163513Z,test_first,test_sessions_first,first_40
11,4317.128,4328.882976,1.9209920000002967,3,3,Success,OFF,0.0,150.0,FLR_M01569521,testing,Day_4,2026-05-04T163513Z,test_first,test_sessions_first,first_40
12,4329.882976,4342.014496,2.449504000000161,3,3,Success,OFF,0.0,150.0,FLR_M01569521,testing,Day_4,2026-05-04T163513Z,test_first,test_sessions_first,first_40
13,4343.014496,4357.577504,5.0145279999997,-1,3,Miss,OFF,,150.0,FLR_M01569521,testing,Day_4,2026-05-04T163513Z,test_first,test_sessions_first,first_40
14,4358.577504,4374.225984,5.011999999999716,-1,3,Miss,OFF,,150.0,FLR_M01569521,testing,Day_4,2026-05-04T163513Z,test_first,test_sessions_first,first_40
15,4375.225984,4396.702976,3.190975999999864,3,3,Success,OFF,0.0,150.0,FLR_M01569521,testing,Day_4,2026-05-04T163513Z,test_first,test_sessions_first,first_40
16,4397.702976,4415.68,5.017024000000674,-1,3,Miss,OFF,,150.0,FLR_M01569521,testing,Day_4,2026-05-04T163513Z,test_first,test_sessions_first,first_40
17,4416.68,4424.620992,1.7070080000003145,3,3,Success,OFF,0.0,150.0,FLR_M01569521,testing,Day_4,2026-05-04T163513Z,test_first,test_sessions_first,first_40
18,4425.620992,4436.107488,2.2424959999998464,3,3,Success,OFF,0.0,150.0,FLR_M01569521,testing,Day_4,2026-05-04T163513Z,test_first,test_sessions_first,first_40
19,4437.107488,4518.641984,4.1769919999997,3,3,Success,OFF,0.0,150.0,FLR_M01569521,testing,Day_4,2026-05-04T163513Z,test_first,test_sessions_first,first_40
20,4519.641984,4532.980992,3.8689919999997073,3,3,Success,OFF,0.0,150.0,FLR_M01569521,testing,Day_4,2026-05-04T163513Z,test_first,test_sessions_first,first_40
21,4533.980992,4545.908992,2.244991999999911,3,3,Success,OFF,0.0,150.0,FLR_M01569521,testing,Day_4,2026-05-04T163513Z,test_first,test_sessions_first,first_40
22,4546.908992,4556.748,3.885023999999248,3,3,Success,OFF,0.0,150.0,FLR_M01569521,testing,Day_4,2026-05-04T163513Z,test_first,test_sessions_first,first_40
23,4557.748,4581.072992,2.859008000000358,3,3,Success,OFF,0.0,150.0,FLR_M01569521,testing,Day_4,2026-05-04T163513Z,test_first,test_sessions_first,first_40
24,4582.072992,4600.528992,3.118015999999443,3,3,Success,OFF,0.0,150.0,FLR_M01569521,testing,Day_4,2026-05-04T163513Z,test_first,test_sessions_first,first_40
25,4601.528992,4614.654976,3.0929919999998674,3,3,Success,OFF,0.0,150.0,FLR_M01569521,testing,Day_4,2026-05-04T163513Z,test_first,test_sessions_first,first_40
26,4615.654976,4626.206976,3.3419840000005934,3,3,Success,OFF,0.0,150.0,FLR_M01569521,testing,Day_4,2026-05-04T163513Z,test_first,test_sessions_first,first_40
27,4627.206976,4640.174976,5.01299199999994,-1,3,Miss,OFF,,150.0,FLR_M01569521,testing,Day_4,2026-05-04T163513Z,test_first,test_sessions_first,first_40
28,4641.174976,4655.377984,5.015999999999622,-1,3,Miss,OFF,,150.0,FLR_M01569521,testing,Day_4,2026-05-04T163513Z,test_first,test_sessions_first,first_40
29,4656.377984,4677.117984,3.8070080000006783,3,3,Success,OFF,0.0,150.0,FLR_M01569521,testing,Day_4,2026-05-04T163513Z,test_first,test_sessions_first,first_40
30,4678.117984,4689.336992,3.074015999999574,3,3,Success,OFF,0.0,150.0,FLR_M01569521,testing,Day_4,2026-05-04T163513Z,test_first,test_sessions_first,first_40
31,4690.336992,4705.085984,3.72400000000016,3,3,Success,OFF,0.0,150.0,FLR_M01569521,testing,Day_4,2026-05-04T163513Z,test_first,test_sessions_first,first_40
32,4706.085984,4717.445984,1.9819840000000113,3,3,Success,OFF,0.0,150.0,FLR_M01569521,testing,Day_4,2026-05-04T163513Z,test_first,test_sessions_first,first_40
33,4718.445984,4731.246976,1.5840000000007421,3,3,Success,OFF,0.0,150.0,FLR_M01569521,testing,Day_4,2026-05-04T163513Z,test_first,test_sessions_first,first_40
34,4732.246976,4739.342976,1.6289919999999256,3,3,Success,OFF,0.0,150.0,FLR_M01569521,testing,Day_4,2026-05-04T163513Z,test_first,test_sessions_first,first_40
35,4740.342976,4753.745504,5.032512000000679,-1,3,Miss,OFF,,150.0,FLR_M01569521,testing,Day_4,2026-05-04T163513Z,test_first,test_sessions_first,first_40
36,4754.745504,5056.728992,5.015008000000307,-1,3,Miss,OFF,,150.0,FLR_M01569521,testing,Day_4,2026-05-04T163513Z,test_first,test_sessions_first,first_40
37,5057.728992,5070.978976,5.016000000000531,-1,3,Miss,OFF,,150.0,FLR_M01569521,testing,Day_4,2026-05-04T163513Z,test_first,test_sessions_first,first_40
38,5071.978976,5083.448,4.136000000000422,3,3,Success,OFF,0.0,150.0,FLR_M01569521,testing,Day_4,2026-05-04T163513Z,test_first,test_sessions_first,first_40
39,5084.448,5096.754976,3.292992000000595,3,3,Success,OFF,0.0,150.0,FLR_M01569521,testing,Day_4,2026-05-04T163513Z,test_first,test_sessions_first,first_40
40,5097.754976,5113.228,5.015008000000307,-1,3,Miss,OFF,,150.0,FLR_M01569521,testing,Day_4,2026-05-04T163513Z,test_first,test_sessions_first,first_40
41,5114.228,5187.277504,5.013503999999557,-1,3,Miss,OFF,,150.0,FLR_M01569521,testing,Day_4,2026-05-04T163513Z,test_first,test_sessions_first,first_40
2,7246.166976,7260.572992,4.667008000000351,12,15,Failure,OFF,-60.0,150.0,FbR_M01569522,testing,Day_1,2026-04-30T171128Z,test_first,test_sessions_first,first_25
3,7261.572992,7274.468,5.014016000000083,-1,15,Miss,OFF,,150.0,FbR_M01569522,testing,Day_1,2026-04-30T171128Z,test_first,test_sessions_first,first_25
4,7275.468,7294.64448,3.3904959999999846,15,15,Success,OFF,0.0,150.0,FbR_M01569522,testing,Day_1,2026-04-30T171128Z,test_first,test_sessions_first,first_25
5,7295.64448,7312.572,5.018015999999989,-1,15,Miss,OFF,,150.0,FbR_M01569522,testing,Day_1,2026-04-30T171128Z,test_first,test_sessions_first,first_25
6,7313.572,7338.565984,3.7619839999997566,15,15,Success,OFF,0.0,150.0,FbR_M01569522,testing,Day_1,2026-04-30T171128Z,test_first,test_sessions_first,first_25
7,7339.565984,7354.66,1.8550079999995432,15,15,Success,OFF,0.0,150.0,FbR_M01569522,testing,Day_1,2026-04-30T171128Z,test_first,test_sessions_first,first_25
8,7355.66,7373.958976,2.1059839999998076,15,15,Success,OFF,0.0,150.0,FbR_M01569522,testing,Day_1,2026-04-30T171128Z,test_first,test_sessions_first,first_25
9,7374.958976,7396.196992,3.442015999999967,15,15,Success,OFF,0.0,150.0,FbR_M01569522,testing,Day_1,2026-04-30T171128Z,test_first,test_sessions_first,first_25
10,7397.196992,7413.76,1.255008000000089,15,15,Success,OFF,0.0,150.0,FbR_M01569522,testing,Day_1,2026-04-30T171128Z,test_first,test_sessions_first,first_25
11,7414.76,7433.174976,2.1689919999998892,15,15,Success,OFF,0.0,150.0,FbR_M01569522,testing,Day_1,2026-04-30T171128Z,test_first,test_sessions_first,first_25
12,7434.174976,7454.243999999999,3.48700800000006,15,15,Success,OFF,0.0,150.0,FbR_M01569522,testing,Day_1,2026-04-30T171128Z,test_first,test_sessions_first,first_25
13,7455.243999999999,7463.232479999999,1.4775039999985893,14,15,Failure,OFF,-20.0,150.0,FbR_M01569522,testing,Day_1,2026-04-30T171128Z,test_first,test_sessions_first,first_25
14,7464.232479999999,7481.064991999999,2.2590079999999944,15,15,Success,OFF,0.0,150.0,FbR_M01569522,testing,Day_1,2026-04-30T171128Z,test_first,test_sessions_first,first_25
15,7482.064991999999,7501.721504,5.016512000000148,-1,15,Miss,OFF,,150.0,FbR_M01569522,testing,Day_1,2026-04-30T171128Z,test_first,test_sessions_first,first_25
16,7502.721504,7519.696,2.8919999999998254,15,15,Success,OFF,0.0,150.0,FbR_M01569522,testing,Day_1,2026-04-30T171128Z,test_first,test_sessions_first,first_25
17,7520.696,7535.48448,2.3304960000014034,15,15,Success,OFF,0.0,150.0,FbR_M01569522,testing,Day_1,2026-04-30T171128Z,test_first,test_sessions_first,first_25
18,7536.48448,7544.515999999999,2.1100159999987227,15,15,Success,OFF,0.0,150.0,FbR_M01569522,testing,Day_1,2026-04-30T171128Z,test_first,test_sessions_first,first_25
19,7545.515999999999,7559.461983999999,1.5569919999988997,16,15,Failure,OFF,20.0,150.0,FbR_M01569522,testing,Day_1,2026-04-30T171128Z,test_first,test_sessions_first,first_25
20,7560.461983999999,7584.952,3.1460160000015094,15,15,Success,OFF,0.0,150.0,FbR_M01569522,testing,Day_1,2026-04-30T171128Z,test_first,test_sessions_first,first_25
21,7585.952,7611.946976,1.7399999999997817,15,15,Success,OFF,0.0,150.0,FbR_M01569522,testing,Day_1,2026-04-30T171128Z,test_first,test_sessions_first,first_25
22,7612.946976,7625.070976,4.266975999999886,15,15,Success,OFF,0.0,150.0,FbR_M01569522,testing,Day_1,2026-04-30T171128Z,test_first,test_sessions_first,first_25
23,7626.070976,7652.945504,1.6375040000002627,15,15,Success,OFF,0.0,150.0,FbR_M01569522,testing,Day_1,2026-04-30T171128Z,test_first,test_sessions_first,first_25
24,7653.945504,7665.716,2.712000000000444,15,15,Success,OFF,0.0,150.0,FbR_M01569522,testing,Day_1,2026-04-30T171128Z,test_first,test_sessions_first,first_25
25,7666.716,7688.065984,3.11200000000008,15,15,Success,OFF,0.0,150.0,FbR_M01569522,testing,Day_1,2026-04-30T171128Z,test_first,test_sessions_first,first_25
26,7689.065984,7704.146496,1.9424960000014835,15,15,Success,OFF,0.0,150.0,FbR_M01569522,testing,Day_1,2026-04-30T171128Z,test_first,test_sessions_first,first_25
2,17096.465984,17119.31248,5.008480000000418,-1,5,Miss,OFF,,150.0,FbR_M01569522,testing,Day_4,2026-05-03T170820Z,test_first,test_sessions_first,first_25
3,17120.31248,17131.312992,3.8569920000009006,5,5,Success,OFF,0.0,150.0,FbR_M01569522,testing,Day_4,2026-05-03T170820Z,test_first,test_sessions_first,first_25
4,17132.312992,17147.866496,5.0135039999986475,-1,5,Miss,OFF,,150.0,FbR_M01569522,testing,Day_4,2026-05-03T170820Z,test_first,test_sessions_first,first_25
5,17148.866496,17164.329984,2.0739839999987453,5,5,Success,OFF,0.0,150.0,FbR_M01569522,testing,Day_4,2026-05-03T170820Z,test_first,test_sessions_first,first_25
6,17165.329984,17188.429984,3.0259839999998803,5,5,Success,OFF,0.0,150.0,FbR_M01569522,testing,Day_4,2026-05-03T170820Z,test_first,test_sessions_first,first_25
7,17189.429984,17204.081504,2.5285120000007737,5,5,Success,OFF,0.0,150.0,FbR_M01569522,testing,Day_4,2026-05-03T170820Z,test_first,test_sessions_first,first_25
8,17205.081504,17222.732,3.2790080000013404,5,5,Success,OFF,0.0,150.0,FbR_M01569522,testing,Day_4,2026-05-03T170820Z,test_first,test_sessions_first,first_25
9,17223.732,17263.550976,3.5469759999978123,5,5,Success,OFF,0.0,150.0,FbR_M01569522,testing,Day_4,2026-05-03T170820Z,test_first,test_sessions_first,first_25
10,17264.550976,17287.161504,5.007519999999204,-1,5,Miss,OFF,,150.0,FbR_M01569522,testing,Day_4,2026-05-03T170820Z,test_first,test_sessions_first,first_25
11,17288.161504,17300.977504,2.422527999999147,5,5,Success,OFF,0.0,150.0,FbR_M01569522,testing,Day_4,2026-05-03T170820Z,test_first,test_sessions_first,first_25
12,17301.977504,17314.032,1.9300159999984317,5,5,Success,OFF,0.0,150.0,FbR_M01569522,testing,Day_4,2026-05-03T170820Z,test_first,test_sessions_first,first_25
13,17315.032,17340.554976,1.9029760000012175,5,5,Success,OFF,0.0,150.0,FbR_M01569522,testing,Day_4,2026-05-03T170820Z,test_first,test_sessions_first,first_25
14,17341.554976,17359.54048,2.6855040000009467,5,5,Success,OFF,0.0,150.0,FbR_M01569522,testing,Day_4,2026-05-03T170820Z,test_first,test_sessions_first,first_25
15,17360.54048,17370.976,1.6719999999986612,5,5,Success,OFF,0.0,150.0,FbR_M01569522,testing,Day_4,2026-05-03T170820Z,test_first,test_sessions_first,first_25
16,17371.976,17381.578976,1.3249920000016573,5,5,Success,OFF,0.0,150.0,FbR_M01569522,testing,Day_4,2026-05-03T170820Z,test_first,test_sessions_first,first_25
17,17382.578976,17409.01248,4.95948800000042,5,5,Success,OFF,0.0,150.0,FbR_M01569522,testing,Day_4,2026-05-03T170820Z,test_first,test_sessions_first,first_25
18,17410.01248,17431.12048,3.866496000002371,5,5,Success,OFF,0.0,150.0,FbR_M01569522,testing,Day_4,2026-05-03T170820Z,test_first,test_sessions_first,first_25
19,17432.12048,17449.196992,2.3940160000020114,5,5,Success,OFF,0.0,150.0,FbR_M01569522,testing,Day_4,2026-05-03T170820Z,test_first,test_sessions_first,first_25
20,17450.196992,17470.033984,2.332992000003287,5,5,Success,OFF,0.0,150.0,FbR_M01569522,testing,Day_4,2026-05-03T170820Z,test_first,test_sessions_first,first_25
21,17471.033984,17488.889984,2.688000000001921,5,5,Success,OFF,0.0,150.0,FbR_M01569522,testing,Day_4,2026-05-03T170820Z,test_first,test_sessions_first,first_25
22,17489.889984,17510.268992,5.016992000000755,-1,5,Miss,OFF,,150.0,FbR_M01569522,testing,Day_4,2026-05-03T170820Z,test_first,test_sessions_first,first_25
23,17511.268992,17531.257984,2.1059840000016266,5,5,Success,OFF,0.0,150.0,FbR_M01569522,testing,Day_4,2026-05-03T170820Z,test_first,test_sessions_first,first_25
24,17532.257984,17558.166496,3.713504000003013,5,5,Success,OFF,0.0,150.0,FbR_M01569522,testing,Day_4,2026-05-03T170820Z,test_first,test_sessions_first,first_25
25,17559.166496,17577.082976,2.3299839999999676,5,5,Success,OFF,0.0,150.0,FbR_M01569522,testing,Day_4,2026-05-03T170820Z,test_first,test_sessions_first,first_25
26,17578.082976,17614.626976,2.4219840000005206,5,5,Success,OFF,0.0,150.0,FbR_M01569522,testing,Day_4,2026-05-03T170820Z,test_first,test_sessions_first,first_25
2,26588.328,26606.480992,3.7060160000000906,16,16,Success,OFF,0.0,150.0,FLR_M01569521,testing,Day_1,2026-05-01T171522Z,test_first,test_sessions_first,first_25
3,26607.480992,26618.163488,2.3375039999991714,16,16,Success,OFF,0.0,150.0,FLR_M01569521,testing,Day_1,2026-05-01T171522Z,test_first,test_sessions_first,first_25
4,26619.163488,26629.76848,2.993503999998211,16,16,Success,OFF,0.0,150.0,FLR_M01569521,testing,Day_1,2026-05-01T171522Z,test_first,test_sessions_first,first_25
5,26630.76848,26640.96,3.835007999998197,16,16,Success,OFF,0.0,150.0,FLR_M01569521,testing,Day_1,2026-05-01T171522Z,test_first,test_sessions_first,first_25
6,26641.96,26661.040992,2.4150079999999434,16,16,Success,OFF,0.0,150.0,FLR_M01569521,testing,Day_1,2026-05-01T171522Z,test_first,test_sessions_first,first_25
7,26662.040992,26674.228992,3.9510080000000016,16,16,Success,OFF,0.0,150.0,FLR_M01569521,testing,Day_1,2026-05-01T171522Z,test_first,test_sessions_first,first_25
8,26675.228992,26691.524992,2.199007999999594,16,16,Success,OFF,0.0,150.0,FLR_M01569521,testing,Day_1,2026-05-01T171522Z,test_first,test_sessions_first,first_25
9,26692.524992,26711.282496,2.6575039999988803,16,16,Success,OFF,0.0,150.0,FLR_M01569521,testing,Day_1,2026-05-01T171522Z,test_first,test_sessions_first,first_25
10,26712.282496,26734.686976,2.110975999999937,16,16,Success,OFF,0.0,150.0,FLR_M01569521,testing,Day_1,2026-05-01T171522Z,test_first,test_sessions_first,first_25
11,26735.686976,26745.813984,2.9379840000001423,16,16,Success,OFF,0.0,150.0,FLR_M01569521,testing,Day_1,2026-05-01T171522Z,test_first,test_sessions_first,first_25
12,26746.813984,26856.038496,5.012512000001152,-1,16,Miss,OFF,,150.0,FLR_M01569521,testing,Day_1,2026-05-01T171522Z,test_first,test_sessions_first,first_25
13,26857.038496,26866.596,2.621024000000034,16,16,Success,OFF,0.0,150.0,FLR_M01569521,testing,Day_1,2026-05-01T171522Z,test_first,test_sessions_first,first_25
14,26867.596,26880.26,3.6330239999988407,16,16,Success,OFF,0.0,150.0,FLR_M01569521,testing,Day_1,2026-05-01T171522Z,test_first,test_sessions_first,first_25
15,26881.26,27015.643488,2.5695040000027802,16,16,Success,OFF,0.0,150.0,FLR_M01569521,testing,Day_1,2026-05-01T171522Z,test_first,test_sessions_first,first_25
16,27016.643488,27028.749984,2.8729919999968843,16,16,Success,OFF,0.0,150.0,FLR_M01569521,testing,Day_1,2026-05-01T171522Z,test_first,test_sessions_first,first_25
17,27029.749984,27388.88848,2.6135040000008303,16,16,Success,OFF,0.0,150.0,FLR_M01569521,testing,Day_1,2026-05-01T171522Z,test_first,test_sessions_first,first_25
18,27389.88848,27415.276,3.351008000001457,16,16,Success,OFF,0.0,150.0,FLR_M01569521,testing,Day_1,2026-05-01T171522Z,test_first,test_sessions_first,first_25
19,27416.276,27605.684992,2.3110079999969457,16,16,Success,OFF,0.0,150.0,FLR_M01569521,testing,Day_1,2026-05-01T171522Z,test_first,test_sessions_first,first_25
20,27606.684992,27628.929984,3.2559999999975844,16,16,Success,OFF,0.0,150.0,FLR_M01569521,testing,Day_1,2026-05-01T171522Z,test_first,test_sessions_first,first_25
21,27629.929984,27644.084,2.659007999998721,16,16,Success,OFF,0.0,150.0,FLR_M01569521,testing,Day_1,2026-05-01T171522Z,test_first,test_sessions_first,first_25
22,27645.084,27657.054496,4.129504000000452,16,16,Success,OFF,0.0,150.0,FLR_M01569521,testing,Day_1,2026-05-01T171522Z,test_first,test_sessions_first,first_25
23,27658.054496,27671.885504,2.761504000001878,16,16,Success,OFF,0.0,150.0,FLR_M01569521,testing,Day_1,2026-05-01T171522Z,test_first,test_sessions_first,first_25
24,27672.885504,27685.102976,4.026975999997376,16,16,Success,OFF,0.0,150.0,FLR_M01569521,testing,Day_1,2026-05-01T171522Z,test_first,test_sessions_first,first_25
25,27686.102976,27733.566496,3.591519999998127,16,16,Success,OFF,0.0,150.0,FLR_M01569521,testing,Day_1,2026-05-01T171522Z,test_first,test_sessions_first,first_25
26,27734.566496,27750.27248,3.146496000001207,16,16,Success,OFF,0.0,150.0,FLR_M01569521,testing,Day_1,2026-05-01T171522Z,test_first,test_sessions_first,first_25
2,4103.828,4115.576992,5.014016000000083,-1,3,Miss,OFF,,150.0,FLR_M01569521,testing,Day_4,2026-05-04T163513Z,test_first,test_sessions_first,first_25
3,4116.576992,4131.277504,5.013503999999557,-1,3,Miss,OFF,,150.0,FLR_M01569521,testing,Day_4,2026-05-04T163513Z,test_first,test_sessions_first,first_25
4,4132.277504,4162.073504,5.010527999999795,-1,3,Miss,OFF,,150.0,FLR_M01569521,testing,Day_4,2026-05-04T163513Z,test_first,test_sessions_first,first_25
5,4163.073504,4178.477504,5.0155200000008335,-1,3,Miss,OFF,,150.0,FLR_M01569521,testing,Day_4,2026-05-04T163513Z,test_first,test_sessions_first,first_25
6,4179.477504,4245.476,4.013023999999859,3,3,Success,OFF,0.0,150.0,FLR_M01569521,testing,Day_4,2026-05-04T163513Z,test_first,test_sessions_first,first_25
7,4246.476,4259.942976,2.3309760000001916,3,3,Success,OFF,0.0,150.0,FLR_M01569521,testing,Day_4,2026-05-04T163513Z,test_first,test_sessions_first,first_25
8,4260.942976,4285.096992,3.2340159999994285,3,3,Success,OFF,0.0,150.0,FLR_M01569521,testing,Day_4,2026-05-04T163513Z,test_first,test_sessions_first,first_25
9,4286.096992,4300.404992,3.4910079999999653,3,3,Success,OFF,0.0,150.0,FLR_M01569521,testing,Day_4,2026-05-04T163513Z,test_first,test_sessions_first,first_25
10,4301.404992,4316.128,5.015999999999622,-1,3,Miss,OFF,,150.0,FLR_M01569521,testing,Day_4,2026-05-04T163513Z,test_first,test_sessions_first,first_25
11,4317.128,4328.882976,1.9209920000002967,3,3,Success,OFF,0.0,150.0,FLR_M01569521,testing,Day_4,2026-05-04T163513Z,test_first,test_sessions_first,first_25
12,4329.882976,4342.014496,2.449504000000161,3,3,Success,OFF,0.0,150.0,FLR_M01569521,testing,Day_4,2026-05-04T163513Z,test_first,test_sessions_first,first_25
13,4343.014496,4357.577504,5.0145279999997,-1,3,Miss,OFF,,150.0,FLR_M01569521,testing,Day_4,2026-05-04T163513Z,test_first,test_sessions_first,first_25
14,4358.577504,4374.225984,5.011999999999716,-1,3,Miss,OFF,,150.0,FLR_M01569521,testing,Day_4,2026-05-04T163513Z,test_first,test_sessions_first,first_25
15,4375.225984,4396.702976,3.190975999999864,3,3,Success,OFF,0.0,150.0,FLR_M01569521,testing,Day_4,2026-05-04T163513Z,test_first,test_sessions_first,first_25
16,4397.702976,4415.68,5.017024000000674,-1,3,Miss,OFF,,150.0,FLR_M01569521,testing,Day_4,2026-05-04T163513Z,test_first,test_sessions_first,first_25
17,4416.68,4424.620992,1.7070080000003145,3,3,Success,OFF,0.0,150.0,FLR_M01569521,testing,Day_4,2026-05-04T163513Z,test_first,test_sessions_first,first_25
18,4425.620992,4436.107488,2.2424959999998464,3,3,Success,OFF,0.0,150.0,FLR_M01569521,testing,Day_4,2026-05-04T163513Z,test_first,test_sessions_first,first_25
19,4437.107488,4518.641984,4.1769919999997,3,3,Success,OFF,0.0,150.0,FLR_M01569521,testing,Day_4,2026-05-04T163513Z,test_first,test_sessions_first,first_25
20,4519.641984,4532.980992,3.8689919999997073,3,3,Success,OFF,0.0,150.0,FLR_M01569521,testing,Day_4,2026-05-04T163513Z,test_first,test_sessions_first,first_25
21,4533.980992,4545.908992,2.244991999999911,3,3,Success,OFF,0.0,150.0,FLR_M01569521,testing,Day_4,2026-05-04T163513Z,test_first,test_sessions_first,first_25
22,4546.908992,4556.748,3.885023999999248,3,3,Success,OFF,0.0,150.0,FLR_M01569521,testing,Day_4,2026-05-04T163513Z,test_first,test_sessions_first,first_25
23,4557.748,4581.072992,2.859008000000358,3,3,Success,OFF,0.0,150.0,FLR_M01569521,testing,Day_4,2026-05-04T163513Z,test_first,test_sessions_first,first_25
24,4582.072992,4600.528992,3.118015999999443,3,3,Success,OFF,0.0,150.0,FLR_M01569521,testing,Day_4,2026-05-04T163513Z,test_first,test_sessions_first,first_25
25,4601.528992,4614.654976,3.0929919999998674,3,3,Success,OFF,0.0,150.0,FLR_M01569521,testing,Day_4,2026-05-04T163513Z,test_first,test_sessions_first,first_25
26,4615.654976,4626.206976,3.3419840000005934,3,3,Success,OFF,0.0,150.0,FLR_M01569521,testing,Day_4,2026-05-04T163513Z,test_first,test_sessions_first,first_25
